118.356,118.133,117.910,117.687,117.463,117.240,117.016,116.792,116.568,116.344,116.120,115.895,115.671,115.446,115.221,114.996,114.771,114.545,114.320,114.094,113.868,113.642,113.416,113.189,112.963,112.736,112.509,112.282,112.055,111.827,111.600,111.372,111.144,110.916,110.688,110.460,110.231,110.002,109.774,109.545,109.315,109.086,108.856,108.627,108.397,108.167,107.936,107.706,107.475,107.245,107.014,106.783,106.551,106.320,106.088,105.857,105.625,105.393,105.160,104.928,104.695,104.462,104.229,103.996,103.763,103.529,103.295,103.061,102.827,102.593,102.359,102.124,101.889,101.654,101.419,101.184,100.948,100.712,100.477,100.240,100.004,99.768,99.531,99.294,99.057,98.820,98.583,98.345,98.107,97.869,97.631,97.393,97.155,96.916,96.677,96.438,96.199,95.959,95.719,95.480,95.240,94.999,94.759,94.518,94.277,94.036,93.795,93.554,93.312,93.070,92.828,92.586,92.344,92.101,91.859,91.616,91.372,91.129,90.885,90.642,90.398,90.153,89.909,89.664,89.420,89.175,88.929,88.684,88.438,88.192,87.946,87.700,87.454,87.207,86.960,86.713,86.466,86.218,85.970,85.723,85.474,85.226,84.977,84.729,84.480,84.230,83.981,83.731,83.481,83.231,82.981,82.731,82.480,82.229,81.978,81.726,81.475,81.223,80.971,80.718,80.466,80.213,79.960,79.707,79.454,79.200,78.946,78.692,78.438,78.183,77.928,77.673,77.418,77.163,76.907,76.651,76.395,76.138,75.882,75.625,75.368,75.110,74.853,74.595,74.337,74.078,73.820,73.561,73.302,73.043,72.783,72.523,72.263,72.003,71.743,71.482,71.221,70.960,70.698,70.437,70.175,69.912,69.650,69.387,69.124,68.861,68.597,68.334,68.070,67.805,67.541,67.276,67.011,66.746,66.480,66.215,65.948,65.682,65.416,65.149,64.882,64.614,64.347,64.079,63.810,63.542,63.273,63.004,62.735,62.466,62.196,61.926,61.655,61.385,61.114,60.843,60.571,60.300,60.028,60.000,60.000,60.000,60.000,60.000,60.000,60.000,60.000,60.000,60.000,60.000,60.000,60.000,60.000,60.000,60.000,60.000,60.000,60.000,60.000,60.000,60.000,60.000,60.000,60.000,60.000,60.000,60.000,60.000,60.000,60.000,60.000,60.000,60.000,60.000,60.000,60.000,60.000,60.000,60.000,60.000,60.000,60.000,60.000,60.000,60.000,60.000,60.000,60.000,60.000,60.000,60.000,60.000,60.000,60.000,60.000,60.000,60.000,60.000,60.000,60.000,60.000,60.000,60.000,60.000,60.000,60.000,60.000,60.000,60.000,60.000,60.000,60.000,60.000,60.000,60.000,60.000,60.000,60.000,60.000,60.000,60.000,60.000,60.000,60.000,60.000,60.000,60.000,60.000,60.000,60.000,60.000,60.000,60.000,60.000,60.000,60.000,60.000,60.000,60.000,60.000,60.000,60.000,60.000,60.000,60.000,60.000,60.000,60.000,60.000,60.000,60.000,60.000,60.000,60.000,60.000,60.000,60.000,60.000,60.000,60.000,60.000,60.000,60.000,60.000,60.000,60.000,60.000,60.000,60.000,60.000,60.000,60.000,60.000,60.000,60.000,60.000,60.000,60.000,60.000,60.000,60.000,60.000,60.000,60.000,60.000,60.000,60.000,60.000,60.000,60.000,60.000,60.000,60.000,60.000,60.000,60.000,60.000,60.000,60.000,60.000,60.000,60.000,60.000,60.000,60.000,60.000,60.000,60.000,60.000,60.000,60.000,60.000,60.000,60.000,60.000,60.000,60.000,60.000,60.000,60.000,60.000,60.000,60.000,60.000,60.000,60.000,60.000,60.000,60.000,60.000,60.000,60.000,60.000,60.000,60.000,60.000,60.000,60.000,60.000,60.000,60.000,60.000,60.000,60.000,60.000,60.000,60.000,60.000,60.000,60.000,60.000,60.000,60.000,60.000,60.000,60.000,60.000,60.000,60.000,60.000,60.000,60.000,60.000,60.000,60.000,60.000,60.000,60.000,60.000,60.000,60.000,60.000,60.000,60.000,60.000,60.000,60.000,60.000,60.000,60.000,60.000,60.000,60.000,60.000,60.000,60.000,60.000,60.000,60.000,60.000
118.356,118.133,117.910,117.687,117.464,117.240,117.017,116.793,116.569,116.345,116.120,115.896,115.671,115.446,115.221,114.996,114.771,114.546,114.320,114.094,113.868,113.642,113.416,113.190,112.963,112.736,112.509,112.282,112.055,111.828,111.600,111.373,111.145,110.917,110.688,110.460,110.232,110.003,109.774,109.545,109.316,109.086,108.857,108.627,108.397,108.167,107.937,107.706,107.476,107.245,107.014,106.783,106.552,106.320,106.089,105.857,105.625,105.393,105.161,104.928,104.695,104.463,104.230,103.996,103.763,103.529,103.296,103.062,102.828,102.593,102.359,102.124,101.890,101.655,101.419,101.184,100.949,100.713,100.477,100.241,100.005,99.768,99.531,99.295,99.058,98.820,98.583,98.345,98.108,97.870,97.632,97.393,97.155,96.916,96.677,96.438,96.199,95.959,95.720,95.480,95.240,95.000,94.759,94.519,94.278,94.037,93.796,93.554,93.313,93.071,92.829,92.587,92.344,92.102,91.859,91.616,91.373,91.129,90.886,90.642,90.398,90.154,89.909,89.665,89.420,89.175,88.930,88.684,88.439,88.193,87.947,87.700,87.454,87.207,86.960,86.713,86.466,86.219,85.971,85.723,85.475,85.226,84.978,84.729,84.480,84.231,83.981,83.732,83.482,83.232,82.981,82.731,82.480,82.229,81.978,81.727,81.475,81.223,80.971,80.719,80.466,80.213,79.961,79.707,79.454,79.200,78.946,78.692,78.438,78.183,77.929,77.674,77.418,77.163,76.907,76.651,76.395,76.139,75.882,75.625,75.368,75.111,74.853,74.595,74.337,74.079,73.820,73.561,73.302,73.043,72.784,72.524,72.264,72.004,71.743,71.482,71.221,70.960,70.699,70.437,70.175,69.913,69.650,69.388,69.125,68.861,68.598,68.334,68.070,67.806,67.541,67.277,67.012,66.746,66.481,66.215,65.949,65.683,65.416,65.149,64.882,64.615,64.347,64.079,63.811,63.543,63.274,63.005,62.736,62.466,62.196,61.926,61.656,61.385,61.114,60.843,60.572,60.300,60.028,60.000,60.000,60.000,60.000,60.000,60.000,60.000,60.000,60.000,60.000,60.000,60.000,60.000,60.000,60.000,60.000,60.000,60.000,60.000,60.000,60.000,60.000,60.000,60.000,60.000,60.000,60.000,60.000,60.000,60.000,60.000,60.000,60.000,60.000,60.000,60.000,60.000,60.000,60.000,60.000,60.000,60.000,60.000,60.000,60.000,60.000,60.000,60.000,60.000,60.000,60.000,60.000,60.000,60.000,60.000,60.000,60.000,60.000,60.000,60.000,60.000,60.000,60.000,60.000,60.000,60.000,60.000,60.000,60.000,60.000,60.000,60.000,60.000,60.000,60.000,60.000,60.000,60.000,60.000,60.000,60.000,60.000,60.000,60.000,60.000,60.000,60.000,60.000,60.000,60.000,60.000,60.000,60.000,60.000,60.000,60.000,60.000,60.000,60.000,60.000,60.000,60.000,60.000,60.000,60.000,60.000,60.000,60.000,60.000,60.000,60.000,60.000,60.000,60.000,60.000,60.000,60.000,60.000,60.000,60.000,60.000,60.000,60.000,60.000,60.000,60.000,60.000,60.000,60.000,60.000,60.000,60.000,60.000,60.000,60.000,60.000,60.000,60.000,60.000,60.000,60.000,60.000,60.000,60.000,60.000,60.000,60.000,60.000,60.000,60.000,60.000,60.000,60.000,60.000,60.000,60.000,60.000,60.000,60.000,60.000,60.000,60.000,60.000,60.000,60.000,60.000,60.000,60.000,60.000,60.000,60.000,60.000,60.000,60.000,60.000,60.000,60.000,60.000,60.000,60.000,60.000,60.000,60.000,60.000,60.000,60.000,60.000,60.000,60.000,60.000,60.000,60.000,60.000,60.000,60.000,60.000,60.000,60.000,60.000,60.000,60.000,60.000,60.000,60.000,60.000,60.000,60.000,60.000,60.000,60.000,60.000,60.000,60.000,60.000,60.000,60.000,60.000,60.000,60.000,60.000,60.000,60.000,60.000,60.000,60.000,60.000,60.000,60.000,60.000,60.000,60.000,60.000,60.000,60.000,60.000,60.000,60.000,60.000,60.000,60.000,60.000,60.000,60.000,60.000,60.000,60.000,60.000,60.000,60.000,60.000,60.000
118.357,118.134,117.911,117.688,117.464,117.241,117.017,116.793,116.569,116.345,116.121,115.896,115.672,115.447,115.222,114.997,114.771,114.546,114.320,114.095,113.869,113.643,113.416,113.190,112.963,112.737,112.510,112.283,112.056,111.828,111.601,111.373,111.145,110.917,110.689,110.460,110.232,110.003,109.774,109.545,109.316,109.087,108.857,108.627,108.397,108.167,107.937,107.707,107.476,107.245,107.015,106.783,106.552,106.321,106.089,105.857,105.625,105.393,105.161,104.928,104.696,104.463,104.230,103.997,103.763,103.530,103.296,103.062,102.828,102.594,102.359,102.125,101.890,101.655,101.420,101.184,100.949,100.713,100.477,100.241,100.005,99.768,99.532,99.295,99.058,98.821,98.583,98.346,98.108,97.870,97.632,97.394,97.155,96.916,96.678,96.438,96.199,95.960,95.720,95.480,95.240,95.000,94.760,94.519,94.278,94.037,93.796,93.554,93.313,93.071,92.829,92.587,92.345,92.102,91.859,91.616,91.373,91.130,90.886,90.642,90.398,90.154,89.910,89.665,89.420,89.175,88.930,88.685,88.439,88.193,87.947,87.701,87.454,87.208,86.961,86.714,86.466,86.219,85.971,85.723,85.475,85.227,84.978,84.729,84.480,84.231,83.982,83.732,83.482,83.232,82.982,82.731,82.480,82.229,81.978,81.727,81.475,81.223,80.971,80.719,80.467,80.214,79.961,79.708,79.454,79.201,78.947,78.693,78.438,78.184,77.929,77.674,77.419,77.163,76.908,76.652,76.395,76.139,75.882,75.625,75.368,75.111,74.853,74.596,74.337,74.079,73.821,73.562,73.303,73.044,72.784,72.524,72.264,72.004,71.744,71.483,71.222,70.961,70.699,70.437,70.175,69.913,69.651,69.388,69.125,68.862,68.598,68.335,68.071,67.806,67.542,67.277,67.012,66.747,66.481,66.215,65.949,65.683,65.416,65.150,64.883,64.615,64.348,64.080,63.811,63.543,63.274,63.005,62.736,62.467,62.197,61.927,61.656,61.386,61.115,60.844,60.572,60.301,60.029,60.000,60.000,60.000,60.000,60.000,60.000,60.000,60.000,60.000,60.000,60.000,60.000,60.000,60.000,60.000,60.000,60.000,60.000,60.000,60.000,60.000,60.000,60.000,60.000,60.000,60.000,60.000,60.000,60.000,60.000,60.000,60.000,60.000,60.000,60.000,60.000,60.000,60.000,60.000,60.000,60.000,60.000,60.000,60.000,60.000,60.000,60.000,60.000,60.000,60.000,60.000,60.000,60.000,60.000,60.000,60.000,60.000,60.000,60.000,60.000,60.000,60.000,60.000,60.000,60.000,60.000,60.000,60.000,60.000,60.000,60.000,60.000,60.000,60.000,60.000,60.000,60.000,60.000,60.000,60.000,60.000,60.000,60.000,60.000,60.000,60.000,60.000,60.000,60.000,60.000,60.000,60.000,60.000,60.000,60.000,60.000,60.000,60.000,60.000,60.000,60.000,60.000,60.000,60.000,60.000,60.000,60.000,60.000,60.000,60.000,60.000,60.000,60.000,60.000,60.000,60.000,60.000,60.000,60.000,60.000,60.000,60.000,60.000,60.000,60.000,60.000,60.000,60.000,60.000,60.000,60.000,60.000,60.000,60.000,60.000,60.000,60.000,60.000,60.000,60.000,60.000,60.000,60.000,60.000,60.000,60.000,60.000,60.000,60.000,60.000,60.000,60.000,60.000,60.000,60.000,60.000,60.000,60.000,60.000,60.000,60.000,60.000,60.000,60.000,60.000,60.000,60.000,60.000,60.000,60.000,60.000,60.000,60.000,60.000,60.000,60.000,60.000,60.000,60.000,60.000,60.000,60.000,60.000,60.000,60.000,60.000,60.000,60.000,60.000,60.000,60.000,60.000,60.000,60.000,60.000,60.000,60.000,60.000,60.000,60.000,60.000,60.000,60.000,60.000,60.000,60.000,60.000,60.000,60.000,60.000,60.000,60.000,60.000,60.000,60.000,60.000,60.000,60.000,60.000,60.000,60.000,60.000,60.000,60.000,60.000,60.000,60.000,60.000,60.000,60.000,60.000,60.000,60.000,60.000,60.000,60.000,60.000,60.000,60.000,60.000,60.000,60.000,60.000,60.000,60.000,60.000,60.000,60.000,60.000,60.000,60.000
118.357,118.134,117.911,117.688,117.465,117.241,117.017,116.794,116.570,116.345,116.121,115.897,115.672,115.447,115.222,114.997,114.772,114.546,114.321,114.095,113.869,113.643,113.417,113.190,112.964,112.737,112.510,112.283,112.056,111.829,111.601,111.373,111.145,110.917,110.689,110.461,110.232,110.004,109.775,109.546,109.316,109.087,108.857,108.628,108.398,108.168,107.938,107.707,107.477,107.246,107.015,106.784,106.552,106.321,106.089,105.858,105.626,105.394,105.161,104.929,104.696,104.463,104.230,103.997,103.764,103.530,103.296,103.062,102.828,102.594,102.360,102.125,101.890,101.655,101.420,101.185,100.949,100.713,100.478,100.241,100.005,99.769,99.532,99.295,99.058,98.821,98.584,98.346,98.108,97.870,97.632,97.394,97.155,96.917,96.678,96.439,96.200,95.960,95.720,95.481,95.241,95.000,94.760,94.519,94.278,94.037,93.796,93.555,93.313,93.071,92.829,92.587,92.345,92.102,91.859,91.616,91.373,91.130,90.886,90.642,90.398,90.154,89.910,89.665,89.420,89.175,88.930,88.685,88.439,88.193,87.947,87.701,87.455,87.208,86.961,86.714,86.467,86.219,85.971,85.723,85.475,85.227,84.978,84.730,84.481,84.231,83.982,83.732,83.482,83.232,82.982,82.732,82.481,82.230,81.979,81.727,81.476,81.224,80.972,80.719,80.467,80.214,79.961,79.708,79.455,79.201,78.947,78.693,78.439,78.184,77.929,77.674,77.419,77.164,76.908,76.652,76.396,76.139,75.883,75.626,75.369,75.111,74.854,74.596,74.338,74.080,73.821,73.562,73.303,73.044,72.784,72.525,72.265,72.004,71.744,71.483,71.222,70.961,70.700,70.438,70.176,69.914,69.651,69.388,69.125,68.862,68.599,68.335,68.071,67.807,67.542,67.277,67.012,66.747,66.482,66.216,65.950,65.684,65.417,65.150,64.883,64.616,64.348,64.080,63.812,63.543,63.275,63.006,62.737,62.467,62.197,61.927,61.657,61.386,61.115,60.844,60.573,60.301,60.029,60.000,60.000,60.000,60.000,60.000,60.000,60.000,60.000,60.000,60.000,60.000,60.000,60.000,60.000,60.000,60.000,60.000,60.000,60.000,60.000,60.000,60.000,60.000,60.000,60.000,60.000,60.000,60.000,60.000,60.000,60.000,60.000,60.000,60.000,60.000,60.000,60.000,60.000,60.000,60.000,60.000,60.000,60.000,60.000,60.000,60.000,60.000,60.000,60.000,60.000,60.000,60.000,60.000,60.000,60.000,60.000,60.000,60.000,60.000,60.000,60.000,60.000,60.000,60.000,60.000,60.000,60.000,60.000,60.000,60.000,60.000,60.000,60.000,60.000,60.000,60.000,60.000,60.000,60.000,60.000,60.000,60.000,60.000,60.000,60.000,60.000,60.000,60.000,60.000,60.000,60.000,60.000,60.000,60.000,60.000,60.000,60.000,60.000,60.000,60.000,60.000,60.000,60.000,60.000,60.000,60.000,60.000,60.000,60.000,60.000,60.000,60.000,60.000,60.000,60.000,60.000,60.000,60.000,60.000,60.000,60.000,60.000,60.000,60.000,60.000,60.000,60.000,60.000,60.000,60.000,60.000,60.000,60.000,60.000,60.000,60.000,60.000,60.000,60.000,60.000,60.000,60.000,60.000,60.000,60.000,60.000,60.000,60.000,60.000,60.000,60.000,60.000,60.000,60.000,60.000,60.000,60.000,60.000,60.000,60.000,60.000,60.000,60.000,60.000,60.000,60.000,60.000,60.000,60.000,60.000,60.000,60.000,60.000,60.000,60.000,60.000,60.000,60.000,60.000,60.000,60.000,60.000,60.000,60.000,60.000,60.000,60.000,60.000,60.000,60.000,60.000,60.000,60.000,60.000,60.000,60.000,60.000,60.000,60.000,60.000,60.000,60.000,60.000,60.000,60.000,60.000,60.000,60.000,60.000,60.000,60.000,60.000,60.000,60.000,60.000,60.000,60.000,60.000,60.000,60.000,60.000,60.000,60.000,60.000,60.000,60.000,60.000,60.000,60.000,60.000,60.000,60.000,60.000,60.000,60.000,60.000,60.000,60.000,60.000,60.000,60.000,60.000,60.000,60.000,60.000,60.000,60.000,60.000,60.000,60.000,60.000
118.358,118.135,117.912,117.688,117.465,117.241,117.018,116.794,116.570,116.346,116.121,115.897,115.672,115.448,115.223,114.997,114.772,114.547,114.321,114.095,113.870,113.643,113.417,113.191,112.964,112.738,112.511,112.284,112.056,111.829,111.601,111.374,111.146,110.918,110.690,110.461,110.233,110.004,109.775,109.546,109.317,109.087,108.858,108.628,108.398,108.168,107.938,107.707,107.477,107.246,107.015,106.784,106.553,106.321,106.090,105.858,105.626,105.394,105.162,104.929,104.696,104.464,104.231,103.997,103.764,103.530,103.297,103.063,102.829,102.594,102.360,102.125,101.891,101.656,101.420,101.185,100.949,100.714,100.478,100.242,100.006,99.769,99.532,99.296,99.059,98.821,98.584,98.346,98.109,97.871,97.633,97.394,97.156,96.917,96.678,96.439,96.200,95.960,95.721,95.481,95.241,95.001,94.760,94.520,94.279,94.038,93.797,93.555,93.314,93.072,92.830,92.588,92.345,92.103,91.860,91.617,91.374,91.130,90.887,90.643,90.399,90.155,89.910,89.666,89.421,89.176,88.931,88.685,88.440,88.194,87.948,87.701,87.455,87.208,86.961,86.714,86.467,86.219,85.972,85.724,85.476,85.227,84.979,84.730,84.481,84.232,83.982,83.733,83.483,83.233,82.982,82.732,82.481,82.230,81.979,81.728,81.476,81.224,80.972,80.720,80.467,80.214,79.962,79.708,79.455,79.201,78.947,78.693,78.439,78.184,77.930,77.675,77.419,77.164,76.908,76.652,76.396,76.140,75.883,75.626,75.369,75.112,74.854,74.596,74.338,74.080,73.821,73.563,73.304,73.044,72.785,72.525,72.265,72.005,71.744,71.484,71.223,70.961,70.700,70.438,70.176,69.914,69.652,69.389,69.126,68.863,68.599,68.335,68.071,67.807,67.543,67.278,67.013,66.748,66.482,66.216,65.950,65.684,65.417,65.151,64.883,64.616,64.348,64.081,63.812,63.544,63.275,63.006,62.737,62.468,62.198,61.928,61.657,61.387,61.116,60.845,60.573,60.302,60.030,60.000,60.000,60.000,60.000,60.000,60.000,60.000,60.000,60.000,60.000,60.000,60.000,60.000,60.000,60.000,60.000,60.000,60.000,60.000,60.000,60.000,60.000,60.000,60.000,60.000,60.000,60.000,60.000,60.000,60.000,60.000,60.000,60.000,60.000,60.000,60.000,60.000,60.000,60.000,60.000,60.000,60.000,60.000,60.000,60.000,60.000,60.000,60.000,60.000,60.000,60.000,60.000,60.000,60.000,60.000,60.000,60.000,60.000,60.000,60.000,60.000,60.000,60.000,60.000,60.000,60.000,60.000,60.000,60.000,60.000,60.000,60.000,60.000,60.000,60.000,60.000,60.000,60.000,60.000,60.000,60.000,60.000,60.000,60.000,60.000,60.000,60.000,60.000,60.000,60.000,60.000,60.000,60.000,60.000,60.000,60.000,60.000,60.000,60.000,60.000,60.000,60.000,60.000,60.000,60.000,60.000,60.000,60.000,60.000,60.000,60.000,60.000,60.000,60.000,60.000,60.000,60.000,60.000,60.000,60.000,60.000,60.000,60.000,60.000,60.000,60.000,60.000,60.000,60.000,60.000,60.000,60.000,60.000,60.000,60.000,60.000,60.000,60.000,60.000,60.000,60.000,60.000,60.000,60.000,60.000,60.000,60.000,60.000,60.000,60.000,60.000,60.000,60.000,60.000,60.000,60.000,60.000,60.000,60.000,60.000,60.000,60.000,60.000,60.000,60.000,60.000,60.000,60.000,60.000,60.000,60.000,60.000,60.000,60.000,60.000,60.000,60.000,60.000,60.000,60.000,60.000,60.000,60.000,60.000,60.000,60.000,60.000,60.000,60.000,60.000,60.000,60.000,60.000,60.000,60.000,60.000,60.000,60.000,60.000,60.000,60.000,60.000,60.000,60.000,60.000,60.000,60.000,60.000,60.000,60.000,60.000,60.000,60.000,60.000,60.000,60.000,60.000,60.000,60.000,60.000,60.000,60.000,60.000,60.000,60.000,60.000,60.000,60.000,60.000,60.000,60.000,60.000,60.000,60.000,60.000,60.000,60.000,60.000,60.000,60.000,60.000,60.000,60.000,60.000,60.000,60.000,60.000,60.000,60.000,60.000,60.000
118.358,118.135,117.912,117.689,117.465,117.242,117.018,116.794,116.570,116.346,116.122,115.897,115.673,115.448,115.223,114.998,114.773,114.547,114.322,114.096,113.870,113.644,113.418,113.191,112.965,112.738,112.511,112.284,112.057,111.829,111.602,111.374,111.146,110.918,110.690,110.462,110.233,110.004,109.775,109.546,109.317,109.088,108.858,108.628,108.399,108.168,107.938,107.708,107.477,107.246,107.016,106.784,106.553,106.322,106.090,105.858,105.626,105.394,105.162,104.929,104.697,104.464,104.231,103.998,103.764,103.531,103.297,103.063,102.829,102.595,102.360,102.126,101.891,101.656,101.421,101.185,100.950,100.714,100.478,100.242,100.006,99.769,99.533,99.296,99.059,98.822,98.584,98.347,98.109,97.871,97.633,97.395,97.156,96.917,96.679,96.439,96.200,95.961,95.721,95.481,95.241,95.001,94.760,94.520,94.279,94.038,93.797,93.555,93.314,93.072,92.830,92.588,92.345,92.103,91.860,91.617,91.374,91.130,90.887,90.643,90.399,90.155,89.911,89.666,89.421,89.176,88.931,88.685,88.440,88.194,87.948,87.702,87.455,87.209,86.962,86.715,86.467,86.220,85.972,85.724,85.476,85.228,84.979,84.730,84.481,84.232,83.983,83.733,83.483,83.233,82.983,82.732,82.481,82.230,81.979,81.728,81.476,81.224,80.972,80.720,80.468,80.215,79.962,79.709,79.455,79.202,78.948,78.694,78.439,78.185,77.930,77.675,77.420,77.164,76.909,76.653,76.396,76.140,75.883,75.627,75.369,75.112,74.854,74.597,74.339,74.080,73.822,73.563,73.304,73.045,72.785,72.525,72.265,72.005,71.745,71.484,71.223,70.962,70.700,70.439,70.177,69.914,69.652,69.389,69.126,68.863,68.600,68.336,68.072,67.808,67.543,67.278,67.013,66.748,66.483,66.217,65.951,65.684,65.418,65.151,64.884,64.617,64.349,64.081,63.813,63.544,63.276,63.007,62.738,62.468,62.198,61.928,61.658,61.387,61.116,60.845,60.574,60.302,60.030,60.000,60.000,60.000,60.000,60.000,60.000,60.000,60.000,60.000,60.000,60.000,60.000,60.000,60.000,60.000,60.000,60.000,60.000,60.000,60.000,60.000,60.000,60.000,60.000,60.000,60.000,60.000,60.000,60.000,60.000,60.000,60.000,60.000,60.000,60.000,60.000,60.000,60.000,60.000,60.000,60.000,60.000,60.000,60.000,60.000,60.000,60.000,60.000,60.000,60.000,60.000,60.000,60.000,60.000,60.000,60.000,60.000,60.000,60.000,60.000,60.000,60.000,60.000,60.000,60.000,60.000,60.000,60.000,60.000,60.000,60.000,60.000,60.000,60.000,60.000,60.000,60.000,60.000,60.000,60.000,60.000,60.000,60.000,60.000,60.000,60.000,60.000,60.000,60.000,60.000,60.000,60.000,60.000,60.000,60.000,60.000,60.000,60.000,60.000,60.000,60.000,60.000,60.000,60.000,60.000,60.000,60.000,60.000,60.000,60.000,60.000,60.000,60.000,60.000,60.000,60.000,60.000,60.000,60.000,60.000,60.000,60.000,60.000,60.000,60.000,60.000,60.000,60.000,60.000,60.000,60.000,60.000,60.000,60.000,60.000,60.000,60.000,60.000,60.000,60.000,60.000,60.000,60.000,60.000,60.000,60.000,60.000,60.000,60.000,60.000,60.000,60.000,60.000,60.000,60.000,60.000,60.000,60.000,60.000,60.000,60.000,60.000,60.000,60.000,60.000,60.000,60.000,60.000,60.000,60.000,60.000,60.000,60.000,60.000,60.000,60.000,60.000,60.000,60.000,60.000,60.000,60.000,60.000,60.000,60.000,60.000,60.000,60.000,60.000,60.000,60.000,60.000,60.000,60.000,60.000,60.000,60.000,60.000,60.000,60.000,60.000,60.000,60.000,60.000,60.000,60.000,60.000,60.000,60.000,60.000,60.000,60.000,60.000,60.000,60.000,60.000,60.000,60.000,60.000,60.000,60.000,60.000,60.000,60.000,60.000,60.000,60.000,60.000,60.000,60.000,60.000,60.000,60.000,60.000,60.000,60.000,60.000,60.000,60.000,60.000,60.000,60.000,60.000,60.000,60.000,60.000,60.000,60.000,60.000,60.000,60.000
118.358,118.135,117.912,117.689,117.466,117.242,117.019,116.795,116.571,116.347,116.122,115.898,115.673,115.448,115.223,114.998,114.773,114.548,114.322,114.096,113.870,113.644,113.418,113.192,112.965,112.738,112.511,112.284,112.057,111.830,111.602,111.374,111.147,110.918,110.690,110.462,110.233,110.005,109.776,109.547,109.317,109.088,108.859,108.629,108.399,108.169,107.939,107.708,107.478,107.247,107.016,106.785,106.554,106.322,106.090,105.859,105.627,105.395,105.162,104.930,104.697,104.464,104.231,103.998,103.765,103.531,103.297,103.063,102.829,102.595,102.361,102.126,101.891,101.656,101.421,101.186,100.950,100.714,100.479,100.242,100.006,99.770,99.533,99.296,99.059,98.822,98.585,98.347,98.109,97.871,97.633,97.395,97.156,96.918,96.679,96.440,96.200,95.961,95.721,95.481,95.241,95.001,94.761,94.520,94.279,94.038,93.797,93.556,93.314,93.072,92.830,92.588,92.346,92.103,91.860,91.617,91.374,91.131,90.887,90.643,90.399,90.155,89.911,89.666,89.421,89.176,88.931,88.686,88.440,88.194,87.948,87.702,87.456,87.209,86.962,86.715,86.468,86.220,85.972,85.724,85.476,85.228,84.979,84.731,84.482,84.232,83.983,83.733,83.483,83.233,82.983,82.733,82.482,82.231,81.980,81.728,81.477,81.225,80.973,80.720,80.468,80.215,79.962,79.709,79.456,79.202,78.948,78.694,78.440,78.185,77.930,77.675,77.420,77.165,76.909,76.653,76.397,76.140,75.884,75.627,75.370,75.112,74.855,74.597,74.339,74.081,73.822,73.563,73.304,73.045,72.786,72.526,72.266,72.006,71.745,71.484,71.223,70.962,70.701,70.439,70.177,69.915,69.652,69.390,69.127,68.863,68.600,68.336,68.072,67.808,67.544,67.279,67.014,66.749,66.483,66.217,65.951,65.685,65.418,65.151,64.884,64.617,64.349,64.082,63.813,63.545,63.276,63.007,62.738,62.469,62.199,61.929,61.658,61.388,61.117,60.846,60.574,60.303,60.031,60.000,60.000,60.000,60.000,60.000,60.000,60.000,60.000,60.000,60.000,60.000,60.000,60.000,60.000,60.000,60.000,60.000,60.000,60.000,60.000,60.000,60.000,60.000,60.000,60.000,60.000,60.000,60.000,60.000,60.000,60.000,60.000,60.000,60.000,60.000,60.000,60.000,60.000,60.000,60.000,60.000,60.000,60.000,60.000,60.000,60.000,60.000,60.000,60.000,60.000,60.000,60.000,60.000,60.000,60.000,60.000,60.000,60.000,60.000,60.000,60.000,60.000,60.000,60.000,60.000,60.000,60.000,60.000,60.000,60.000,60.000,60.000,60.000,60.000,60.000,60.000,60.000,60.000,60.000,60.000,60.000,60.000,60.000,60.000,60.000,60.000,60.000,60.000,60.000,60.000,60.000,60.000,60.000,60.000,60.000,60.000,60.000,60.000,60.000,60.000,60.000,60.000,60.000,60.000,60.000,60.000,60.000,60.000,60.000,60.000,60.000,60.000,60.000,60.000,60.000,60.000,60.000,60.000,60.000,60.000,60.000,60.000,60.000,60.000,60.000,60.000,60.000,60.000,60.000,60.000,60.000,60.000,60.000,60.000,60.000,60.000,60.000,60.000,60.000,60.000,60.000,60.000,60.000,60.000,60.000,60.000,60.000,60.000,60.000,60.000,60.000,60.000,60.000,60.000,60.000,60.000,60.000,60.000,60.000,60.000,60.000,60.000,60.000,60.000,60.000,60.000,60.000,60.000,60.000,60.000,60.000,60.000,60.000,60.000,60.000,60.000,60.000,60.000,60.000,60.000,60.000,60.000,60.000,60.000,60.000,60.000,60.000,60.000,60.000,60.000,60.000,60.000,60.000,60.000,60.000,60.000,60.000,60.000,60.000,60.000,60.000,60.000,60.000,60.000,60.000,60.000,60.000,60.000,60.000,60.000,60.000,60.000,60.000,60.000,60.000,60.000,60.000,60.000,60.000,60.000,60.000,60.000,60.000,60.000,60.000,60.000,60.000,60.000,60.000,60.000,60.000,60.000,60.000,60.000,60.000,60.000,60.000,60.000,60.000,60.000,60.000,60.000,60.000,60.000,60.000,60.000,60.000,60.000,60.000,60.000,60.000
118.359,118.136,117.913,117.690,117.466,117.243,117.019,116.795,116.571,116.347,116.123,115.898,115.674,115.449,115.224,114.999,114.773,114.548,114.322,114.097,113.871,113.645,113.418,113.192,112.965,112.739,112.512,112.285,112.057,111.830,111.603,111.375,111.147,110.919,110.691,110.462,110.234,110.005,109.776,109.547,109.318,109.088,108.859,108.629,108.399,108.169,107.939,107.709,107.478,107.247,107.016,106.785,106.554,106.322,106.091,105.859,105.627,105.395,105.163,104.930,104.697,104.465,104.232,103.998,103.765,103.531,103.298,103.064,102.830,102.595,102.361,102.126,101.892,101.657,101.421,101.186,100.950,100.715,100.479,100.243,100.006,99.770,99.533,99.297,99.060,98.822,98.585,98.347,98.110,97.872,97.634,97.395,97.157,96.918,96.679,96.440,96.201,95.961,95.722,95.482,95.242,95.002,94.761,94.520,94.280,94.039,93.797,93.556,93.314,93.073,92.831,92.588,92.346,92.103,91.861,91.618,91.375,91.131,90.888,90.644,90.400,90.156,89.911,89.667,89.422,89.177,88.932,88.686,88.440,88.195,87.949,87.702,87.456,87.209,86.962,86.715,86.468,86.220,85.973,85.725,85.477,85.228,84.980,84.731,84.482,84.233,83.983,83.734,83.484,83.234,82.983,82.733,82.482,82.231,81.980,81.729,81.477,81.225,80.973,80.721,80.468,80.216,79.963,79.709,79.456,79.202,78.948,78.694,78.440,78.185,77.931,77.676,77.420,77.165,76.909,76.653,76.397,76.141,75.884,75.627,75.370,75.113,74.855,74.597,74.339,74.081,73.823,73.564,73.305,73.045,72.786,72.526,72.266,72.006,71.746,71.485,71.224,70.963,70.701,70.439,70.177,69.915,69.653,69.390,69.127,68.864,68.600,68.337,68.073,67.808,67.544,67.279,67.014,66.749,66.483,66.218,65.952,65.685,65.419,65.152,64.885,64.618,64.350,64.082,63.814,63.545,63.277,63.008,62.739,62.469,62.199,61.929,61.659,61.388,61.118,60.846,60.575,60.303,60.031,60.000,60.000,60.000,60.000,60.000,60.000,60.000,60.000,60.000,60.000,60.000,60.000,60.000,60.000,60.000,60.000,60.000,60.000,60.000,60.000,60.000,60.000,60.000,60.000,60.000,60.000,60.000,60.000,60.000,60.000,60.000,60.000,60.000,60.000,60.000,60.000,60.000,60.000,60.000,60.000,60.000,60.000,60.000,60.000,60.000,60.000,60.000,60.000,60.000,60.000,60.000,60.000,60.000,60.000,60.000,60.000,60.000,60.000,60.000,60.000,60.000,60.000,60.000,60.000,60.000,60.000,60.000,60.000,60.000,60.000,60.000,60.000,60.000,60.000,60.000,60.000,60.000,60.000,60.000,60.000,60.000,60.000,60.000,60.000,60.000,60.000,60.000,60.000,60.000,60.000,60.000,60.000,60.000,60.000,60.000,60.000,60.000,60.000,60.000,60.000,60.000,60.000,60.000,60.000,60.000,60.000,60.000,60.000,60.000,60.000,60.000,60.000,60.000,60.000,60.000,60.000,60.000,60.000,60.000,60.000,60.000,60.000,60.000,60.000,60.000,60.000,60.000,60.000,60.000,60.000,60.000,60.000,60.000,60.000,60.000,60.000,60.000,60.000,60.000,60.000,60.000,60.000,60.000,60.000,60.000,60.000,60.000,60.000,60.000,60.000,60.000,60.000,60.000,60.000,60.000,60.000,60.000,60.000,60.000,60.000,60.000,60.000,60.000,60.000,60.000,60.000,60.000,60.000,60.000,60.000,60.000,60.000,60.000,60.000,60.000,60.000,60.000,60.000,60.000,60.000,60.000,60.000,60.000,60.000,60.000,60.000,60.000,60.000,60.000,60.000,60.000,60.000,60.000,60.000,60.000,60.000,60.000,60.000,60.000,60.000,60.000,60.000,60.000,60.000,60.000,60.000,60.000,60.000,60.000,60.000,60.000,60.000,60.000,60.000,60.000,60.000,60.000,60.000,60.000,60.000,60.000,60.000,60.000,60.000,60.000,60.000,60.000,60.000,60.000,60.000,60.000,60.000,60.000,60.000,60.000,60.000,60.000,60.000,60.000,60.000,60.000,60.000,60.000,60.000,60.000,60.000,60.000,60.000,60.000,60.000,60.000
118.359,118.136,117.913,117.690,117.467,117.243,117.019,116.796,116.572,116.347,116.123,115.899,115.674,115.449,115.224,114.999,114.774,114.548,114.323,114.097,113.871,113.645,113.419,113.192,112.966,112.739,112.512,112.285,112.058,111.830,111.603,111.375,111.147,110.919,110.691,110.463,110.234,110.005,109.776,109.547,109.318,109.089,108.859,108.629,108.400,108.170,107.939,107.709,107.478,107.248,107.017,106.785,106.554,106.323,106.091,105.859,105.627,105.395,105.163,104.930,104.698,104.465,104.232,103.999,103.765,103.532,103.298,103.064,102.830,102.596,102.361,102.127,101.892,101.657,101.422,101.186,100.951,100.715,100.479,100.243,100.007,99.770,99.534,99.297,99.060,98.823,98.585,98.348,98.110,97.872,97.634,97.396,97.157,96.918,96.679,96.440,96.201,95.962,95.722,95.482,95.242,95.002,94.761,94.521,94.280,94.039,93.798,93.556,93.315,93.073,92.831,92.589,92.346,92.104,91.861,91.618,91.375,91.131,90.888,90.644,90.400,90.156,89.911,89.667,89.422,89.177,88.932,88.686,88.441,88.195,87.949,87.703,87.456,87.210,86.963,86.716,86.468,86.221,85.973,85.725,85.477,85.229,84.980,84.731,84.482,84.233,83.984,83.734,83.484,83.234,82.984,82.733,82.482,82.231,81.980,81.729,81.477,81.225,80.973,80.721,80.469,80.216,79.963,79.710,79.456,79.203,78.949,78.695,78.440,78.186,77.931,77.676,77.421,77.165,76.910,76.654,76.398,76.141,75.885,75.628,75.371,75.113,74.856,74.598,74.340,74.081,73.823,73.564,73.305,73.046,72.786,72.527,72.267,72.006,71.746,71.485,71.224,70.963,70.702,70.440,70.178,69.916,69.653,69.390,69.128,68.864,68.601,68.337,68.073,67.809,67.544,67.280,67.015,66.749,66.484,66.218,65.952,65.686,65.419,65.152,64.885,64.618,64.350,64.082,63.814,63.546,63.277,63.008,62.739,62.470,62.200,61.930,61.659,61.389,61.118,60.847,60.576,60.304,60.032,60.000,60.000,60.000,60.000,60.000,60.000,60.000,60.000,60.000,60.000,60.000,60.000,60.000,60.000,60.000,60.000,60.000,60.000,60.000,60.000,60.000,60.000,60.000,60.000,60.000,60.000,60.000,60.000,60.000,60.000,60.000,60.000,60.000,60.000,60.000,60.000,60.000,60.000,60.000,60.000,60.000,60.000,60.000,60.000,60.000,60.000,60.000,60.000,60.000,60.000,60.000,60.000,60.000,60.000,60.000,60.000,60.000,60.000,60.000,60.000,60.000,60.000,60.000,60.000,60.000,60.000,60.000,60.000,60.000,60.000,60.000,60.000,60.000,60.000,60.000,60.000,60.000,60.000,60.000,60.000,60.000,60.000,60.000,60.000,60.000,60.000,60.000,60.000,60.000,60.000,60.000,60.000,60.000,60.000,60.000,60.000,60.000,60.000,60.000,60.000,60.000,60.000,60.000,60.000,60.000,60.000,60.000,60.000,60.000,60.000,60.000,60.000,60.000,60.000,60.000,60.000,60.000,60.000,60.000,60.000,60.000,60.000,60.000,60.000,60.000,60.000,60.000,60.000,60.000,60.000,60.000,60.000,60.000,60.000,60.000,60.000,60.000,60.000,60.000,60.000,60.000,60.000,60.000,60.000,60.000,60.000,60.000,60.000,60.000,60.000,60.000,60.000,60.000,60.000,60.000,60.000,60.000,60.000,60.000,60.000,60.000,60.000,60.000,60.000,60.000,60.000,60.000,60.000,60.000,60.000,60.000,60.000,60.000,60.000,60.000,60.000,60.000,60.000,60.000,60.000,60.000,60.000,60.000,60.000,60.000,60.000,60.000,60.000,60.000,60.000,60.000,60.000,60.000,60.000,60.000,60.000,60.000,60.000,60.000,60.000,60.000,60.000,60.000,60.000,60.000,60.000,60.000,60.000,60.000,60.000,60.000,60.000,60.000,60.000,60.000,60.000,60.000,60.000,60.000,60.000,60.000,60.000,60.000,60.000,60.000,60.000,60.000,60.000,60.000,60.000,60.000,60.000,60.000,60.000,60.000,60.000,60.000,60.000,60.000,60.000,60.000,60.000,60.000,60.000,60.000,60.000,60.000,60.000,60.000,60.000,60.000
118.360,118.137,117.914,117.690,117.467,117.243,117.020,116.796,116.572,116.348,116.123,115.899,115.674,115.450,115.225,114.999,114.774,114.549,114.323,114.097,113.871,113.645,113.419,113.193,112.966,112.739,112.512,112.285,112.058,111.831,111.603,111.376,111.148,110.920,110.691,110.463,110.234,110.006,109.777,109.548,109.319,109.089,108.860,108.630,108.400,108.170,107.940,107.709,107.479,107.248,107.017,106.786,106.555,106.323,106.091,105.860,105.628,105.396,105.163,104.931,104.698,104.465,104.232,103.999,103.766,103.532,103.298,103.064,102.830,102.596,102.362,102.127,101.892,101.657,101.422,101.187,100.951,100.715,100.479,100.243,100.007,99.771,99.534,99.297,99.060,98.823,98.586,98.348,98.110,97.872,97.634,97.396,97.157,96.919,96.680,96.441,96.201,95.962,95.722,95.482,95.242,95.002,94.762,94.521,94.280,94.039,93.798,93.557,93.315,93.073,92.831,92.589,92.347,92.104,91.861,91.618,91.375,91.132,90.888,90.644,90.400,90.156,89.912,89.667,89.422,89.177,88.932,88.687,88.441,88.195,87.949,87.703,87.456,87.210,86.963,86.716,86.469,86.221,85.973,85.725,85.477,85.229,84.980,84.732,84.483,84.233,83.984,83.734,83.484,83.234,82.984,82.733,82.483,82.232,81.981,81.729,81.478,81.226,80.974,80.721,80.469,80.216,79.963,79.710,79.457,79.203,78.949,78.695,78.441,78.186,77.931,77.676,77.421,77.166,76.910,76.654,76.398,76.142,75.885,75.628,75.371,75.114,74.856,74.598,74.340,74.082,73.823,73.564,73.305,73.046,72.787,72.527,72.267,72.007,71.746,71.486,71.225,70.963,70.702,70.440,70.178,69.916,69.654,69.391,69.128,68.865,68.601,68.338,68.074,67.809,67.545,67.280,67.015,66.750,66.484,66.219,65.953,65.686,65.420,65.153,64.886,64.618,64.351,64.083,63.815,63.546,63.278,63.009,62.740,62.470,62.200,61.930,61.660,61.389,61.119,60.847,60.576,60.304,60.032,60.000,60.000,60.000,60.000,60.000,60.000,60.000,60.000,60.000,60.000,60.000,60.000,60.000,60.000,60.000,60.000,60.000,60.000,60.000,60.000,60.000,60.000,60.000,60.000,60.000,60.000,60.000,60.000,60.000,60.000,60.000,60.000,60.000,60.000,60.000,60.000,60.000,60.000,60.000,60.000,60.000,60.000,60.000,60.000,60.000,60.000,60.000,60.000,60.000,60.000,60.000,60.000,60.000,60.000,60.000,60.000,60.000,60.000,60.000,60.000,60.000,60.000,60.000,60.000,60.000,60.000,60.000,60.000,60.000,60.000,60.000,60.000,60.000,60.000,60.000,60.000,60.000,60.000,60.000,60.000,60.000,60.000,60.000,60.000,60.000,60.000,60.000,60.000,60.000,60.000,60.000,60.000,60.000,60.000,60.000,60.000,60.000,60.000,60.000,60.000,60.000,60.000,60.000,60.000,60.000,60.000,60.000,60.000,60.000,60.000,60.000,60.000,60.000,60.000,60.000,60.000,60.000,60.000,60.000,60.000,60.000,60.000,60.000,60.000,60.000,60.000,60.000,60.000,60.000,60.000,60.000,60.000,60.000,60.000,60.000,60.000,60.000,60.000,60.000,60.000,60.000,60.000,60.000,60.000,60.000,60.000,60.000,60.000,60.000,60.000,60.000,60.000,60.000,60.000,60.000,60.000,60.000,60.000,60.000,60.000,60.000,60.000,60.000,60.000,60.000,60.000,60.000,60.000,60.000,60.000,60.000,60.000,60.000,60.000,60.000,60.000,60.000,60.000,60.000,60.000,60.000,60.000,60.000,60.000,60.000,60.000,60.000,60.000,60.000,60.000,60.000,60.000,60.000,60.000,60.000,60.000,60.000,60.000,60.000,60.000,60.000,60.000,60.000,60.000,60.000,60.000,60.000,60.000,60.000,60.000,60.000,60.000,60.000,60.000,60.000,60.000,60.000,60.000,60.000,60.000,60.000,60.000,60.000,60.000,60.000,60.000,60.000,60.000,60.000,60.000,60.000,60.000,60.000,60.000,60.000,60.000,60.000,60.000,60.000,60.000,60.000,60.000,60.000,60.000,60.000,60.000,60.000,60.000,60.000,60.000,60.000
118.360,118.137,117.914,117.691,117.467,117.244,117.020,116.796,116.572,116.348,116.124,115.899,115.675,115.450,115.225,115.000,114.775,114.549,114.324,114.098,113.872,113.646,113.419,113.193,112.966,112.740,112.513,112.286,112.059,111.831,111.604,111.376,111.148,110.920,110.692,110.463,110.235,110.006,109.777,109.548,109.319,109.089,108.860,108.630,108.400,108.170,107.940,107.710,107.479,107.248,107.017,106.786,106.555,106.323,106.092,105.860,105.628,105.396,105.164,104.931,104.698,104.466,104.233,103.999,103.766,103.532,103.299,103.065,102.831,102.596,102.362,102.127,101.893,101.658,101.422,101.187,100.951,100.716,100.480,100.244,100.007,99.771,99.534,99.298,99.061,98.823,98.586,98.348,98.111,97.873,97.635,97.396,97.158,96.919,96.680,96.441,96.202,95.962,95.723,95.483,95.243,95.002,94.762,94.521,94.281,94.040,93.798,93.557,93.315,93.074,92.832,92.589,92.347,92.104,91.862,91.619,91.375,91.132,90.888,90.645,90.401,90.156,89.912,89.667,89.423,89.178,88.932,88.687,88.441,88.196,87.950,87.703,87.457,87.210,86.963,86.716,86.469,86.221,85.974,85.726,85.478,85.229,84.981,84.732,84.483,84.234,83.984,83.735,83.485,83.235,82.984,82.734,82.483,82.232,81.981,81.730,81.478,81.226,80.974,80.722,80.469,80.217,79.964,79.710,79.457,79.203,78.949,78.695,78.441,78.187,77.932,77.677,77.422,77.166,76.910,76.654,76.398,76.142,75.885,75.628,75.371,75.114,74.856,74.599,74.340,74.082,73.824,73.565,73.306,73.047,72.787,72.527,72.267,72.007,71.747,71.486,71.225,70.964,70.702,70.441,70.179,69.916,69.654,69.391,69.128,68.865,68.602,68.338,68.074,67.810,67.545,67.281,67.016,66.750,66.485,66.219,65.953,65.687,65.420,65.153,64.886,64.619,64.351,64.083,63.815,63.547,63.278,63.009,62.740,62.471,62.201,61.931,61.661,61.390,61.119,60.848,60.577,60.305,60.033,60.000,60.000,60.000,60.000,60.000,60.000,60.000,60.000,60.000,60.000,60.000,60.000,60.000,60.000,60.000,60.000,60.000,60.000,60.000,60.000,60.000,60.000,60.000,60.000,60.000,60.000,60.000,60.000,60.000,60.000,60.000,60.000,60.000,60.000,60.000,60.000,60.000,60.000,60.000,60.000,60.000,60.000,60.000,60.000,60.000,60.000,60.000,60.000,60.000,60.000,60.000,60.000,60.000,60.000,60.000,60.000,60.000,60.000,60.000,60.000,60.000,60.000,60.000,60.000,60.000,60.000,60.000,60.000,60.000,60.000,60.000,60.000,60.000,60.000,60.000,60.000,60.000,60.000,60.000,60.000,60.000,60.000,60.000,60.000,60.000,60.000,60.000,60.000,60.000,60.000,60.000,60.000,60.000,60.000,60.000,60.000,60.000,60.000,60.000,60.000,60.000,60.000,60.000,60.000,60.000,60.000,60.000,60.000,60.000,60.000,60.000,60.000,60.000,60.000,60.000,60.000,60.000,60.000,60.000,60.000,60.000,60.000,60.000,60.000,60.000,60.000,60.000,60.000,60.000,60.000,60.000,60.000,60.000,60.000,60.000,60.000,60.000,60.000,60.000,60.000,60.000,60.000,60.000,60.000,60.000,60.000,60.000,60.000,60.000,60.000,60.000,60.000,60.000,60.000,60.000,60.000,60.000,60.000,60.000,60.000,60.000,60.000,60.000,60.000,60.000,60.000,60.000,60.000,60.000,60.000,60.000,60.000,60.000,60.000,60.000,60.000,60.000,60.000,60.000,60.000,60.000,60.000,60.000,60.000,60.000,60.000,60.000,60.000,60.000,60.000,60.000,60.000,60.000,60.000,60.000,60.000,60.000,60.000,60.000,60.000,60.000,60.000,60.000,60.000,60.000,60.000,60.000,60.000,60.000,60.000,60.000,60.000,60.000,60.000,60.000,60.000,60.000,60.000,60.000,60.000,60.000,60.000,60.000,60.000,60.000,60.000,60.000,60.000,60.000,60.000,60.000,60.000,60.000,60.000,60.000,60.000,60.000,60.000,60.000,60.000,60.000,60.000,60.000,60.000,60.000,60.000,60.000,60.000,60.000,60.000,60.000
118.360,118.138,117.914,117.691,117.468,117.244,117.021,116.797,116.573,116.349,116.124,115.900,115.675,115.450,115.225,115.000,114.775,114.549,114.324,114.098,113.872,113.646,113.420,113.193,112.967,112.740,112.513,112.286,112.059,111.832,111.604,111.376,111.148,110.920,110.692,110.464,110.235,110.006,109.778,109.548,109.319,109.090,108.860,108.631,108.401,108.171,107.940,107.710,107.479,107.249,107.018,106.787,106.555,106.324,106.092,105.860,105.628,105.396,105.164,104.931,104.699,104.466,104.233,104.000,103.766,103.533,103.299,103.065,102.831,102.597,102.362,102.128,101.893,101.658,101.423,101.187,100.952,100.716,100.480,100.244,100.008,99.771,99.535,99.298,99.061,98.824,98.586,98.349,98.111,97.873,97.635,97.397,97.158,96.919,96.680,96.441,96.202,95.963,95.723,95.483,95.243,95.003,94.762,94.522,94.281,94.040,93.799,93.557,93.316,93.074,92.832,92.590,92.347,92.105,91.862,91.619,91.376,91.132,90.889,90.645,90.401,90.157,89.912,89.668,89.423,89.178,88.933,88.687,88.442,88.196,87.950,87.704,87.457,87.210,86.964,86.716,86.469,86.222,85.974,85.726,85.478,85.230,84.981,84.732,84.483,84.234,83.985,83.735,83.485,83.235,82.985,82.734,82.483,82.232,81.981,81.730,81.478,81.226,80.974,80.722,80.470,80.217,79.964,79.711,79.457,79.204,78.950,78.696,78.441,78.187,77.932,77.677,77.422,77.166,76.911,76.655,76.399,76.142,75.886,75.629,75.372,75.114,74.857,74.599,74.341,74.083,73.824,73.565,73.306,73.047,72.788,72.528,72.268,72.008,71.747,71.486,71.225,70.964,70.703,70.441,70.179,69.917,69.654,69.392,69.129,68.866,68.602,68.338,68.074,67.810,67.546,67.281,67.016,66.751,66.485,66.219,65.953,65.687,65.421,65.154,64.887,64.619,64.352,64.084,63.816,63.547,63.279,63.010,62.741,62.471,62.201,61.931,61.661,61.390,61.120,60.848,60.577,60.310,60.180,60.051,60.000,60.000,60.000,60.000,60.000,60.000,60.000,60.000,60.000,60.000,60.000,60.000,60.000,60.000,60.000,60.000,60.000,60.000,60.000,60.000,60.000,60.000,60.000,60.000,60.000,60.000,60.000,60.000,60.000,60.000,60.000,60.000,60.000,60.000,60.000,60.000,60.000,60.000,60.000,60.000,60.000,60.000,60.000,60.000,60.000,60.000,60.000,60.000,60.000,60.000,60.000,60.000,60.000,60.000,60.000,60.000,60.000,60.000,60.000,60.000,60.000,60.000,60.000,60.000,60.000,60.000,60.000,60.000,60.000,60.000,60.000,60.000,60.000,60.000,60.000,60.000,60.000,60.000,60.000,60.000,60.000,60.000,60.000,60.000,60.000,60.000,60.000,60.000,60.000,60.000,60.000,60.000,60.000,60.000,60.000,60.000,60.000,60.000,60.000,60.000,60.000,60.000,60.000,60.000,60.000,60.000,60.000,60.000,60.000,60.000,60.000,60.000,60.000,60.000,60.000,60.000,60.000,60.000,60.000,60.000,60.000,60.000,60.000,60.000,60.000,60.000,60.000,60.000,60.000,60.000,60.000,60.000,60.000,60.000,60.000,60.000,60.000,60.000,60.000,60.000,60.000,60.000,60.000,60.000,60.000,60.000,60.000,60.000,60.000,60.000,60.000,60.000,60.000,60.000,60.000,60.000,60.000,60.000,60.000,60.000,60.000,60.000,60.000,60.000,60.000,60.000,60.000,60.000,60.000,60.000,60.000,60.000,60.000,60.000,60.000,60.000,60.000,60.000,60.000,60.000,60.000,60.000,60.000,60.000,60.000,60.000,60.000,60.000,60.000,60.000,60.000,60.000,60.000,60.000,60.000,60.000,60.000,60.000,60.000,60.000,60.000,60.000,60.000,60.000,60.000,60.000,60.000,60.000,60.000,60.000,60.000,60.000,60.000,60.000,60.000,60.000,60.000,60.000,60.000,60.000,60.000,60.000,60.000,60.000,60.000,60.000,60.000,60.000,60.000,60.000,60.000,60.000,60.000,60.000,60.000,60.000,60.000,60.000,60.000,60.000,60.000,60.000,60.000,60.000,60.000,60.000,60.000,60.000,60.000,60.000
118.361,118.138,117.915,117.692,117.468,117.245,117.021,116.797,116.573,116.349,116.125,115.900,115.676,115.451,115.226,115.001,114.775,114.550,114.324,114.099,113.873,113.646,113.420,113.194,112.967,112.741,112.514,112.287,112.059,111.832,111.604,111.377,111.149,110.921,110.692,110.464,110.236,110.007,109.778,109.549,109.320,109.090,108.861,108.631,108.401,108.171,107.941,107.710,107.480,107.249,107.018,106.787,106.556,106.324,106.093,105.861,105.629,105.397,105.164,104.932,104.699,104.466,104.233,104.000,103.767,103.533,103.299,103.065,102.831,102.597,102.363,102.128,101.893,101.658,101.423,101.188,100.952,100.716,100.480,100.244,100.008,99.772,99.535,99.298,99.061,98.824,98.587,98.349,98.111,97.873,97.635,97.397,97.158,96.920,96.681,96.442,96.202,95.963,95.723,95.483,95.243,95.003,94.763,94.522,94.281,94.040,93.799,93.558,93.316,93.074,92.832,92.590,92.348,92.105,91.862,91.619,91.376,91.133,90.889,90.645,90.401,90.157,89.913,89.668,89.423,89.178,88.933,88.688,88.442,88.196,87.950,87.704,87.457,87.211,86.964,86.717,86.470,86.222,85.974,85.726,85.478,85.230,84.981,84.733,84.484,84.234,83.985,83.735,83.485,83.235,82.985,82.734,82.484,82.233,81.982,81.730,81.479,81.227,80.975,80.722,80.470,80.217,79.964,79.711,79.458,79.204,78.950,78.696,78.442,78.187,77.932,77.677,77.422,77.167,76.911,76.655,76.399,76.143,75.886,75.629,75.372,75.115,74.857,74.599,74.341,74.083,73.824,73.566,73.307,73.047,72.788,72.528,72.268,72.008,71.747,71.487,71.226,70.965,70.703,70.441,70.180,69.917,69.655,69.392,69.129,68.866,68.603,68.339,68.075,67.811,67.546,67.281,67.016,66.751,66.486,66.220,65.954,65.688,65.421,65.154,64.887,64.620,64.352,64.084,63.816,63.548,63.279,63.010,62.741,62.472,62.202,61.932,61.693,61.563,61.433,61.303,61.172,61.042,60.912,60.782,60.652,60.522,60.393,60.263,60.133,60.003,60.000,60.000,60.000,60.000,60.000,60.000,60.000,60.000,60.000,60.000,60.000,60.000,60.000,60.000,60.000,60.000,60.000,60.000,60.000,60.000,60.000,60.000,60.000,60.000,60.000,60.000,60.000,60.000,60.000,60.000,60.000,60.000,60.000,60.000,60.000,60.000,60.000,60.000,60.000,60.000,60.000,60.000,60.000,60.000,60.000,60.000,60.000,60.000,60.000,60.000,60.000,60.000,60.000,60.000,60.000,60.000,60.000,60.000,60.000,60.000,60.000,60.000,60.000,60.000,60.000,60.000,60.000,60.000,60.000,60.000,60.000,60.000,60.000,60.000,60.000,60.000,60.000,60.000,60.000,60.000,60.000,60.000,60.000,60.000,60.000,60.000,60.000,60.000,60.000,60.000,60.000,60.000,60.000,60.000,60.000,60.000,60.000,60.000,60.000,60.000,60.000,60.000,60.000,60.000,60.000,60.000,60.000,60.000,60.000,60.000,60.000,60.000,60.000,60.000,60.000,60.000,60.000,60.000,60.000,60.000,60.000,60.000,60.000,60.000,60.000,60.000,60.000,60.000,60.000,60.000,60.000,60.000,60.000,60.000,60.000,60.000,60.000,60.000,60.000,60.000,60.000,60.000,60.000,60.000,60.000,60.000,60.000,60.000,60.000,60.000,60.000,60.000,60.000,60.000,60.000,60.000,60.000,60.000,60.000,60.000,60.000,60.000,60.000,60.000,60.000,60.000,60.000,60.000,60.000,60.000,60.000,60.000,60.000,60.000,60.000,60.000,60.000,60.000,60.000,60.000,60.000,60.000,60.000,60.000,60.000,60.000,60.000,60.000,60.000,60.000,60.000,60.000,60.000,60.000,60.000,60.000,60.000,60.000,60.000,60.000,60.000,60.000,60.000,60.000,60.000,60.000,60.000,60.000,60.000,60.000,60.000,60.000,60.000,60.000,60.000,60.000,60.000,60.000,60.000,60.000,60.000,60.000,60.000,60.000,60.000,60.000,60.000,60.000,60.000,60.000,60.000,60.000,60.000,60.000,60.000,60.000,60.000,60.000,60.000,60.000,60.000,60.000,60.000,60.000
118.361,118.138,117.915,117.692,117.469,117.245,117.021,116.798,116.574,116.349,116.125,115.901,115.676,115.451,115.226,115.001,114.776,114.550,114.325,114.099,113.873,113.647,113.421,113.194,112.968,112.741,112.514,112.287,112.060,111.832,111.605,111.377,111.149,110.921,110.693,110.464,110.236,110.007,109.778,109.549,109.320,109.091,108.861,108.631,108.401,108.171,107.941,107.711,107.480,107.249,107.018,106.787,106.556,106.324,106.093,105.861,105.629,105.397,105.165,104.932,104.699,104.467,104.234,104.000,103.767,103.533,103.300,103.066,102.832,102.597,102.363,102.128,101.893,101.658,101.423,101.188,100.952,100.717,100.481,100.245,100.008,99.772,99.535,99.298,99.061,98.824,98.587,98.349,98.112,97.874,97.635,97.397,97.159,96.920,96.681,96.442,96.203,95.963,95.724,95.484,95.244,95.003,94.763,94.522,94.282,94.041,93.799,93.558,93.316,93.075,92.833,92.590,92.348,92.105,91.863,91.620,91.376,91.133,90.889,90.646,90.402,90.157,89.913,89.668,89.424,89.179,88.933,88.688,88.442,88.197,87.950,87.704,87.458,87.211,86.964,86.717,86.470,86.222,85.975,85.727,85.479,85.230,84.982,84.733,84.484,84.235,83.985,83.736,83.486,83.236,82.985,82.735,82.484,82.233,81.982,81.731,81.479,81.227,80.975,80.723,80.470,80.218,79.965,79.711,79.458,79.204,78.951,78.696,78.442,78.188,77.933,77.678,77.423,77.167,76.911,76.656,76.399,76.143,75.886,75.629,75.372,75.115,74.857,74.600,74.342,74.083,73.825,73.566,73.307,73.048,72.788,72.529,72.269,72.008,71.748,71.487,71.226,70.965,70.704,70.442,70.180,69.918,69.655,69.393,69.130,68.866,68.603,68.339,68.075,67.811,67.547,67.282,67.017,66.752,66.486,66.220,65.954,65.688,65.422,65.155,64.888,64.620,64.353,64.085,63.817,63.548,63.280,63.095,62.964,62.833,62.702,62.571,62.440,62.310,62.179,62.048,61.917,61.787,61.656,61.525,61.395,61.264,61.134,61.003,60.873,60.743,60.612,60.482,60.352,60.222,60.092,60.000,60.000,60.000,60.000,60.000,60.000,60.000,60.000,60.000,60.000,60.000,60.000,60.000,60.000,60.000,60.000,60.000,60.000,60.000,60.000,60.000,60.000,60.000,60.000,60.000,60.000,60.000,60.000,60.000,60.000,60.000,60.000,60.000,60.000,60.000,60.000,60.000,60.000,60.000,60.000,60.000,60.000,60.000,60.000,60.000,60.000,60.000,60.000,60.000,60.000,60.000,60.000,60.000,60.000,60.000,60.000,60.000,60.000,60.000,60.000,60.000,60.000,60.000,60.000,60.000,60.000,60.000,60.000,60.000,60.000,60.000,60.000,60.000,60.000,60.000,60.000,60.000,60.000,60.000,60.000,60.000,60.000,60.000,60.000,60.000,60.000,60.000,60.000,60.000,60.000,60.000,60.000,60.000,60.000,60.000,60.000,60.000,60.000,60.000,60.000,60.000,60.000,60.000,60.000,60.000,60.000,60.000,60.000,60.000,60.000,60.000,60.000,60.000,60.000,60.000,60.000,60.000,60.000,60.000,60.000,60.000,60.000,60.000,60.000,60.000,60.000,60.000,60.000,60.000,60.000,60.000,60.000,60.000,60.000,60.000,60.000,60.000,60.000,60.000,60.000,60.000,60.000,60.000,60.000,60.000,60.000,60.000,60.000,60.000,60.000,60.000,60.000,60.000,60.000,60.000,60.000,60.000,60.000,60.000,60.000,60.000,60.000,60.000,60.000,60.000,60.000,60.000,60.000,60.000,60.000,60.000,60.000,60.000,60.000,60.000,60.000,60.000,60.000,60.000,60.000,60.000,60.000,60.000,60.000,60.000,60.000,60.000,60.000,60.000,60.000,60.000,60.000,60.000,60.000,60.000,60.000,60.000,60.000,60.000,60.000,60.000,60.000,60.000,60.000,60.000,60.000,60.000,60.000,60.000,60.000,60.000,60.000,60.000,60.000,60.000,60.000,60.000,60.000,60.000,60.000,60.000,60.000,60.000,60.000,60.000,60.000,60.000,60.000,60.000,60.000,60.000,60.000,60.000,60.000,60.000,60.000,60.000,60.000,60.000
118.362,118.139,117.916,117.692,117.469,117.246,117.022,116.798,116.574,116.350,116.125,115.901,115.676,115.451,115.227,115.001,114.776,114.551,114.325,114.099,113.873,113.647,113.421,113.195,112.968,112.741,112.514,112.287,112.060,111.833,111.605,111.377,111.149,110.921,110.693,110.465,110.236,110.008,109.779,109.550,109.320,109.091,108.861,108.632,108.402,108.172,107.941,107.711,107.480,107.250,107.019,106.788,106.556,106.325,106.093,105.861,105.629,105.397,105.165,104.932,104.700,104.467,104.234,104.001,103.767,103.534,103.300,103.066,102.832,102.598,102.363,102.129,101.894,101.659,101.424,101.188,100.953,100.717,100.481,100.245,100.009,99.772,99.536,99.299,99.062,98.825,98.587,98.350,98.112,97.874,97.636,97.397,97.159,96.920,96.681,96.442,96.203,95.964,95.724,95.484,95.244,95.004,94.763,94.523,94.282,94.041,93.800,93.558,93.317,93.075,92.833,92.591,92.348,92.106,91.863,91.620,91.377,91.133,90.890,90.646,90.402,90.158,89.913,89.669,89.424,89.179,88.934,88.688,88.443,88.197,87.951,87.705,87.458,87.211,86.965,86.717,86.470,86.223,85.975,85.727,85.479,85.231,84.982,84.733,84.484,84.235,83.986,83.736,83.486,83.236,82.986,82.735,82.484,82.233,81.982,81.731,81.479,81.227,80.975,80.723,80.471,80.218,79.965,79.712,79.458,79.205,78.951,78.697,78.442,78.188,77.933,77.678,77.423,77.167,76.912,76.656,76.400,76.143,75.887,75.630,75.373,75.115,74.858,74.600,74.342,74.084,73.825,73.566,73.307,73.048,72.789,72.529,72.269,72.009,71.748,71.488,71.227,70.965,70.704,70.442,70.180,69.918,69.656,69.393,69.130,68.867,68.603,68.340,68.076,67.812,67.547,67.282,67.017,66.752,66.487,66.221,65.955,65.689,65.422,65.155,64.888,64.646,64.514,64.383,64.251,64.120,63.988,63.857,63.725,63.594,63.463,63.331,63.200,63.068,62.937,62.806,62.675,62.543,62.412,62.281,62.150,62.019,61.887,61.756,61.625,61.494,61.363,61.233,61.102,60.971,60.840,60.709,60.579,60.448,60.317,60.187,60.056,60.000,60.000,60.000,60.000,60.000,60.000,60.000,60.000,60.000,60.000,60.000,60.000,60.000,60.000,60.000,60.000,60.000,60.000,60.000,60.000,60.000,60.000,60.000,60.000,60.000,60.000,60.000,60.000,60.000,60.000,60.000,60.000,60.000,60.000,60.000,60.000,60.000,60.000,60.000,60.000,60.000,60.000,60.000,60.000,60.000,60.000,60.000,60.000,60.000,60.000,60.000,60.000,60.000,60.000,60.000,60.000,60.000,60.000,60.000,60.000,60.000,60.000,60.000,60.000,60.000,60.000,60.000,60.000,60.000,60.000,60.000,60.000,60.000,60.000,60.000,60.000,60.000,60.000,60.000,60.000,60.000,60.000,60.000,60.000,60.000,60.000,60.000,60.000,60.000,60.000,60.000,60.000,60.000,60.000,60.000,60.000,60.000,60.000,60.000,60.000,60.000,60.000,60.000,60.000,60.000,60.000,60.000,60.000,60.000,60.000,60.000,60.000,60.000,60.000,60.000,60.000,60.000,60.000,60.000,60.000,60.000,60.000,60.000,60.000,60.000,60.000,60.000,60.000,60.000,60.000,60.000,60.000,60.000,60.000,60.000,60.000,60.000,60.000,60.000,60.000,60.000,60.000,60.000,60.000,60.000,60.000,60.000,60.000,60.000,60.000,60.000,60.000,60.000,60.000,60.000,60.000,60.000,60.000,60.000,60.000,60.000,60.000,60.000,60.000,60.000,60.000,60.000,60.000,60.000,60.000,60.000,60.000,60.000,60.000,60.000,60.000,60.000,60.000,60.000,60.000,60.000,60.000,60.000,60.000,60.000,60.000,60.000,60.000,60.000,60.000,60.000,60.000,60.000,60.000,60.000,60.000,60.000,60.000,60.000,60.000,60.000,60.000,60.000,60.000,60.000,60.000,60.000,60.000,60.000,60.000,60.000,60.000,60.000,60.000,60.000,60.000,60.000,60.000,60.000,60.000,60.000,60.000,60.000,60.000,60.000,60.000,60.000,60.000,60.000,60.000,60.000,60.000,60.000
118.362,118.139,117.916,117.693,117.469,117.246,117.022,116.798,116.574,116.350,116.126,115.901,115.677,115.452,115.227,115.002,114.776,114.551,114.325,114.100,113.874,113.648,113.421,113.195,112.968,112.742,112.515,112.288,112.060,111.833,111.605,111.378,111.150,110.922,110.694,110.465,110.237,110.008,109.779,109.550,109.321,109.091,108.862,108.632,108.402,108.172,107.942,107.711,107.481,107.250,107.019,106.788,106.557,106.325,106.094,105.862,105.630,105.398,105.165,104.933,104.700,104.467,104.234,104.001,103.768,103.534,103.300,103.066,102.832,102.598,102.364,102.129,101.894,101.659,101.424,101.189,100.953,100.717,100.481,100.245,100.009,99.773,99.536,99.299,99.062,98.825,98.588,98.350,98.112,97.874,97.636,97.398,97.159,96.921,96.682,96.443,96.203,95.964,95.724,95.484,95.244,95.004,94.764,94.523,94.282,94.041,93.800,93.559,93.317,93.075,92.833,92.591,92.349,92.106,91.863,91.620,91.377,91.134,90.890,90.646,90.402,90.158,89.914,89.669,89.424,89.179,88.934,88.689,88.443,88.197,87.951,87.705,87.458,87.212,86.965,86.718,86.470,86.223,85.975,85.727,85.479,85.231,84.982,84.733,84.484,84.235,83.986,83.736,83.486,83.236,82.986,82.735,82.485,82.234,81.983,81.731,81.480,81.228,80.976,80.723,80.471,80.218,79.965,79.712,79.459,79.205,78.951,78.697,78.443,78.188,77.934,77.679,77.423,77.168,76.912,76.656,76.400,76.144,75.887,75.630,75.373,75.116,74.858,74.600,74.342,74.084,73.826,73.567,73.308,73.049,72.789,72.529,72.269,72.009,71.749,71.488,71.227,70.966,70.704,70.443,70.181,69.919,69.656,69.393,69.130,68.867,68.604,68.340,68.076,67.812,67.547,67.283,67.018,66.753,66.487,66.221,66.084,65.952,65.820,65.688,65.556,65.424,65.292,65.160,65.028,64.896,64.764,64.632,64.500,64.368,64.236,64.104,63.972,63.840,63.708,63.576,63.444,63.312,63.181,63.049,62.917,62.785,62.654,62.522,62.390,62.259,62.127,61.996,61.864,61.733,61.601,61.470,61.338,61.207,61.076,60.945,60.813,60.682,60.551,60.420,60.289,60.158,60.028,60.000,60.000,60.000,60.000,60.000,60.000,60.000,60.000,60.000,60.000,60.000,60.000,60.000,60.000,60.000,60.000,60.000,60.000,60.000,60.000,60.000,60.000,60.000,60.000,60.000,60.000,60.000,60.000,60.000,60.000,60.000,60.000,60.000,60.000,60.000,60.000,60.000,60.000,60.000,60.000,60.000,60.000,60.000,60.000,60.000,60.000,60.000,60.000,60.000,60.000,60.000,60.000,60.000,60.000,60.000,60.000,60.000,60.000,60.000,60.000,60.000,60.000,60.000,60.000,60.000,60.000,60.000,60.000,60.000,60.000,60.000,60.000,60.000,60.000,60.000,60.000,60.000,60.000,60.000,60.000,60.000,60.000,60.000,60.000,60.000,60.000,60.000,60.000,60.000,60.000,60.000,60.000,60.000,60.000,60.000,60.000,60.000,60.000,60.000,60.000,60.000,60.000,60.000,60.000,60.000,60.000,60.000,60.000,60.000,60.000,60.000,60.000,60.000,60.000,60.000,60.000,60.000,60.000,60.000,60.000,60.000,60.000,60.000,60.000,60.000,60.000,60.000,60.000,60.000,60.000,60.000,60.000,60.000,60.000,60.000,60.000,60.000,60.000,60.000,60.000,60.000,60.000,60.000,60.000,60.000,60.000,60.000,60.000,60.000,60.000,60.000,60.000,60.000,60.000,60.000,60.000,60.000,60.000,60.000,60.000,60.000,60.000,60.000,60.000,60.000,60.000,60.000,60.000,60.000,60.000,60.000,60.000,60.000,60.000,60.000,60.000,60.000,60.000,60.000,60.000,60.000,60.000,60.000,60.000,60.000,60.000,60.000,60.000,60.000,60.000,60.000,60.000,60.000,60.000,60.000,60.000,60.000,60.000,60.000,60.000,60.000,60.000,60.000,60.000,60.000,60.000,60.000,60.000,60.000,60.000,60.000,60.000,60.000,60.000,60.000,60.000,60.000,60.000,60.000,60.000,60.000,60.000,60.000,60.000,60.000,60.000,60.000
118.362,118.140,117.916,117.693,117.470,117.246,117.023,116.799,116.575,116.351,116.126,115.902,115.677,115.452,115.227,115.002,114.777,114.551,114.326,114.100,113.874,113.648,113.422,113.195,112.969,112.742,112.515,112.288,112.061,111.833,111.606,111.378,111.150,110.922,110.694,110.466,110.237,110.008,109.779,109.550,109.321,109.092,108.862,108.632,108.402,108.172,107.942,107.712,107.481,107.250,107.019,106.788,106.557,106.326,106.094,105.862,105.630,105.398,105.166,104.933,104.700,104.468,104.235,104.001,103.768,103.534,103.301,103.067,102.833,102.598,102.364,102.129,101.894,101.659,101.424,101.189,100.953,100.718,100.482,100.246,100.009,99.773,99.536,99.299,99.062,98.825,98.588,98.350,98.113,97.875,97.636,97.398,97.160,96.921,96.682,96.443,96.204,95.964,95.724,95.485,95.245,95.004,94.764,94.523,94.282,94.041,93.800,93.559,93.317,93.075,92.833,92.591,92.349,92.106,91.863,91.621,91.377,91.134,90.890,90.647,90.403,90.158,89.914,89.669,89.425,89.180,88.934,88.689,88.443,88.197,87.951,87.705,87.459,87.212,86.965,86.718,86.471,86.223,85.976,85.728,85.480,85.231,84.983,84.734,84.485,84.236,83.986,83.737,83.487,83.237,82.986,82.736,82.485,82.234,81.983,81.732,81.480,81.228,80.976,80.724,80.471,80.219,79.966,79.712,79.459,79.205,78.952,78.697,78.443,78.189,77.934,77.679,77.424,77.168,76.913,76.657,76.400,76.144,75.887,75.631,75.373,75.116,74.859,74.601,74.343,74.084,73.826,73.567,73.308,73.049,72.789,72.530,72.270,72.010,71.749,71.488,71.227,70.966,70.705,70.443,70.181,69.919,69.657,69.394,69.131,68.868,68.604,68.341,68.077,67.812,67.673,67.540,67.408,67.275,67.143,67.010,66.878,66.745,66.613,66.480,66.348,66.215,66.083,65.950,65.817,65.685,65.552,65.420,65.287,65.155,65.022,64.890,64.757,64.625,64.492,64.360,64.227,64.095,63.962,63.830,63.698,63.565,63.433,63.301,63.168,63.036,62.904,62.772,62.639,62.507,62.375,62.243,62.111,61.979,61.847,61.715,61.583,61.452,61.320,61.188,61.057,60.925,60.793,60.662,60.530,60.399,60.268,60.137,60.005,60.000,60.000,60.000,60.000,60.000,60.000,60.000,60.000,60.000,60.000,60.000,60.000,60.000,60.000,60.000,60.000,60.000,60.000,60.000,60.000,60.000,60.000,60.000,60.000,60.000,60.000,60.000,60.000,60.000,60.000,60.000,60.000,60.000,60.000,60.000,60.000,60.000,60.000,60.000,60.000,60.000,60.000,60.000,60.000,60.000,60.000,60.000,60.000,60.000,60.000,60.000,60.000,60.000,60.000,60.000,60.000,60.000,60.000,60.000,60.000,60.000,60.000,60.000,60.000,60.000,60.000,60.000,60.000,60.000,60.000,60.000,60.000,60.000,60.000,60.000,60.000,60.000,60.000,60.000,60.000,60.000,60.000,60.000,60.000,60.000,60.000,60.000,60.000,60.000,60.000,60.000,60.000,60.000,60.000,60.000,60.000,60.000,60.000,60.000,60.000,60.000,60.000,60.000,60.000,60.000,60.000,60.000,60.000,60.000,60.000,60.000,60.000,60.000,60.000,60.000,60.000,60.000,60.000,60.000,60.000,60.000,60.000,60.000,60.000,60.000,60.000,60.000,60.000,60.000,60.000,60.000,60.000,60.000,60.000,60.000,60.000,60.000,60.000,60.000,60.000,60.000,60.000,60.000,60.000,60.000,60.000,60.000,60.000,60.000,60.000,60.000,60.000,60.000,60.000,60.000,60.000,60.000,60.000,60.000,60.000,60.000,60.000,60.000,60.000,60.000,60.000,60.000,60.000,60.000,60.000,60.000,60.000,60.000,60.000,60.000,60.000,60.000,60.000,60.000,60.000,60.000,60.000,60.000,60.000,60.000,60.000,60.000,60.000,60.000,60.000,60.000,60.000,60.000,60.000,60.000,60.000,60.000,60.000,60.000,60.000,60.000,60.000,60.000,60.000,60.000,60.000,60.000,60.000,60.000,60.000,60.000,60.000,60.000,60.000,60.000,60.000,60.000,60.000,60.000,60.000,60.000
118.363,118.140,117.917,117.694,117.470,117.247,117.023,116.799,116.575,116.351,116.127,115.902,115.677,115.453,115.228,115.003,114.777,114.552,114.326,114.100,113.875,113.648,113.422,113.196,112.969,112.742,112.515,112.288,112.061,111.834,111.606,111.378,111.151,110.923,110.694,110.466,110.237,110.009,109.780,109.551,109.321,109.092,108.862,108.633,108.403,108.173,107.942,107.712,107.481,107.251,107.020,106.789,106.557,106.326,106.094,105.862,105.630,105.398,105.166,104.933,104.701,104.468,104.235,104.002,103.768,103.535,103.301,103.067,102.833,102.599,102.364,102.130,101.895,101.660,101.425,101.189,100.954,100.718,100.482,100.246,100.010,99.773,99.537,99.300,99.063,98.826,98.588,98.351,98.113,97.875,97.637,97.398,97.160,96.921,96.682,96.443,96.204,95.964,95.725,95.485,95.245,95.005,94.764,94.524,94.283,94.042,93.801,93.559,93.318,93.076,92.834,92.592,92.349,92.107,91.864,91.621,91.378,91.134,90.891,90.647,90.403,90.159,89.914,89.670,89.425,89.180,88.935,88.689,88.444,88.198,87.952,87.705,87.459,87.212,86.965,86.718,86.471,86.224,85.976,85.728,85.480,85.231,84.983,84.734,84.485,84.236,83.986,83.737,83.487,83.237,82.987,82.736,82.485,82.234,81.983,81.732,81.480,81.228,80.976,80.724,80.472,80.219,79.966,79.713,79.459,79.206,78.952,78.698,78.444,78.189,77.934,77.679,77.424,77.169,76.913,76.657,76.401,76.144,75.888,75.631,75.374,75.116,74.859,74.601,74.343,74.085,73.826,73.568,73.309,73.049,72.790,72.530,72.270,72.010,71.749,71.489,71.228,70.967,70.705,70.443,70.182,69.919,69.657,69.412,69.279,69.147,69.014,68.881,68.748,68.616,68.483,68.350,68.217,68.084,67.951,67.818,67.685,67.552,67.419,67.286,67.153,67.020,66.887,66.754,66.621,66.488,66.354,66.221,66.088,65.955,65.822,65.689,65.556,65.423,65.290,65.157,65.024,64.891,64.757,64.624,64.491,64.358,64.226,64.093,63.960,63.827,63.694,63.561,63.428,63.295,63.163,63.030,62.897,62.765,62.632,62.499,62.367,62.234,62.102,61.970,61.837,61.705,61.573,61.440,61.308,61.176,61.044,60.912,60.780,60.648,60.516,60.385,60.253,60.121,60.000,60.000,60.000,60.000,60.000,60.000,60.000,60.000,60.000,60.000,60.000,60.000,60.000,60.000,60.000,60.000,60.000,60.000,60.000,60.000,60.000,60.000,60.000,60.000,60.000,60.000,60.000,60.000,60.000,60.000,60.000,60.000,60.000,60.000,60.000,60.000,60.000,60.000,60.000,60.000,60.000,60.000,60.000,60.000,60.000,60.000,60.000,60.000,60.000,60.000,60.000,60.000,60.000,60.000,60.000,60.000,60.000,60.000,60.000,60.000,60.000,60.000,60.000,60.000,60.000,60.000,60.000,60.000,60.000,60.000,60.000,60.000,60.000,60.000,60.000,60.000,60.000,60.000,60.000,60.000,60.000,60.000,60.000,60.000,60.000,60.000,60.000,60.000,60.000,60.000,60.000,60.000,60.000,60.000,60.000,60.000,60.000,60.000,60.000,60.000,60.000,60.000,60.000,60.000,60.000,60.000,60.000,60.000,60.000,60.000,60.000,60.000,60.000,60.000,60.000,60.000,60.000,60.000,60.000,60.000,60.000,60.000,60.000,60.000,60.000,60.000,60.000,60.000,60.000,60.000,60.000,60.000,60.000,60.000,60.000,60.000,60.000,60.000,60.000,60.000,60.000,60.000,60.000,60.000,60.000,60.000,60.000,60.000,60.000,60.000,60.000,60.000,60.000,60.000,60.000,60.000,60.000,60.000,60.000,60.000,60.000,60.000,60.000,60.000,60.000,60.000,60.000,60.000,60.000,60.000,60.000,60.000,60.000,60.000,60.000,60.000,60.000,60.000,60.000,60.000,60.000,60.000,60.000,60.000,60.000,60.000,60.000,60.000,60.000,60.000,60.000,60.000,60.000,60.000,60.000,60.000,60.000,60.000,60.000,60.000,60.000,60.000,60.000,60.000,60.000,60.000,60.000,60.000,60.000,60.000,60.000,60.000,60.000,60.000,60.000,60.000
118.363,118.140,117.917,117.694,117.471,117.247,117.023,116.800,116.576,116.351,116.127,115.903,115.678,115.453,115.228,115.003,114.778,114.552,114.327,114.101,113.875,113.649,113.423,113.196,112.970,112.743,112.516,112.289,112.062,111.834,111.607,111.379,111.151,110.923,110.695,110.466,110.238,110.009,109.780,109.551,109.322,109.092,108.863,108.633,108.403,108.173,107.943,107.712,107.482,107.251,107.020,106.789,106.558,106.326,106.095,105.863,105.631,105.399,105.166,104.934,104.701,104.468,104.235,104.002,103.769,103.535,103.301,103.067,102.833,102.599,102.365,102.130,101.895,101.660,101.425,101.190,100.954,100.718,100.482,100.246,100.010,99.774,99.537,99.300,99.063,98.826,98.588,98.351,98.113,97.875,97.637,97.399,97.160,96.922,96.683,96.444,96.204,95.965,95.725,95.485,95.245,95.005,94.765,94.524,94.283,94.042,93.801,93.559,93.318,93.076,92.834,92.592,92.350,92.107,91.864,91.621,91.378,91.135,90.891,90.647,90.403,90.159,89.915,89.670,89.425,89.180,88.935,88.690,88.444,88.198,87.952,87.706,87.459,87.213,86.966,86.719,86.471,86.224,85.976,85.728,85.480,85.232,84.983,84.734,84.485,84.236,83.987,83.737,83.487,83.237,82.987,82.736,82.486,82.235,81.984,81.732,81.481,81.229,80.977,80.724,80.472,80.219,79.966,79.713,79.460,79.206,78.952,78.698,78.444,78.189,77.935,77.680,77.424,77.169,76.913,76.657,76.401,76.145,75.888,75.631,75.374,75.117,74.859,74.602,74.343,74.085,73.827,73.568,73.309,73.050,72.790,72.530,72.271,72.010,71.750,71.489,71.228,71.037,70.904,70.771,70.638,70.505,70.372,70.239,70.106,69.973,69.840,69.707,69.574,69.440,69.307,69.174,69.040,68.907,68.773,68.640,68.507,68.373,68.240,68.106,67.972,67.839,67.705,67.572,67.438,67.304,67.171,67.037,66.903,66.770,66.636,66.502,66.369,66.235,66.101,65.968,65.834,65.700,65.567,65.433,65.299,65.166,65.032,64.899,64.765,64.631,64.498,64.364,64.231,64.098,63.964,63.831,63.697,63.564,63.431,63.297,63.164,63.031,62.898,62.765,62.632,62.499,62.366,62.233,62.100,61.967,61.834,61.701,61.569,61.436,61.303,61.171,61.038,60.906,60.774,60.641,60.509,60.377,60.245,60.113,60.000,60.000,60.000,60.000,60.000,60.000,60.000,60.000,60.000,60.000,60.000,60.000,60.000,60.000,60.000,60.000,60.000,60.000,60.000,60.000,60.000,60.000,60.000,60.000,60.000,60.000,60.000,60.000,60.000,60.000,60.000,60.000,60.000,60.000,60.000,60.000,60.000,60.000,60.000,60.000,60.000,60.000,60.000,60.000,60.000,60.000,60.000,60.000,60.000,60.000,60.000,60.000,60.000,60.000,60.000,60.000,60.000,60.000,60.000,60.000,60.000,60.000,60.000,60.000,60.000,60.000,60.000,60.000,60.000,60.000,60.000,60.000,60.000,60.000,60.000,60.000,60.000,60.000,60.000,60.000,60.000,60.000,60.000,60.000,60.000,60.000,60.000,60.000,60.000,60.000,60.000,60.000,60.000,60.000,60.000,60.000,60.000,60.000,60.000,60.000,60.000,60.000,60.000,60.000,60.000,60.000,60.000,60.000,60.000,60.000,60.000,60.000,60.000,60.000,60.000,60.000,60.000,60.000,60.000,60.000,60.000,60.000,60.000,60.000,60.000,60.000,60.000,60.000,60.000,60.000,60.000,60.000,60.000,60.000,60.000,60.000,60.000,60.000,60.000,60.000,60.000,60.000,60.000,60.000,60.000,60.000,60.000,60.000,60.000,60.000,60.000,60.000,60.000,60.000,60.000,60.000,60.000,60.000,60.000,60.000,60.000,60.000,60.000,60.000,60.000,60.000,60.000,60.000,60.000,60.000,60.000,60.000,60.000,60.000,60.000,60.000,60.000,60.000,60.000,60.000,60.000,60.000,60.000,60.000,60.000,60.000,60.000,60.000,60.000,60.000,60.000,60.000,60.000,60.000,60.000,60.000,60.000,60.000,60.000,60.000,60.000,60.000,60.000,60.000,60.000,60.000,60.000,60.000,60.000,60.000
118.364,118.141,117.918,117.694,117.471,117.248,117.024,116.800,116.576,116.352,116.127,115.903,115.678,115.453,115.228,115.003,114.778,114.553,114.327,114.101,113.875,113.649,113.423,113.196,112.970,112.743,112.516,112.289,112.062,111.835,111.607,111.379,111.151,110.923,110.695,110.467,110.238,110.009,109.780,109.551,109.322,109.093,108.863,108.633,108.403,108.173,107.943,107.713,107.482,107.251,107.020,106.789,106.558,106.327,106.095,105.863,105.631,105.399,105.167,104.934,104.701,104.469,104.236,104.002,103.769,103.535,103.302,103.068,102.834,102.599,102.365,102.130,101.895,101.660,101.425,101.190,100.954,100.719,100.483,100.247,100.010,99.774,99.537,99.300,99.063,98.826,98.589,98.351,98.113,97.876,97.637,97.399,97.161,96.922,96.683,96.444,96.205,95.965,95.725,95.486,95.246,95.005,94.765,94.524,94.283,94.042,93.801,93.560,93.318,93.076,92.834,92.592,92.350,92.107,91.864,91.621,91.378,91.135,90.891,90.647,90.404,90.159,89.915,89.670,89.425,89.180,88.935,88.690,88.444,88.198,87.952,87.706,87.460,87.213,86.966,86.719,86.472,86.224,85.977,85.729,85.480,85.232,84.984,84.735,84.486,84.237,83.987,83.738,83.488,83.238,82.987,82.737,82.486,82.235,81.984,81.733,81.481,81.229,80.977,80.725,80.472,80.220,79.967,79.713,79.460,79.206,78.953,78.699,78.444,78.190,77.935,77.680,77.425,77.169,76.914,76.658,76.402,76.145,75.889,75.632,75.375,75.117,74.860,74.602,74.344,74.086,73.827,73.568,73.309,73.050,72.811,72.678,72.545,72.413,72.280,72.147,72.014,71.881,71.747,71.614,71.481,71.348,71.214,71.081,70.948,70.814,70.680,70.547,70.413,70.279,70.146,70.012,69.878,69.744,69.610,69.476,69.342,69.209,69.074,68.940,68.806,68.672,68.538,68.404,68.270,68.136,68.001,67.867,67.733,67.599,67.465,67.330,67.196,67.062,66.927,66.793,66.659,66.525,66.390,66.256,66.122,65.988,65.853,65.719,65.585,65.451,65.317,65.182,65.048,64.914,64.780,64.646,64.512,64.378,64.244,64.110,63.976,63.842,63.708,63.574,63.440,63.307,63.173,63.039,62.905,62.772,62.638,62.505,62.371,62.238,62.104,61.971,61.838,61.705,61.572,61.438,61.305,61.172,61.040,60.907,60.774,60.641,60.509,60.376,60.244,60.111,60.000,60.000,60.000,60.000,60.000,60.000,60.000,60.000,60.000,60.000,60.000,60.000,60.000,60.000,60.000,60.000,60.000,60.000,60.000,60.000,60.000,60.000,60.000,60.000,60.000,60.000,60.000,60.000,60.000,60.000,60.000,60.000,60.000,60.000,60.000,60.000,60.000,60.000,60.000,60.000,60.000,60.000,60.000,60.000,60.000,60.000,60.000,60.000,60.000,60.000,60.000,60.000,60.000,60.000,60.000,60.000,60.000,60.000,60.000,60.000,60.000,60.000,60.000,60.000,60.000,60.000,60.000,60.000,60.000,60.000,60.000,60.000,60.000,60.000,60.000,60.000,60.000,60.000,60.000,60.000,60.000,60.000,60.000,60.000,60.000,60.000,60.000,60.000,60.000,60.000,60.000,60.000,60.000,60.000,60.000,60.000,60.000,60.000,60.000,60.000,60.000,60.000,60.000,60.000,60.000,60.000,60.000,60.000,60.000,60.000,60.000,60.000,60.000,60.000,60.000,60.000,60.000,60.000,60.000,60.000,60.000,60.000,60.000,60.000,60.000,60.000,60.000,60.000,60.000,60.000,60.000,60.000,60.000,60.000,60.000,60.000,60.000,60.000,60.000,60.000,60.000,60.000,60.000,60.000,60.000,60.000,60.000,60.000,60.000,60.000,60.000,60.000,60.000,60.000,60.000,60.000,60.000,60.000,60.000,60.000,60.000,60.000,60.000,60.000,60.000,60.000,60.000,60.000,60.000,60.000,60.000,60.000,60.000,60.000,60.000,60.000,60.000,60.000,60.000,60.000,60.000,60.000,60.000,60.000,60.000,60.000,60.000,60.000,60.000,60.000,60.000,60.000,60.000,60.000,60.000,60.000,60.000,60.000,60.000,60.000,60.000,60.000,60.000,60.000
118.364,118.141,117.918,117.695,117.471,117.248,117.024,116.800,116.576,116.352,116.128,115.903,115.679,115.454,115.229,115.004,114.778,114.553,114.327,114.102,113.876,113.650,113.423,113.197,112.970,112.744,112.517,112.290,112.062,111.835,111.607,111.380,111.152,110.924,110.695,110.467,110.238,110.010,109.781,109.552,109.322,109.093,108.863,108.634,108.404,108.174,107.943,107.713,107.482,107.252,107.021,106.790,106.558,106.327,106.095,105.863,105.631,105.399,105.167,104.934,104.702,104.469,104.236,104.003,103.769,103.536,103.302,103.068,102.834,102.600,102.365,102.131,101.896,101.661,101.426,101.190,100.955,100.719,100.483,100.247,100.011,99.774,99.538,99.301,99.064,98.827,98.589,98.352,98.114,97.876,97.638,97.399,97.161,96.922,96.683,96.444,96.205,95.965,95.726,95.486,95.246,95.006,94.765,94.525,94.284,94.043,93.802,93.560,93.319,93.077,92.835,92.593,92.350,92.108,91.865,91.622,91.379,91.135,90.892,90.648,90.404,90.160,89.915,89.671,89.426,89.181,88.936,88.690,88.445,88.199,87.953,87.706,87.460,87.213,86.966,86.719,86.472,86.225,85.977,85.729,85.481,85.232,84.984,84.735,84.486,84.237,83.987,83.738,83.488,83.238,82.988,82.737,82.486,82.235,81.984,81.733,81.481,81.229,80.977,80.725,80.473,80.220,79.967,79.714,79.460,79.207,78.953,78.699,78.445,78.190,77.935,77.680,77.425,77.170,76.914,76.658,76.402,76.145,75.889,75.632,75.375,75.118,74.860,74.602,74.467,74.335,74.202,74.070,73.937,73.804,73.672,73.539,73.406,73.272,73.139,73.006,72.873,72.739,72.606,72.472,72.339,72.205,72.071,71.938,71.804,71.670,71.536,71.402,71.268,71.134,70.999,70.865,70.731,70.597,70.462,70.328,70.193,70.059,69.924,69.790,69.655,69.521,69.386,69.251,69.117,68.982,68.847,68.713,68.578,68.443,68.308,68.173,68.038,67.904,67.769,67.634,67.499,67.364,67.229,67.094,66.959,66.825,66.690,66.555,66.420,66.285,66.150,66.015,65.880,65.746,65.611,65.476,65.341,65.206,65.072,64.937,64.802,64.668,64.533,64.399,64.264,64.129,63.995,63.860,63.726,63.592,63.457,63.323,63.189,63.055,62.920,62.786,62.652,62.518,62.384,62.250,62.116,61.983,61.849,61.715,61.582,61.448,61.315,61.181,61.048,60.915,60.781,60.648,60.515,60.382,60.249,60.116,60.000,60.000,60.000,60.000,60.000,60.000,60.000,60.000,60.000,60.000,60.000,60.000,60.000,60.000,60.000,60.000,60.000,60.000,60.000,60.000,60.000,60.000,60.000,60.000,60.000,60.000,60.000,60.000,60.000,60.000,60.000,60.000,60.000,60.000,60.000,60.000,60.000,60.000,60.000,60.000,60.000,60.000,60.000,60.000,60.000,60.000,60.000,60.000,60.000,60.000,60.000,60.000,60.000,60.000,60.000,60.000,60.000,60.000,60.000,60.000,60.000,60.000,60.000,60.000,60.000,60.000,60.000,60.000,60.000,60.000,60.000,60.000,60.000,60.000,60.000,60.000,60.000,60.000,60.000,60.000,60.000,60.000,60.000,60.000,60.000,60.000,60.000,60.000,60.000,60.000,60.000,60.000,60.000,60.000,60.000,60.000,60.000,60.000,60.000,60.000,60.000,60.000,60.000,60.000,60.000,60.000,60.000,60.000,60.000,60.000,60.000,60.000,60.000,60.000,60.000,60.000,60.000,60.000,60.000,60.000,60.000,60.000,60.000,60.000,60.000,60.000,60.000,60.000,60.000,60.000,60.000,60.000,60.000,60.000,60.000,60.000,60.000,60.000,60.000,60.000,60.000,60.000,60.000,60.000,60.000,60.000,60.000,60.000,60.000,60.000,60.000,60.000,60.000,60.000,60.000,60.000,60.000,60.000,60.000,60.000,60.000,60.000,60.000,60.000,60.000,60.000,60.000,60.000,60.000,60.000,60.000,60.000,60.000,60.000,60.000,60.000,60.000,60.000,60.000,60.000,60.000,60.000,60.000,60.000,60.000,60.000,60.000,60.000,60.000,60.000,60.000,60.000,60.000,60.000,60.000,60.000,60.000,60.000
118.365,118.142,117.919,117.695,117.472,117.248,117.025,116.801,116.577,116.353,116.128,115.904,115.679,115.454,115.229,115.004,114.779,114.553,114.328,114.102,113.876,113.650,113.424,113.197,112.971,112.744,112.517,112.290,112.063,111.835,111.608,111.380,111.152,110.924,110.696,110.467,110.239,110.010,109.781,109.552,109.323,109.093,108.864,108.634,108.404,108.174,107.944,107.713,107.483,107.252,107.021,106.790,106.559,106.327,106.096,105.864,105.632,105.400,105.167,104.935,104.702,104.469,104.236,104.003,103.770,103.536,103.302,103.068,102.834,102.600,102.366,102.131,101.896,101.661,101.426,101.191,100.955,100.719,100.483,100.247,100.011,99.775,99.538,99.301,99.064,98.827,98.589,98.352,98.114,97.876,97.638,97.400,97.161,96.922,96.684,96.444,96.205,95.966,95.726,95.486,95.246,95.006,94.765,94.525,94.284,94.043,93.802,93.560,93.319,93.077,92.835,92.593,92.350,92.108,91.865,91.622,91.379,91.135,90.892,90.648,90.404,90.160,89.916,89.671,89.426,89.181,88.936,88.690,88.445,88.199,87.953,87.707,87.460,87.214,86.967,86.720,86.472,86.225,85.977,85.729,85.481,85.233,84.984,84.735,84.486,84.237,83.988,83.738,83.488,83.238,82.988,82.737,82.487,82.236,81.985,81.733,81.482,81.230,80.978,80.725,80.473,80.220,79.967,79.714,79.461,79.207,78.953,78.699,78.445,78.190,77.936,77.681,77.425,77.170,76.914,76.658,76.402,76.270,76.138,76.006,75.874,75.742,75.610,75.477,75.345,75.212,75.079,74.947,74.814,74.681,74.548,74.414,74.281,74.148,74.014,73.881,73.747,73.613,73.480,73.346,73.212,73.078,72.944,72.810,72.675,72.541,72.407,72.272,72.138,72.003,71.869,71.734,71.599,71.465,71.330,71.195,71.060,70.925,70.790,70.655,70.520,70.385,70.250,70.115,69.979,69.844,69.709,69.573,69.438,69.303,69.167,69.032,68.897,68.761,68.626,68.490,68.355,68.219,68.084,67.948,67.813,67.677,67.541,67.406,67.270,67.135,66.999,66.864,66.728,66.593,66.457,66.322,66.186,66.051,65.915,65.780,65.644,65.509,65.374,65.238,65.103,64.968,64.832,64.697,64.562,64.427,64.292,64.157,64.022,63.887,63.752,63.617,63.482,63.347,63.212,63.077,62.943,62.808,62.673,62.539,62.404,62.270,62.136,62.001,61.867,61.733,61.599,61.465,61.331,61.197,61.063,60.929,60.796,60.662,60.529,60.395,60.262,60.129,60.000,60.000,60.000,60.000,60.000,60.000,60.000,60.000,60.000,60.000,60.000,60.000,60.000,60.000,60.000,60.000,60.000,60.000,60.000,60.000,60.000,60.000,60.000,60.000,60.000,60.000,60.000,60.000,60.000,60.000,60.000,60.000,60.000,60.000,60.000,60.000,60.000,60.000,60.000,60.000,60.000,60.000,60.000,60.000,60.000,60.000,60.000,60.000,60.000,60.000,60.000,60.000,60.000,60.000,60.000,60.000,60.000,60.000,60.000,60.000,60.000,60.000,60.000,60.000,60.000,60.000,60.000,60.000,60.000,60.000,60.000,60.000,60.000,60.000,60.000,60.000,60.000,60.000,60.000,60.000,60.000,60.000,60.000,60.000,60.000,60.000,60.000,60.000,60.000,60.000,60.000,60.000,60.000,60.000,60.000,60.000,60.000,60.000,60.000,60.000,60.000,60.000,60.000,60.000,60.000,60.000,60.000,60.000,60.000,60.000,60.000,60.000,60.000,60.000,60.000,60.000,60.000,60.000,60.000,60.000,60.000,60.000,60.000,60.000,60.000,60.000,60.000,60.000,60.000,60.000,60.000,60.000,60.000,60.000,60.000,60.000,60.000,60.000,60.000,60.000,60.000,60.000,60.000,60.000,60.000,60.000,60.000,60.000,60.000,60.000,60.000,60.000,60.000,60.000,60.000,60.000,60.000,60.000,60.000,60.000,60.000,60.000,60.000,60.000,60.000,60.000,60.000,60.000,60.000,60.000,60.000,60.000,60.000,60.000,60.000,60.000,60.000,60.000,60.000,60.000,60.000,60.000,60.000,60.000,60.000,60.000,60.000,60.000,60.000,60.000,60.000,60.000
118.365,118.142,117.919,117.696,117.472,117.249,117.025,116.801,116.577,116.353,116.129,115.904,115.679,115.455,115.230,115.005,114.779,114.554,114.328,114.102,113.876,113.650,113.424,113.198,112.971,112.744,112.517,112.290,112.063,111.836,111.608,111.380,111.152,110.924,110.696,110.468,110.239,110.010,109.781,109.552,109.323,109.094,108.864,108.634,108.405,108.174,107.944,107.714,107.483,107.252,107.021,106.790,106.559,106.328,106.096,105.864,105.632,105.400,105.168,104.935,104.702,104.470,104.237,104.003,103.770,103.536,103.303,103.069,102.835,102.600,102.366,102.131,101.896,101.661,101.426,101.191,100.955,100.720,100.484,100.248,100.011,99.775,99.538,99.301,99.064,98.827,98.590,98.352,98.114,97.876,97.638,97.400,97.161,96.923,96.684,96.445,96.206,95.966,95.726,95.487,95.246,95.006,94.766,94.525,94.284,94.043,93.802,93.561,93.319,93.077,92.835,92.593,92.351,92.108,91.865,91.622,91.379,91.136,90.892,90.648,90.404,90.160,89.916,89.671,89.426,89.181,88.936,88.691,88.445,88.199,87.953,87.707,87.461,87.214,86.967,86.720,86.473,86.225,85.977,85.730,85.481,85.233,84.985,84.736,84.487,84.238,83.988,83.738,83.489,83.239,82.988,82.738,82.487,82.236,81.985,81.734,81.482,81.230,80.978,80.726,80.473,80.221,79.968,79.714,79.461,79.207,78.954,78.700,78.445,78.216,78.085,77.954,77.823,77.691,77.560,77.428,77.296,77.164,77.032,76.900,76.768,76.635,76.503,76.370,76.238,76.105,75.972,75.839,75.706,75.573,75.439,75.306,75.172,75.039,74.905,74.771,74.637,74.503,74.369,74.235,74.101,73.966,73.832,73.697,73.563,73.428,73.293,73.159,73.024,72.889,72.754,72.619,72.484,72.349,72.213,72.078,71.943,71.807,71.672,71.536,71.401,71.265,71.129,70.994,70.858,70.722,70.586,70.451,70.315,70.179,70.043,69.907,69.771,69.635,69.499,69.363,69.226,69.090,68.954,68.818,68.682,68.546,68.409,68.273,68.137,68.001,67.865,67.728,67.592,67.456,67.320,67.184,67.047,66.911,66.775,66.639,66.503,66.366,66.230,66.094,65.958,65.822,65.686,65.550,65.414,65.278,65.142,65.006,64.870,64.734,64.599,64.463,64.327,64.191,64.056,63.920,63.785,63.649,63.514,63.378,63.243,63.108,62.972,62.837,62.702,62.567,62.432,62.297,62.162,62.027,61.893,61.758,61.623,61.489,61.354,61.220,61.086,60.952,60.817,60.683,60.549,60.415,60.282,60.148,60.014,60.000,60.000,60.000,60.000,60.000,60.000,60.000,60.000,60.000,60.000,60.000,60.000,60.000,60.000,60.000,60.000,60.000,60.000,60.000,60.000,60.000,60.000,60.000,60.000,60.000,60.000,60.000,60.000,60.000,60.000,60.000,60.000,60.000,60.000,60.000,60.000,60.000,60.000,60.000,60.000,60.000,60.000,60.000,60.000,60.000,60.000,60.000,60.000,60.000,60.000,60.000,60.000,60.000,60.000,60.000,60.000,60.000,60.000,60.000,60.000,60.000,60.000,60.000,60.000,60.000,60.000,60.000,60.000,60.000,60.000,60.000,60.000,60.000,60.000,60.000,60.000,60.000,60.000,60.000,60.000,60.000,60.000,60.000,60.000,60.000,60.000,60.000,60.000,60.000,60.000,60.000,60.000,60.000,60.000,60.000,60.000,60.000,60.000,60.000,60.000,60.000,60.000,60.000,60.000,60.000,60.000,60.000,60.000,60.000,60.000,60.000,60.000,60.000,60.000,60.000,60.000,60.000,60.000,60.000,60.000,60.000,60.000,60.000,60.000,60.000,60.000,60.000,60.000,60.000,60.000,60.000,60.000,60.000,60.000,60.000,60.000,60.000,60.000,60.000,60.000,60.000,60.000,60.000,60.000,60.000,60.000,60.000,60.000,60.000,60.000,60.000,60.000,60.000,60.000,60.000,60.000,60.000,60.000,60.000,60.000,60.000,60.000,60.000,60.000,60.000,60.000,60.000,60.000,60.000,60.000,60.000,60.000,60.000,60.000,60.000,60.000,60.000,60.000,60.000,60.000,60.000,60.000,60.000,60.000,60.000
118.365,118.142,117.919,117.696,117.473,117.249,117.025,116.802,116.578,116.353,116.129,115.905,115.680,115.455,115.230,115.005,114.780,114.554,114.329,114.103,113.877,113.651,113.424,113.198,112.971,112.745,112.518,112.291,112.063,111.836,111.608,111.381,111.153,110.925,110.696,110.468,110.239,110.011,109.782,109.553,109.324,109.094,108.865,108.635,108.405,108.175,107.945,107.714,107.484,107.253,107.022,106.791,106.559,106.328,106.096,105.864,105.632,105.400,105.168,104.935,104.703,104.470,104.237,104.004,103.770,103.537,103.303,103.069,102.835,102.601,102.366,102.132,101.897,101.662,101.427,101.191,100.956,100.720,100.484,100.248,100.012,99.775,99.539,99.302,99.065,98.827,98.590,98.352,98.115,97.877,97.639,97.400,97.162,96.923,96.684,96.445,96.206,95.966,95.727,95.487,95.247,95.007,94.766,94.525,94.285,94.044,93.802,93.561,93.319,93.078,92.836,92.593,92.351,92.108,91.866,91.623,91.380,91.136,90.893,90.649,90.405,90.161,89.916,89.672,89.427,89.182,88.937,88.691,88.445,88.200,87.954,87.707,87.461,87.214,86.967,86.720,86.473,86.226,85.978,85.730,85.482,85.233,84.985,84.736,84.487,84.238,83.988,83.739,83.489,83.239,82.989,82.738,82.487,82.236,81.985,81.734,81.482,81.230,80.978,80.726,80.474,80.221,80.039,79.909,79.779,79.648,79.518,79.387,79.257,79.126,78.995,78.864,78.732,78.601,78.469,78.338,78.206,78.074,77.942,77.810,77.677,77.545,77.412,77.279,77.147,77.014,76.880,76.747,76.614,76.481,76.347,76.213,76.080,75.946,75.812,75.678,75.544,75.409,75.275,75.141,75.006,74.871,74.737,74.602,74.467,74.332,74.197,74.062,73.926,73.791,73.656,73.520,73.385,73.249,73.114,72.978,72.842,72.706,72.570,72.434,72.298,72.162,72.026,71.890,71.753,71.617,71.481,71.344,71.208,71.072,70.935,70.798,70.662,70.525,70.389,70.252,70.115,69.978,69.842,69.705,69.568,69.431,69.294,69.157,69.021,68.884,68.747,68.610,68.473,68.336,68.199,68.062,67.925,67.788,67.651,67.514,67.377,67.240,67.104,66.967,66.830,66.693,66.556,66.419,66.282,66.146,66.009,65.872,65.735,65.599,65.462,65.325,65.189,65.052,64.916,64.779,64.643,64.507,64.370,64.234,64.098,63.961,63.825,63.689,63.553,63.417,63.281,63.145,63.010,62.874,62.738,62.603,62.467,62.331,62.196,62.061,61.925,61.790,61.655,61.520,61.385,61.250,61.115,60.981,60.846,60.712,60.577,60.443,60.308,60.174,60.040,60.000,60.000,60.000,60.000,60.000,60.000,60.000,60.000,60.000,60.000,60.000,60.000,60.000,60.000,60.000,60.000,60.000,60.000,60.000,60.000,60.000,60.000,60.000,60.000,60.000,60.000,60.000,60.000,60.000,60.000,60.000,60.000,60.000,60.000,60.000,60.000,60.000,60.000,60.000,60.000,60.000,60.000,60.000,60.000,60.000,60.000,60.000,60.000,60.000,60.000,60.000,60.000,60.000,60.000,60.000,60.000,60.000,60.000,60.000,60.000,60.000,60.000,60.000,60.000,60.000,60.000,60.000,60.000,60.000,60.000,60.000,60.000,60.000,60.000,60.000,60.000,60.000,60.000,60.000,60.000,60.000,60.000,60.000,60.000,60.000,60.000,60.000,60.000,60.000,60.000,60.000,60.000,60.000,60.000,60.000,60.000,60.000,60.000,60.000,60.000,60.000,60.000,60.000,60.000,60.000,60.000,60.000,60.000,60.000,60.000,60.000,60.000,60.000,60.000,60.000,60.000,60.000,60.000,60.000,60.000,60.000,60.000,60.000,60.000,60.000,60.000,60.000,60.000,60.000,60.000,60.000,60.000,60.000,60.000,60.000,60.000,60.000,60.000,60.000,60.000,60.000,60.000,60.000,60.000,60.000,60.000,60.000,60.000,60.000,60.000,60.000,60.000,60.000,60.000,60.000,60.000,60.000,60.000,60.000,60.000,60.000,60.000,60.000,60.000,60.000,60.000,60.000,60.000,60.000,60.000,60.000,60.000,60.000,60.000,60.000,60.000,60.000,60.000,60.000
118.366,118.143,117.920,117.697,117.473,117.250,117.026,116.802,116.578,116.354,116.129,115.905,115.680,115.455,115.230,115.005,114.780,114.555,114.329,114.103,113.877,113.651,113.425,113.198,112.972,112.745,112.518,112.291,112.064,111.836,111.609,111.381,111.153,110.925,110.697,110.468,110.240,110.011,109.782,109.553,109.324,109.094,108.865,108.635,108.405,108.175,107.945,107.714,107.484,107.253,107.022,106.791,106.560,106.328,106.097,105.865,105.633,105.401,105.168,104.936,104.703,104.470,104.237,104.004,103.771,103.537,103.303,103.069,102.835,102.601,102.367,102.132,101.897,101.662,101.427,101.192,100.956,100.720,100.484,100.248,100.012,99.775,99.539,99.302,99.065,98.828,98.590,98.353,98.115,97.877,97.639,97.401,97.162,96.923,96.684,96.445,96.206,95.967,95.727,95.487,95.247,95.007,94.766,94.526,94.285,94.044,93.803,93.561,93.320,93.078,92.836,92.594,92.351,92.109,91.866,91.623,91.380,91.136,90.893,90.649,90.405,90.161,89.916,89.672,89.427,89.182,88.937,88.691,88.446,88.200,87.954,87.708,87.461,87.215,86.968,86.721,86.473,86.226,85.978,85.730,85.482,85.234,84.985,84.736,84.487,84.238,83.989,83.739,83.489,83.239,82.989,82.738,82.488,82.237,81.997,81.869,81.740,81.611,81.482,81.353,81.223,81.094,80.964,80.834,80.704,80.574,80.444,80.313,80.182,80.052,79.921,79.790,79.658,79.527,79.395,79.264,79.132,79.000,78.868,78.735,78.603,78.470,78.338,78.205,78.072,77.939,77.806,77.672,77.539,77.405,77.272,77.138,77.004,76.870,76.736,76.601,76.467,76.332,76.198,76.063,75.928,75.793,75.658,75.523,75.388,75.253,75.117,74.982,74.846,74.711,74.575,74.439,74.303,74.167,74.031,73.895,73.759,73.622,73.486,73.349,73.213,73.076,72.940,72.803,72.666,72.529,72.393,72.256,72.119,71.982,71.845,71.707,71.570,71.433,71.296,71.159,71.021,70.884,70.746,70.609,70.471,70.334,70.196,70.059,69.921,69.784,69.646,69.509,69.371,69.233,69.096,68.958,68.820,68.683,68.545,68.407,68.269,68.132,67.994,67.856,67.719,67.581,67.443,67.306,67.168,67.030,66.893,66.755,66.618,66.480,66.343,66.205,66.068,65.930,65.793,65.656,65.518,65.381,65.244,65.106,64.969,64.832,64.695,64.558,64.421,64.284,64.147,64.010,63.874,63.737,63.600,63.464,63.327,63.191,63.054,62.918,62.782,62.645,62.509,62.373,62.237,62.101,61.965,61.830,61.694,61.558,61.423,61.287,61.152,61.017,60.882,60.747,60.612,60.477,60.342,60.207,60.073,60.000,60.000,60.000,60.000,60.000,60.000,60.000,60.000,60.000,60.000,60.000,60.000,60.000,60.000,60.000,60.000,60.000,60.000,60.000,60.000,60.000,60.000,60.000,60.000,60.000,60.000,60.000,60.000,60.000,60.000,60.000,60.000,60.000,60.000,60.000,60.000,60.000,60.000,60.000,60.000,60.000,60.000,60.000,60.000,60.000,60.000,60.000,60.000,60.000,60.000,60.000,60.000,60.000,60.000,60.000,60.000,60.000,60.000,60.000,60.000,60.000,60.000,60.000,60.000,60.000,60.000,60.000,60.000,60.000,60.000,60.000,60.000,60.000,60.000,60.000,60.000,60.000,60.000,60.000,60.000,60.000,60.000,60.000,60.000,60.000,60.000,60.000,60.000,60.000,60.000,60.000,60.000,60.000,60.000,60.000,60.000,60.000,60.000,60.000,60.000,60.000,60.000,60.000,60.000,60.000,60.000,60.000,60.000,60.000,60.000,60.000,60.000,60.000,60.000,60.000,60.000,60.000,60.000,60.000,60.000,60.000,60.000,60.000,60.000,60.000,60.000,60.000,60.000,60.000,60.000,60.000,60.000,60.000,60.000,60.000,60.000,60.000,60.000,60.000,60.000,60.000,60.000,60.000,60.000,60.000,60.000,60.000,60.000,60.000,60.000,60.000,60.000,60.000,60.000,60.000,60.000,60.000,60.000,60.000,60.000,60.000,60.000,60.000,60.000,60.000,60.000,60.000,60.000,60.000,60.000,60.000,60.000,60.000
118.366,118.143,117.920,117.697,117.474,117.250,117.026,116.802,116.578,116.354,116.130,115.905,115.681,115.456,115.231,115.006,114.780,114.555,114.329,114.104,113.878,113.651,113.425,113.199,112.972,112.745,112.518,112.291,112.064,111.837,111.609,111.381,111.154,110.925,110.697,110.469,110.240,110.011,109.783,109.553,109.324,109.095,108.865,108.636,108.406,108.175,107.945,107.715,107.484,107.253,107.022,106.791,106.560,106.329,106.097,105.865,105.633,105.401,105.169,104.936,104.703,104.471,104.238,104.004,103.771,103.537,103.304,103.070,102.836,102.601,102.367,102.132,101.897,101.662,101.427,101.192,100.956,100.721,100.485,100.249,100.012,99.776,99.539,99.302,99.065,98.828,98.591,98.353,98.115,97.877,97.639,97.401,97.162,96.924,96.685,96.446,96.206,95.967,95.727,95.487,95.247,95.007,94.767,94.526,94.285,94.044,93.803,93.562,93.320,93.078,92.836,92.594,92.352,92.109,91.866,91.623,91.380,91.137,90.893,90.649,90.405,90.161,89.917,89.672,89.427,89.182,88.937,88.692,88.446,88.200,87.954,87.708,87.462,87.215,86.968,86.721,86.474,86.226,85.978,85.731,85.482,85.234,84.985,84.737,84.488,84.239,83.989,83.829,83.702,83.575,83.448,83.320,83.193,83.065,82.937,82.808,82.680,82.551,82.422,82.293,82.164,82.035,81.905,81.776,81.646,81.516,81.385,81.255,81.125,80.994,80.863,80.732,80.601,80.469,80.338,80.206,80.074,79.942,79.810,79.678,79.545,79.413,79.280,79.147,79.014,78.881,78.748,78.614,78.481,78.347,78.213,78.079,77.945,77.811,77.677,77.542,77.408,77.273,77.138,77.003,76.868,76.733,76.598,76.462,76.327,76.191,76.055,75.920,75.784,75.648,75.512,75.375,75.239,75.103,74.966,74.830,74.693,74.556,74.419,74.283,74.146,74.009,73.871,73.734,73.597,73.460,73.322,73.185,73.047,72.910,72.772,72.634,72.497,72.359,72.221,72.083,71.945,71.807,71.669,71.531,71.393,71.255,71.117,70.978,70.840,70.702,70.564,70.425,70.287,70.149,70.010,69.872,69.733,69.595,69.456,69.318,69.179,69.041,68.903,68.764,68.626,68.487,68.349,68.210,68.072,67.933,67.795,67.656,67.518,67.379,67.241,67.103,66.964,66.826,66.688,66.549,66.411,66.273,66.135,65.997,65.858,65.720,65.582,65.444,65.306,65.168,65.031,64.893,64.755,64.617,64.480,64.342,64.204,64.067,63.929,63.792,63.655,63.518,63.380,63.243,63.106,62.969,62.832,62.695,62.559,62.422,62.285,62.149,62.013,61.876,61.740,61.604,61.468,61.332,61.196,61.060,60.924,60.789,60.653,60.518,60.382,60.247,60.112,60.000,60.000,60.000,60.000,60.000,60.000,60.000,60.000,60.000,60.000,60.000,60.000,60.000,60.000,60.000,60.000,60.000,60.000,60.000,60.000,60.000,60.000,60.000,60.000,60.000,60.000,60.000,60.000,60.000,60.000,60.000,60.000,60.000,60.000,60.000,60.000,60.000,60.000,60.000,60.000,60.000,60.000,60.000,60.000,60.000,60.000,60.000,60.000,60.000,60.000,60.000,60.000,60.000,60.000,60.000,60.000,60.000,60.000,60.000,60.000,60.000,60.000,60.000,60.000,60.000,60.000,60.000,60.000,60.000,60.000,60.000,60.000,60.000,60.000,60.000,60.000,60.000,60.000,60.000,60.000,60.000,60.000,60.000,60.000,60.000,60.000,60.000,60.000,60.000,60.000,60.000,60.000,60.000,60.000,60.000,60.000,60.000,60.000,60.000,60.000,60.000,60.000,60.000,60.000,60.000,60.000,60.000,60.000,60.000,60.000,60.000,60.000,60.000,60.000,60.000,60.000,60.000,60.000,60.000,60.000,60.000,60.000,60.000,60.000,60.000,60.000,60.000,60.000,60.000,60.000,60.000,60.000,60.000,60.000,60.000,60.000,60.000,60.000,60.000,60.000,60.000,60.000,60.000,60.000,60.000,60.000,60.000,60.000,60.000,60.000,60.000,60.000,60.000,60.000,60.000,60.000,60.000,60.000,60.000,60.000,60.000,60.000,60.000,60.000,60.000,60.000,60.000
118.367,118.144,117.921,117.697,117.474,117.250,117.027,116.803,116.579,116.355,116.130,115.906,115.681,115.456,115.231,115.006,114.781,114.555,114.330,114.104,113.878,113.652,113.426,113.199,112.973,112.746,112.519,112.292,112.065,111.837,111.610,111.382,111.154,110.926,110.698,110.469,110.241,110.012,109.783,109.554,109.325,109.095,108.866,108.636,108.406,108.176,107.946,107.715,107.485,107.254,107.023,106.792,106.560,106.329,106.097,105.866,105.634,105.401,105.169,104.937,104.704,104.471,104.238,104.005,103.771,103.538,103.304,103.070,102.836,102.602,102.367,102.133,101.898,101.663,101.428,101.192,100.957,100.721,100.485,100.249,100.013,99.776,99.539,99.303,99.066,98.828,98.591,98.353,98.116,97.878,97.640,97.401,97.163,96.924,96.685,96.446,96.207,95.967,95.728,95.488,95.248,95.007,94.767,94.526,94.286,94.045,93.803,93.562,93.320,93.079,92.837,92.594,92.352,92.109,91.867,91.624,91.380,91.137,90.893,90.650,90.406,90.161,89.917,89.672,89.428,89.183,88.937,88.692,88.446,88.201,87.955,87.708,87.462,87.215,86.968,86.721,86.474,86.226,85.979,85.787,85.662,85.537,85.412,85.286,85.161,85.035,84.908,84.782,84.656,84.529,84.402,84.275,84.147,84.020,83.892,83.764,83.636,83.508,83.379,83.250,83.121,82.992,82.863,82.733,82.604,82.474,82.344,82.214,82.083,81.953,81.822,81.691,81.560,81.429,81.297,81.166,81.034,80.902,80.770,80.638,80.505,80.373,80.240,80.107,79.974,79.841,79.707,79.574,79.440,79.307,79.173,79.039,78.904,78.770,78.636,78.501,78.366,78.231,78.096,77.961,77.826,77.690,77.555,77.419,77.284,77.148,77.012,76.876,76.739,76.603,76.467,76.330,76.193,76.057,75.920,75.783,75.646,75.509,75.372,75.234,75.097,74.959,74.822,74.684,74.546,74.409,74.271,74.133,73.995,73.857,73.718,73.580,73.442,73.303,73.165,73.027,72.888,72.749,72.611,72.472,72.333,72.194,72.056,71.917,71.778,71.639,71.500,71.361,71.222,71.083,70.943,70.804,70.665,70.526,70.387,70.247,70.108,69.969,69.830,69.690,69.551,69.412,69.272,69.133,68.994,68.854,68.715,68.576,68.436,68.297,68.158,68.018,67.879,67.740,67.601,67.461,67.322,67.183,67.044,66.905,66.766,66.627,66.488,66.349,66.210,66.071,65.932,65.793,65.654,65.516,65.377,65.238,65.100,64.961,64.823,64.684,64.546,64.407,64.269,64.131,63.993,63.855,63.717,63.579,63.441,63.303,63.165,63.028,62.890,62.753,62.615,62.478,62.341,62.204,62.067,61.930,61.793,61.656,61.519,61.383,61.246,61.110,60.973,60.837,60.701,60.565,60.429,60.293,60.158,60.022,60.000,60.000,60.000,60.000,60.000,60.000,60.000,60.000,60.000,60.000,60.000,60.000,60.000,60.000,60.000,60.000,60.000,60.000,60.000,60.000,60.000,60.000,60.000,60.000,60.000,60.000,60.000,60.000,60.000,60.000,60.000,60.000,60.000,60.000,60.000,60.000,60.000,60.000,60.000,60.000,60.000,60.000,60.000,60.000,60.000,60.000,60.000,60.000,60.000,60.000,60.000,60.000,60.000,60.000,60.000,60.000,60.000,60.000,60.000,60.000,60.000,60.000,60.000,60.000,60.000,60.000,60.000,60.000,60.000,60.000,60.000,60.000,60.000,60.000,60.000,60.000,60.000,60.000,60.000,60.000,60.000,60.000,60.000,60.000,60.000,60.000,60.000,60.000,60.000,60.000,60.000,60.000,60.000,60.000,60.000,60.000,60.000,60.000,60.000,60.000,60.000,60.000,60.000,60.000,60.000,60.000,60.000,60.000,60.000,60.000,60.000,60.000,60.000,60.000,60.000,60.000,60.000,60.000,60.000,60.000,60.000,60.000,60.000,60.000,60.000,60.000,60.000,60.000,60.000,60.000,60.000,60.000,60.000,60.000,60.000,60.000,60.000,60.000,60.000,60.000,60.000,60.000,60.000,60.000,60.000,60.000,60.000,60.000,60.000,60.000,60.000,60.000,60.000,60.000,60.000,60.000,60.000,60.000,60.000,60.000
118.367,118.144,117.921,117.698,117.474,117.251,117.027,116.803,116.579,116.355,116.131,115.906,115.681,115.457,115.232,115.006,114.781,114.556,114.330,114.104,113.878,113.652,113.426,113.200,112.973,112.746,112.519,112.292,112.065,111.837,111.610,111.382,111.154,110.926,110.698,110.470,110.241,110.012,109.783,109.554,109.325,109.096,108.866,108.636,108.406,108.176,107.946,107.716,107.485,107.254,107.023,106.792,106.561,106.329,106.098,105.866,105.634,105.402,105.169,104.937,104.704,104.471,104.238,104.005,103.772,103.538,103.304,103.070,102.836,102.602,102.368,102.133,101.898,101.663,101.428,101.193,100.957,100.721,100.485,100.249,100.013,99.776,99.540,99.303,99.066,98.829,98.591,98.354,98.116,97.878,97.640,97.402,97.163,96.924,96.685,96.446,96.207,95.968,95.728,95.488,95.248,95.008,94.767,94.527,94.286,94.045,93.804,93.562,93.321,93.079,92.837,92.595,92.352,92.110,91.867,91.624,91.381,91.137,90.894,90.650,90.406,90.162,89.917,89.673,89.428,89.183,88.938,88.692,88.447,88.201,87.955,87.739,87.616,87.493,87.370,87.247,87.124,87.000,86.876,86.752,86.628,86.503,86.378,86.253,86.128,86.002,85.877,85.751,85.625,85.498,85.372,85.245,85.118,84.991,84.864,84.736,84.608,84.480,84.352,84.224,84.095,83.966,83.837,83.708,83.579,83.449,83.319,83.189,83.059,82.929,82.798,82.668,82.537,82.406,82.274,82.143,82.011,81.879,81.747,81.615,81.483,81.350,81.218,81.085,80.952,80.819,80.685,80.552,80.418,80.284,80.150,80.016,79.882,79.747,79.613,79.478,79.343,79.208,79.073,78.938,78.802,78.667,78.531,78.395,78.259,78.123,77.987,77.850,77.714,77.577,77.441,77.304,77.167,77.030,76.892,76.755,76.618,76.480,76.343,76.205,76.067,75.929,75.791,75.653,75.515,75.377,75.238,75.100,74.961,74.823,74.684,74.545,74.406,74.267,74.128,73.989,73.850,73.711,73.572,73.432,73.293,73.153,73.014,72.874,72.735,72.595,72.455,72.316,72.176,72.036,71.896,71.756,71.616,71.476,71.336,71.196,71.056,70.916,70.776,70.636,70.496,70.355,70.215,70.075,69.935,69.795,69.655,69.514,69.374,69.234,69.094,68.953,68.813,68.673,68.533,68.393,68.252,68.112,67.972,67.832,67.692,67.552,67.412,67.272,67.132,66.992,66.852,66.712,66.572,66.432,66.293,66.153,66.013,65.874,65.734,65.595,65.455,65.316,65.176,65.037,64.898,64.758,64.619,64.480,64.341,64.202,64.063,63.925,63.786,63.647,63.509,63.370,63.232,63.093,62.955,62.817,62.679,62.541,62.403,62.265,62.127,61.990,61.852,61.715,61.577,61.440,61.303,61.166,61.029,60.892,60.755,60.619,60.482,60.346,60.209,60.073,60.000,60.000,60.000,60.000,60.000,60.000,60.000,60.000,60.000,60.000,60.000,60.000,60.000,60.000,60.000,60.000,60.000,60.000,60.000,60.000,60.000,60.000,60.000,60.000,60.000,60.000,60.000,60.000,60.000,60.000,60.000,60.000,60.000,60.000,60.000,60.000,60.000,60.000,60.000,60.000,60.000,60.000,60.000,60.000,60.000,60.000,60.000,60.000,60.000,60.000,60.000,60.000,60.000,60.000,60.000,60.000,60.000,60.000,60.000,60.000,60.000,60.000,60.000,60.000,60.000,60.000,60.000,60.000,60.000,60.000,60.000,60.000,60.000,60.000,60.000,60.000,60.000,60.000,60.000,60.000,60.000,60.000,60.000,60.000,60.000,60.000,60.000,60.000,60.000,60.000,60.000,60.000,60.000,60.000,60.000,60.000,60.000,60.000,60.000,60.000,60.000,60.000,60.000,60.000,60.000,60.000,60.000,60.000,60.000,60.000,60.000,60.000,60.000,60.000,60.000,60.000,60.000,60.000,60.000,60.000,60.000,60.000,60.000,60.000,60.000,60.000,60.000,60.000,60.000,60.000,60.000,60.000,60.000,60.000,60.000,60.000,60.000,60.000,60.000,60.000,60.000,60.000,60.000,60.000,60.000,60.000,60.000,60.000,60.000,60.000,60.000,60.000,60.000,60.000
118.367,118.145,117.921,117.698,117.475,117.251,117.027,116.804,116.580,116.355,116.131,115.906,115.682,115.457,115.232,115.007,114.782,114.556,114.330,114.105,113.879,113.653,113.426,113.200,112.973,112.747,112.520,112.293,112.065,111.838,111.610,111.383,111.155,110.927,110.698,110.470,110.241,110.013,109.784,109.555,109.325,109.096,108.866,108.637,108.407,108.177,107.946,107.716,107.485,107.254,107.024,106.792,106.561,106.330,106.098,105.866,105.634,105.402,105.170,104.937,104.704,104.472,104.239,104.005,103.772,103.538,103.305,103.071,102.837,102.602,102.368,102.133,101.898,101.663,101.428,101.193,100.957,100.722,100.486,100.250,100.013,99.777,99.540,99.303,99.066,98.829,98.592,98.354,98.116,97.878,97.640,97.402,97.163,96.925,96.686,96.447,96.207,95.968,95.728,95.488,95.248,95.008,94.768,94.527,94.286,94.045,93.804,93.563,93.321,93.079,92.837,92.595,92.353,92.110,91.867,91.624,91.381,91.138,90.894,90.650,90.406,90.162,89.918,89.679,89.559,89.439,89.319,89.198,89.077,88.956,88.835,88.713,88.592,88.470,88.347,88.225,88.102,87.979,87.856,87.732,87.608,87.485,87.360,87.236,87.111,86.986,86.861,86.736,86.610,86.484,86.358,86.232,86.106,85.979,85.852,85.725,85.598,85.470,85.342,85.214,85.086,84.958,84.829,84.700,84.571,84.442,84.312,84.183,84.053,83.923,83.792,83.662,83.531,83.400,83.269,83.138,83.006,82.875,82.743,82.611,82.479,82.346,82.214,82.081,81.948,81.815,81.682,81.548,81.414,81.281,81.147,81.012,80.878,80.744,80.609,80.474,80.339,80.204,80.069,79.933,79.798,79.662,79.526,79.390,79.254,79.118,78.981,78.845,78.708,78.571,78.434,78.297,78.160,78.022,77.885,77.747,77.609,77.471,77.333,77.195,77.057,76.919,76.780,76.642,76.503,76.364,76.226,76.087,75.948,75.808,75.669,75.530,75.391,75.251,75.111,74.972,74.832,74.692,74.552,74.412,74.272,74.132,73.992,73.852,73.712,73.571,73.431,73.290,73.150,73.009,72.869,72.728,72.587,72.447,72.306,72.165,72.024,71.883,71.742,71.601,71.460,71.319,71.178,71.037,70.896,70.755,70.614,70.473,70.332,70.190,70.049,69.908,69.767,69.626,69.485,69.343,69.202,69.061,68.920,68.779,68.638,68.497,68.356,68.215,68.074,67.932,67.791,67.651,67.510,67.369,67.228,67.087,66.946,66.805,66.665,66.524,66.383,66.243,66.102,65.962,65.821,65.681,65.541,65.400,65.260,65.120,64.980,64.840,64.700,64.560,64.420,64.281,64.141,64.001,63.862,63.722,63.583,63.444,63.305,63.165,63.026,62.888,62.749,62.610,62.471,62.333,62.194,62.056,61.918,61.779,61.641,61.503,61.366,61.228,61.090,60.953,60.815,60.678,60.541,60.404,60.267,60.130,60.000,60.000,60.000,60.000,60.000,60.000,60.000,60.000,60.000,60.000,60.000,60.000,60.000,60.000,60.000,60.000,60.000,60.000,60.000,60.000,60.000,60.000,60.000,60.000,60.000,60.000,60.000,60.000,60.000,60.000,60.000,60.000,60.000,60.000,60.000,60.000,60.000,60.000,60.000,60.000,60.000,60.000,60.000,60.000,60.000,60.000,60.000,60.000,60.000,60.000,60.000,60.000,60.000,60.000,60.000,60.000,60.000,60.000,60.000,60.000,60.000,60.000,60.000,60.000,60.000,60.000,60.000,60.000,60.000,60.000,60.000,60.000,60.000,60.000,60.000,60.000,60.000,60.000,60.000,60.000,60.000,60.000,60.000,60.000,60.000,60.000,60.000,60.000,60.000,60.000,60.000,60.000,60.000,60.000,60.000,60.000,60.000,60.000,60.000,60.000,60.000,60.000,60.000,60.000,60.000,60.000,60.000,60.000,60.000,60.000,60.000,60.000,60.000,60.000,60.000,60.000,60.000,60.000,60.000,60.000,60.000,60.000,60.000,60.000,60.000,60.000,60.000,60.000,60.000,60.000,60.000,60.000,60.000,60.000,60.000,60.000,60.000,60.000,60.000,60.000,60.000,60.000,60.000,60.000,60.000,60.000,60.000,60.000
118.368,118.145,117.922,117.699,117.475,117.252,117.028,116.804,116.580,116.356,116.131,115.907,115.682,115.457,115.232,115.007,114.782,114.556,114.331,114.105,113.879,113.653,113.427,113.200,112.974,112.747,112.520,112.293,112.066,111.838,111.611,111.383,111.155,110.927,110.699,110.470,110.242,110.013,109.784,109.555,109.326,109.096,108.867,108.637,108.407,108.177,107.947,107.716,107.486,107.255,107.024,106.793,106.561,106.330,106.098,105.867,105.635,105.402,105.170,104.938,104.705,104.472,104.239,104.006,103.772,103.539,103.305,103.071,102.837,102.603,102.368,102.134,101.899,101.664,101.429,101.193,100.958,100.722,100.486,100.250,100.014,99.777,99.540,99.304,99.067,98.829,98.592,98.354,98.117,97.879,97.641,97.402,97.164,96.925,96.686,96.447,96.208,95.968,95.729,95.489,95.249,95.008,94.768,94.527,94.287,94.046,93.804,93.563,93.321,93.080,92.838,92.595,92.353,92.110,91.868,91.625,91.489,91.371,91.254,91.136,91.018,90.900,90.782,90.663,90.544,90.425,90.305,90.185,90.065,89.945,89.824,89.704,89.583,89.461,89.340,89.218,89.096,88.974,88.851,88.728,88.605,88.482,88.359,88.235,88.111,87.986,87.862,87.737,87.612,87.487,87.362,87.236,87.110,86.984,86.857,86.731,86.604,86.477,86.350,86.222,86.094,85.966,85.838,85.710,85.581,85.452,85.323,85.194,85.064,84.934,84.804,84.674,84.544,84.413,84.282,84.151,84.020,83.889,83.757,83.625,83.493,83.361,83.228,83.096,82.963,82.830,82.697,82.563,82.430,82.296,82.162,82.028,81.894,81.759,81.624,81.490,81.355,81.219,81.084,80.949,80.813,80.677,80.541,80.405,80.269,80.132,79.995,79.859,79.722,79.585,79.447,79.310,79.173,79.035,78.897,78.759,78.621,78.483,78.345,78.206,78.067,77.929,77.790,77.651,77.512,77.373,77.233,77.094,76.955,76.815,76.675,76.535,76.395,76.255,76.115,75.975,75.835,75.694,75.554,75.413,75.273,75.132,74.991,74.850,74.709,74.568,74.427,74.286,74.145,74.003,73.862,73.721,73.579,73.438,73.296,73.154,73.013,72.871,72.729,72.587,72.446,72.304,72.162,72.020,71.878,71.736,71.594,71.452,71.310,71.168,71.025,70.883,70.741,70.599,70.457,70.315,70.173,70.030,69.888,69.746,69.604,69.462,69.320,69.177,69.035,68.893,68.751,68.609,68.467,68.325,68.183,68.041,67.899,67.757,67.615,67.473,67.332,67.190,67.048,66.906,66.765,66.623,66.482,66.340,66.199,66.057,65.916,65.775,65.633,65.492,65.351,65.210,65.069,64.928,64.787,64.647,64.506,64.366,64.225,64.085,63.944,63.804,63.664,63.524,63.384,63.244,63.104,62.964,62.825,62.685,62.546,62.406,62.267,62.128,61.989,61.850,61.711,61.572,61.434,61.295,61.157,61.019,60.880,60.742,60.604,60.467,60.329,60.191,60.054,60.000,60.000,60.000,60.000,60.000,60.000,60.000,60.000,60.000,60.000,60.000,60.000,60.000,60.000,60.000,60.000,60.000,60.000,60.000,60.000,60.000,60.000,60.000,60.000,60.000,60.000,60.000,60.000,60.000,60.000,60.000,60.000,60.000,60.000,60.000,60.000,60.000,60.000,60.000,60.000,60.000,60.000,60.000,60.000,60.000,60.000,60.000,60.000,60.000,60.000,60.000,60.000,60.000,60.000,60.000,60.000,60.000,60.000,60.000,60.000,60.000,60.000,60.000,60.000,60.000,60.000,60.000,60.000,60.000,60.000,60.000,60.000,60.000,60.000,60.000,60.000,60.000,60.000,60.000,60.000,60.000,60.000,60.000,60.000,60.000,60.000,60.000,60.000,60.000,60.000,60.000,60.000,60.000,60.000,60.000,60.000,60.000,60.000,60.000,60.000,60.000,60.000,60.000,60.000,60.000,60.000,60.000,60.000,60.000,60.000,60.000,60.000,60.000,60.000,60.000,60.000,60.000,60.000,60.000,60.000,60.000,60.000,60.000,60.000,60.000,60.000,60.000,60.000,60.000,60.000,60.000,60.000,60.000,60.000,60.000,60.000,60.000,60.000,60.000,60.000,60.000
118.368,118.145,117.922,117.699,117.476,117.252,117.028,116.804,116.580,116.356,116.132,115.907,115.683,115.458,115.233,115.008,114.782,114.557,114.331,114.105,113.879,113.653,113.427,113.201,112.974,112.747,112.520,112.293,112.066,111.839,111.611,111.383,111.155,110.927,110.699,110.471,110.242,110.013,109.784,109.555,109.326,109.097,108.867,108.637,108.407,108.177,107.947,107.717,107.486,107.255,107.024,106.793,106.562,106.330,106.099,105.867,105.635,105.403,105.170,104.938,104.705,104.472,104.239,104.006,103.773,103.539,103.305,103.071,102.837,102.603,102.369,102.134,101.899,101.664,101.429,101.193,100.958,100.722,100.486,100.250,100.014,99.777,99.541,99.304,99.067,98.830,98.592,98.355,98.117,97.879,97.641,97.403,97.164,96.925,96.686,96.447,96.208,95.969,95.729,95.489,95.249,95.009,94.768,94.528,94.287,94.046,93.805,93.563,93.399,93.285,93.171,93.057,92.942,92.827,92.711,92.596,92.480,92.364,92.247,92.131,92.014,91.896,91.779,91.661,91.543,91.425,91.306,91.187,91.068,90.949,90.829,90.709,90.589,90.469,90.348,90.227,90.106,89.984,89.863,89.741,89.618,89.496,89.373,89.250,89.127,89.003,88.879,88.755,88.631,88.507,88.382,88.257,88.131,88.006,87.880,87.754,87.628,87.501,87.374,87.247,87.120,86.993,86.865,86.737,86.609,86.480,86.352,86.223,86.094,85.964,85.835,85.705,85.575,85.445,85.314,85.183,85.052,84.921,84.790,84.658,84.527,84.395,84.262,84.130,83.997,83.864,83.731,83.598,83.465,83.331,83.197,83.063,82.929,82.795,82.660,82.525,82.390,82.255,82.120,81.984,81.848,81.712,81.576,81.440,81.304,81.167,81.030,80.893,80.756,80.619,80.481,80.344,80.206,80.068,79.930,79.792,79.654,79.515,79.377,79.238,79.099,78.960,78.821,78.681,78.542,78.402,78.262,78.123,77.983,77.843,77.702,77.562,77.422,77.281,77.140,77.000,76.859,76.718,76.577,76.436,76.294,76.153,76.011,75.870,75.728,75.587,75.445,75.303,75.161,75.019,74.877,74.735,74.592,74.450,74.308,74.165,74.023,73.880,73.738,73.595,73.452,73.309,73.167,73.024,72.881,72.738,72.595,72.452,72.309,72.166,72.023,71.880,71.737,71.593,71.450,71.307,71.164,71.021,70.877,70.734,70.591,70.448,70.304,70.161,70.018,69.875,69.731,69.588,69.445,69.302,69.159,69.015,68.872,68.729,68.586,68.443,68.300,68.157,68.014,67.871,67.728,67.585,67.443,67.300,67.157,67.014,66.872,66.729,66.587,66.444,66.302,66.159,66.017,65.875,65.733,65.591,65.449,65.307,65.165,65.023,64.881,64.740,64.598,64.456,64.315,64.174,64.032,63.891,63.750,63.609,63.468,63.327,63.187,63.046,62.906,62.765,62.625,62.485,62.345,62.205,62.065,61.925,61.785,61.646,61.506,61.367,61.228,61.089,60.950,60.811,60.672,60.534,60.395,60.257,60.118,60.000,60.000,60.000,60.000,60.000,60.000,60.000,60.000,60.000,60.000,60.000,60.000,60.000,60.000,60.000,60.000,60.000,60.000,60.000,60.000,60.000,60.000,60.000,60.000,60.000,60.000,60.000,60.000,60.000,60.000,60.000,60.000,60.000,60.000,60.000,60.000,60.000,60.000,60.000,60.000,60.000,60.000,60.000,60.000,60.000,60.000,60.000,60.000,60.000,60.000,60.000,60.000,60.000,60.000,60.000,60.000,60.000,60.000,60.000,60.000,60.000,60.000,60.000,60.000,60.000,60.000,60.000,60.000,60.000,60.000,60.000,60.000,60.000,60.000,60.000,60.000,60.000,60.000,60.000,60.000,60.000,60.000,60.000,60.000,60.000,60.000,60.000,60.000,60.000,60.000,60.000,60.000,60.000,60.000,60.000,60.000,60.000,60.000,60.000,60.000,60.000,60.000,60.000,60.000,60.000,60.000,60.000,60.000,60.000,60.000,60.000,60.000,60.000,60.000,60.000,60.000,60.000,60.000,60.000,60.000,60.000,60.000,60.000,60.000,60.000,60.000,60.000,60.000,60.000,60.000,60.000,60.000,60.000,60.000,60.000
118.369,118.146,117.923,117.699,117.476,117.252,117.029,116.805,116.581,116.357,116.132,115.908,115.683,115.458,115.233,115.008,114.783,114.557,114.332,114.106,113.880,113.654,113.427,113.201,112.974,112.748,112.521,112.294,112.066,111.839,111.611,111.384,111.156,110.928,110.699,110.471,110.242,110.014,109.785,109.556,109.326,109.097,108.867,108.638,108.408,108.178,107.947,107.717,107.486,107.256,107.025,106.793,106.562,106.331,106.099,105.867,105.635,105.403,105.171,104.938,104.706,104.473,104.240,104.006,103.773,103.539,103.306,103.072,102.838,102.603,102.369,102.134,101.899,101.664,101.429,101.194,100.958,100.723,100.487,100.251,100.014,99.778,99.541,99.304,99.067,98.830,98.593,98.355,98.117,97.879,97.641,97.403,97.164,96.926,96.687,96.448,96.208,95.969,95.729,95.489,95.288,95.178,95.067,94.956,94.844,94.732,94.620,94.508,94.396,94.283,94.170,94.056,93.943,93.829,93.715,93.600,93.485,93.370,93.255,93.139,93.023,92.907,92.791,92.674,92.557,92.440,92.322,92.204,92.086,91.968,91.849,91.730,91.611,91.492,91.372,91.252,91.132,91.011,90.890,90.769,90.648,90.526,90.404,90.282,90.159,90.037,89.914,89.790,89.667,89.543,89.419,89.295,89.170,89.045,88.920,88.795,88.669,88.543,88.417,88.291,88.164,88.037,87.910,87.783,87.655,87.527,87.399,87.271,87.142,87.013,86.884,86.754,86.625,86.495,86.365,86.235,86.104,85.973,85.842,85.711,85.580,85.448,85.316,85.184,85.051,84.919,84.786,84.653,84.520,84.386,84.252,84.119,83.984,83.850,83.716,83.581,83.446,83.311,83.176,83.040,82.904,82.768,82.632,82.496,82.359,82.223,82.086,81.949,81.812,81.674,81.537,81.399,81.261,81.123,80.985,80.846,80.708,80.569,80.430,80.291,80.152,80.012,79.873,79.733,79.593,79.453,79.313,79.173,79.033,78.892,78.751,78.611,78.470,78.329,78.187,78.046,77.905,77.763,77.622,77.480,77.338,77.196,77.054,76.912,76.769,76.627,76.484,76.342,76.199,76.056,75.914,75.771,75.628,75.485,75.341,75.198,75.055,74.911,74.768,74.624,74.481,74.337,74.194,74.050,73.906,73.762,73.618,73.474,73.330,73.186,73.042,72.898,72.754,72.610,72.465,72.321,72.177,72.033,71.888,71.744,71.600,71.455,71.311,71.166,71.022,70.878,70.733,70.589,70.444,70.300,70.156,70.011,69.867,69.723,69.578,69.434,69.290,69.145,69.001,68.857,68.713,68.569,68.424,68.280,68.136,67.992,67.848,67.704,67.560,67.417,67.273,67.129,66.985,66.842,66.698,66.555,66.411,66.268,66.124,65.981,65.838,65.695,65.552,65.409,65.266,65.123,64.980,64.838,64.695,64.553,64.410,64.268,64.126,63.983,63.841,63.699,63.558,63.416,63.274,63.133,62.991,62.850,62.709,62.567,62.426,62.285,62.145,62.004,61.863,61.723,61.583,61.442,61.302,61.162,61.022,60.883,60.743,60.603,60.464,60.325,60.186,60.047,60.000,60.000,60.000,60.000,60.000,60.000,60.000,60.000,60.000,60.000,60.000,60.000,60.000,60.000,60.000,60.000,60.000,60.000,60.000,60.000,60.000,60.000,60.000,60.000,60.000,60.000,60.000,60.000,60.000,60.000,60.000,60.000,60.000,60.000,60.000,60.000,60.000,60.000,60.000,60.000,60.000,60.000,60.000,60.000,60.000,60.000,60.000,60.000,60.000,60.000,60.000,60.000,60.000,60.000,60.000,60.000,60.000,60.000,60.000,60.000,60.000,60.000,60.000,60.000,60.000,60.000,60.000,60.000,60.000,60.000,60.000,60.000,60.000,60.000,60.000,60.000,60.000,60.000,60.000,60.000,60.000,60.000,60.000,60.000,60.000,60.000,60.000,60.000,60.000,60.000,60.000,60.000,60.000,60.000,60.000,60.000,60.000,60.000,60.000,60.000,60.000,60.000,60.000,60.000,60.000,60.000,60.000,60.000,60.000,60.000,60.000,60.000,60.000,60.000,60.000,60.000,60.000,60.000,60.000,60.000,60.000,60.000,60.000,60.000,60.000,60.000,60.000,60.000
118.369,118.146,117.923,117.700,117.476,117.253,117.029,116.805,116.581,116.357,116.133,115.908,115.683,115.459,115.234,115.008,114.783,114.558,114.332,114.106,113.880,113.654,113.428,113.201,112.975,112.748,112.521,112.294,112.067,111.839,111.612,111.384,111.156,110.928,110.700,110.471,110.243,110.014,109.785,109.556,109.327,109.097,108.868,108.638,108.408,108.178,107.948,107.717,107.487,107.256,107.025,106.794,106.562,106.331,106.099,105.868,105.636,105.403,105.171,104.939,104.706,104.473,104.240,104.007,103.773,103.540,103.306,103.072,102.838,102.604,102.369,102.135,101.900,101.665,101.430,101.194,100.959,100.723,100.487,100.251,100.015,99.778,99.541,99.305,99.068,98.830,98.593,98.355,98.118,97.880,97.641,97.403,97.165,97.044,96.937,96.829,96.721,96.613,96.505,96.396,96.287,96.178,96.069,95.959,95.849,95.738,95.628,95.517,95.405,95.294,95.182,95.070,94.957,94.845,94.732,94.619,94.505,94.391,94.277,94.163,94.048,93.933,93.818,93.702,93.586,93.470,93.353,93.237,93.120,93.002,92.885,92.767,92.649,92.530,92.412,92.293,92.173,92.054,91.934,91.814,91.693,91.573,91.452,91.330,91.209,91.087,90.965,90.842,90.720,90.597,90.473,90.350,90.226,90.102,89.978,89.853,89.728,89.603,89.478,89.352,89.226,89.100,88.973,88.847,88.720,88.592,88.465,88.337,88.209,88.081,87.952,87.823,87.694,87.565,87.435,87.305,87.175,87.045,86.914,86.783,86.652,86.521,86.389,86.258,86.125,85.993,85.861,85.728,85.595,85.462,85.328,85.195,85.061,84.926,84.792,84.658,84.523,84.388,84.252,84.117,83.981,83.845,83.709,83.573,83.437,83.300,83.163,83.026,82.889,82.751,82.614,82.476,82.338,82.199,82.061,81.922,81.784,81.645,81.505,81.366,81.227,81.087,80.947,80.807,80.667,80.527,80.386,80.245,80.105,79.964,79.823,79.681,79.540,79.399,79.257,79.115,78.973,78.831,78.689,78.547,78.404,78.261,78.119,77.976,77.833,77.690,77.547,77.404,77.260,77.117,76.973,76.829,76.686,76.542,76.398,76.254,76.110,75.965,75.821,75.677,75.532,75.388,75.243,75.098,74.954,74.809,74.664,74.519,74.374,74.229,74.084,73.939,73.794,73.648,73.503,73.358,73.212,73.067,72.921,72.776,72.631,72.485,72.339,72.194,72.048,71.903,71.757,71.612,71.466,71.320,71.175,71.029,70.883,70.738,70.592,70.447,70.301,70.155,70.010,69.864,69.719,69.573,69.428,69.282,69.137,68.991,68.846,68.701,68.555,68.410,68.265,68.119,67.974,67.829,67.684,67.539,67.394,67.249,67.105,66.960,66.815,66.670,66.526,66.381,66.237,66.092,65.948,65.804,65.660,65.516,65.372,65.228,65.084,64.940,64.796,64.653,64.509,64.366,64.223,64.079,63.936,63.793,63.650,63.508,63.365,63.222,63.080,62.937,62.795,62.653,62.511,62.369,62.227,62.085,61.944,61.802,61.661,61.520,61.379,61.238,61.097,60.956,60.815,60.675,60.535,60.394,60.254,60.114,60.000,60.000,60.000,60.000,60.000,60.000,60.000,60.000,60.000,60.000,60.000,60.000,60.000,60.000,60.000,60.000,60.000,60.000,60.000,60.000,60.000,60.000,60.000,60.000,60.000,60.000,60.000,60.000,60.000,60.000,60.000,60.000,60.000,60.000,60.000,60.000,60.000,60.000,60.000,60.000,60.000,60.000,60.000,60.000,60.000,60.000,60.000,60.000,60.000,60.000,60.000,60.000,60.000,60.000,60.000,60.000,60.000,60.000,60.000,60.000,60.000,60.000,60.000,60.000,60.000,60.000,60.000,60.000,60.000,60.000,60.000,60.000,60.000,60.000,60.000,60.000,60.000,60.000,60.000,60.000,60.000,60.000,60.000,60.000,60.000,60.000,60.000,60.000,60.000,60.000,60.000,60.000,60.000,60.000,60.000,60.000,60.000,60.000,60.000,60.000,60.000,60.000,60.000,60.000,60.000,60.000,60.000,60.000,60.000,60.000,60.000,60.000,60.000,60.000,60.000,60.000,60.000,60.000,60.000,60.000,60.000,60.000
118.370,118.147,117.923,117.700,117.477,117.253,117.029,116.806,116.582,116.357,116.133,115.908,115.684,115.459,115.234,115.009,114.783,114.558,114.332,114.107,113.881,113.655,113.428,113.202,112.975,112.748,112.521,112.294,112.067,111.840,111.612,111.384,111.156,110.928,110.700,110.472,110.243,110.014,109.785,109.556,109.327,109.098,108.868,108.638,108.408,108.178,107.948,107.718,107.487,107.256,107.025,106.794,106.563,106.331,106.100,105.868,105.636,105.404,105.171,104.939,104.706,104.473,104.240,104.007,103.774,103.540,103.306,103.072,102.838,102.604,102.370,102.135,101.900,101.665,101.430,101.194,100.959,100.723,100.487,100.251,100.015,99.778,99.542,99.305,99.068,98.881,98.778,98.674,98.570,98.466,98.361,98.256,98.151,98.046,97.940,97.834,97.728,97.621,97.514,97.407,97.299,97.191,97.083,96.975,96.866,96.757,96.648,96.538,96.428,96.318,96.208,96.097,95.986,95.875,95.763,95.651,95.539,95.426,95.313,95.200,95.087,94.973,94.859,94.745,94.630,94.515,94.400,94.284,94.168,94.052,93.936,93.819,93.702,93.585,93.467,93.349,93.231,93.113,92.994,92.875,92.755,92.636,92.516,92.395,92.275,92.154,92.033,91.911,91.790,91.668,91.545,91.423,91.300,91.177,91.053,90.929,90.805,90.681,90.556,90.432,90.306,90.181,90.055,89.929,89.803,89.676,89.549,89.422,89.295,89.167,89.039,88.911,88.783,88.654,88.525,88.395,88.266,88.136,88.006,87.876,87.745,87.614,87.483,87.352,87.220,87.088,86.956,86.823,86.691,86.558,86.425,86.291,86.158,86.024,85.890,85.755,85.621,85.486,85.351,85.215,85.080,84.944,84.808,84.672,84.536,84.399,84.262,84.125,83.988,83.850,83.712,83.574,83.436,83.298,83.159,83.021,82.882,82.743,82.603,82.464,82.324,82.184,82.044,81.904,81.763,81.623,81.482,81.341,81.200,81.058,80.917,80.775,80.633,80.492,80.349,80.207,80.065,79.922,79.779,79.636,79.493,79.350,79.207,79.064,78.920,78.776,78.632,78.488,78.344,78.200,78.056,77.911,77.767,77.622,77.478,77.333,77.188,77.043,76.897,76.752,76.607,76.461,76.316,76.170,76.025,75.879,75.733,75.587,75.441,75.295,75.149,75.003,74.856,74.710,74.564,74.417,74.271,74.124,73.978,73.831,73.684,73.538,73.391,73.244,73.097,72.951,72.804,72.657,72.510,72.363,72.216,72.069,71.922,71.775,71.628,71.481,71.334,71.188,71.041,70.894,70.747,70.600,70.453,70.306,70.159,70.012,69.865,69.718,69.572,69.425,69.278,69.131,68.985,68.838,68.692,68.545,68.398,68.252,68.106,67.959,67.813,67.667,67.521,67.374,67.228,67.082,66.936,66.790,66.645,66.499,66.353,66.208,66.062,65.917,65.771,65.626,65.481,65.336,65.191,65.046,64.901,64.756,64.611,64.467,64.322,64.178,64.034,63.890,63.746,63.602,63.458,63.314,63.170,63.027,62.883,62.740,62.597,62.454,62.311,62.168,62.025,61.883,61.740,61.598,61.456,61.313,61.171,61.030,60.888,60.746,60.605,60.463,60.322,60.181,60.040,60.000,60.000,60.000,60.000,60.000,60.000,60.000,60.000,60.000,60.000,60.000,60.000,60.000,60.000,60.000,60.000,60.000,60.000,60.000,60.000,60.000,60.000,60.000,60.000,60.000,60.000,60.000,60.000,60.000,60.000,60.000,60.000,60.000,60.000,60.000,60.000,60.000,60.000,60.000,60.000,60.000,60.000,60.000,60.000,60.000,60.000,60.000,60.000,60.000,60.000,60.000,60.000,60.000,60.000,60.000,60.000,60.000,60.000,60.000,60.000,60.000,60.000,60.000,60.000,60.000,60.000,60.000,60.000,60.000,60.000,60.000,60.000,60.000,60.000,60.000,60.000,60.000,60.000,60.000,60.000,60.000,60.000,60.000,60.000,60.000,60.000,60.000,60.000,60.000,60.000,60.000,60.000,60.000,60.000,60.000,60.000,60.000,60.000,60.000,60.000,60.000,60.000,60.000,60.000,60.000,60.000,60.000,60.000,60.000,60.000,60.000,60.000,60.000,60.000,60.000
118.370,118.147,117.924,117.701,117.477,117.254,117.030,116.806,116.582,116.358,116.133,115.909,115.684,115.459,115.234,115.009,114.784,114.558,114.333,114.107,113.881,113.655,113.429,113.202,112.976,112.749,112.522,112.295,112.068,111.840,111.612,111.385,111.157,110.929,110.700,110.472,110.243,110.015,109.786,109.557,109.327,109.098,108.868,108.639,108.409,108.179,107.948,107.718,107.487,107.257,107.026,106.794,106.563,106.332,106.100,105.868,105.636,105.404,105.172,104.939,104.707,104.474,104.241,104.007,103.774,103.540,103.307,103.073,102.839,102.604,102.370,102.135,101.900,101.665,101.430,101.195,100.959,100.723,100.587,100.487,100.387,100.287,100.186,100.085,99.984,99.882,99.780,99.678,99.576,99.473,99.370,99.267,99.163,99.059,98.955,98.851,98.746,98.641,98.535,98.430,98.324,98.217,98.111,98.004,97.897,97.789,97.681,97.573,97.465,97.356,97.247,97.138,97.028,96.918,96.808,96.698,96.587,96.476,96.364,96.252,96.140,96.028,95.915,95.802,95.689,95.575,95.461,95.347,95.232,95.118,95.002,94.887,94.771,94.655,94.539,94.422,94.305,94.188,94.070,93.952,93.834,93.715,93.597,93.477,93.358,93.238,93.118,92.998,92.877,92.756,92.635,92.513,92.391,92.269,92.146,92.024,91.901,91.777,91.653,91.529,91.405,91.281,91.156,91.030,90.905,90.779,90.653,90.527,90.400,90.273,90.146,90.018,89.891,89.762,89.634,89.505,89.376,89.247,89.118,88.988,88.858,88.728,88.597,88.466,88.335,88.203,88.072,87.940,87.807,87.675,87.542,87.409,87.276,87.142,87.008,86.874,86.740,86.605,86.471,86.336,86.200,86.065,85.929,85.793,85.656,85.520,85.383,85.246,85.109,84.971,84.834,84.696,84.558,84.419,84.281,84.142,84.003,83.863,83.724,83.584,83.444,83.304,83.164,83.024,82.883,82.742,82.601,82.460,82.318,82.176,82.035,81.893,81.750,81.608,81.465,81.323,81.180,81.037,80.893,80.750,80.606,80.463,80.319,80.175,80.031,79.886,79.742,79.597,79.452,79.308,79.162,79.017,78.872,78.727,78.581,78.435,78.290,78.144,77.998,77.852,77.705,77.559,77.413,77.266,77.119,76.973,76.826,76.679,76.532,76.385,76.238,76.090,75.943,75.796,75.648,75.501,75.353,75.205,75.057,74.910,74.762,74.614,74.466,74.318,74.170,74.022,73.874,73.726,73.577,73.429,73.281,73.133,72.984,72.836,72.688,72.539,72.391,72.243,72.094,71.946,71.797,71.649,71.500,71.352,71.204,71.055,70.907,70.759,70.610,70.462,70.314,70.165,70.017,69.869,69.721,69.572,69.424,69.276,69.128,68.980,68.832,68.684,68.536,68.389,68.241,68.093,67.945,67.798,67.650,67.503,67.355,67.208,67.061,66.913,66.766,66.619,66.472,66.325,66.178,66.032,65.885,65.738,65.592,65.445,65.299,65.153,65.007,64.861,64.715,64.569,64.423,64.277,64.132,63.986,63.841,63.696,63.551,63.406,63.261,63.116,62.971,62.827,62.682,62.538,62.394,62.249,62.105,61.962,61.818,61.674,61.531,61.387,61.244,61.101,60.958,60.815,60.672,60.530,60.387,60.245,60.103,60.000,60.000,60.000,60.000,60.000,60.000,60.000,60.000,60.000,60.000,60.000,60.000,60.000,60.000,60.000,60.000,60.000,60.000,60.000,60.000,60.000,60.000,60.000,60.000,60.000,60.000,60.000,60.000,60.000,60.000,60.000,60.000,60.000,60.000,60.000,60.000,60.000,60.000,60.000,60.000,60.000,60.000,60.000,60.000,60.000,60.000,60.000,60.000,60.000,60.000,60.000,60.000,60.000,60.000,60.000,60.000,60.000,60.000,60.000,60.000,60.000,60.000,60.000,60.000,60.000,60.000,60.000,60.000,60.000,60.000,60.000,60.000,60.000,60.000,60.000,60.000,60.000,60.000,60.000,60.000,60.000,60.000,60.000,60.000,60.000,60.000,60.000,60.000,60.000,60.000,60.000,60.000,60.000,60.000,60.000,60.000,60.000,60.000,60.000,60.000,60.000,60.000,60.000,60.000,60.000,60.000,60.000,60.000,60.000
118.370,118.147,117.924,117.701,117.478,117.254,117.030,116.806,116.582,116.358,116.134,115.909,115.685,115.460,115.235,115.010,114.784,114.559,114.333,114.107,113.881,113.655,113.429,113.203,112.976,112.749,112.522,112.295,112.068,111.840,111.613,111.385,111.157,110.929,110.701,110.472,110.244,110.015,109.786,109.557,109.328,109.098,108.869,108.639,108.409,108.179,107.949,107.718,107.488,107.257,107.026,106.795,106.564,106.332,106.100,105.869,105.637,105.404,105.172,104.940,104.707,104.474,104.241,104.008,103.774,103.541,103.307,103.073,102.839,102.605,102.370,102.265,102.169,102.073,101.976,101.879,101.782,101.684,101.587,101.489,101.390,101.292,101.193,101.093,100.994,100.894,100.794,100.693,100.593,100.492,100.390,100.289,100.187,100.085,99.982,99.879,99.776,99.673,99.569,99.465,99.360,99.256,99.151,99.046,98.940,98.834,98.728,98.621,98.514,98.407,98.300,98.192,98.084,97.976,97.867,97.758,97.648,97.539,97.429,97.319,97.208,97.097,96.986,96.874,96.762,96.650,96.538,96.425,96.312,96.198,96.084,95.970,95.856,95.741,95.626,95.511,95.395,95.279,95.162,95.046,94.929,94.812,94.694,94.576,94.458,94.339,94.220,94.101,93.981,93.862,93.741,93.621,93.500,93.379,93.258,93.136,93.014,92.891,92.769,92.646,92.522,92.399,92.275,92.150,92.026,91.901,91.776,91.650,91.524,91.398,91.272,91.145,91.018,90.891,90.763,90.635,90.507,90.379,90.250,90.121,89.991,89.861,89.731,89.601,89.470,89.340,89.208,89.077,88.945,88.813,88.681,88.548,88.415,88.282,88.149,88.015,87.881,87.747,87.612,87.478,87.343,87.207,87.072,86.936,86.800,86.663,86.527,86.390,86.253,86.115,85.978,85.840,85.702,85.563,85.425,85.286,85.147,85.007,84.868,84.728,84.588,84.448,84.307,84.167,84.026,83.885,83.743,83.602,83.460,83.318,83.176,83.034,82.891,82.748,82.605,82.462,82.319,82.175,82.031,81.888,81.743,81.599,81.455,81.310,81.165,81.020,80.875,80.730,80.585,80.439,80.293,80.147,80.001,79.855,79.709,79.562,79.416,79.269,79.122,78.975,78.828,78.681,78.533,78.386,78.238,78.091,77.943,77.795,77.647,77.499,77.350,77.202,77.054,76.905,76.756,76.608,76.459,76.310,76.161,76.012,75.863,75.714,75.565,75.416,75.266,75.117,74.967,74.818,74.668,74.519,74.369,74.219,74.070,73.920,73.770,73.620,73.471,73.321,73.171,73.021,72.871,72.721,72.571,72.421,72.271,72.121,71.971,71.821,71.671,71.521,71.371,71.221,71.072,70.922,70.772,70.622,70.472,70.322,70.172,70.023,69.873,69.723,69.574,69.424,69.274,69.125,68.975,68.826,68.677,68.527,68.378,68.229,68.080,67.931,67.782,67.633,67.484,67.335,67.186,67.037,66.889,66.740,66.592,66.443,66.295,66.147,65.999,65.851,65.703,65.555,65.407,65.259,65.112,64.964,64.817,64.670,64.522,64.375,64.228,64.082,63.935,63.788,63.642,63.495,63.349,63.202,63.056,62.910,62.764,62.619,62.473,62.328,62.182,62.037,61.892,61.747,61.602,61.457,61.312,61.168,61.023,60.879,60.735,60.591,60.447,60.303,60.159,60.016,60.000,60.000,60.000,60.000,60.000,60.000,60.000,60.000,60.000,60.000,60.000,60.000,60.000,60.000,60.000,60.000,60.000,60.000,60.000,60.000,60.000,60.000,60.000,60.000,60.000,60.000,60.000,60.000,60.000,60.000,60.000,60.000,60.000,60.000,60.000,60.000,60.000,60.000,60.000,60.000,60.000,60.000,60.000,60.000,60.000,60.000,60.000,60.000,60.000,60.000,60.000,60.000,60.000,60.000,60.000,60.000,60.000,60.000,60.000,60.000,60.000,60.000,60.000,60.000,60.000,60.000,60.000,60.000,60.000,60.000,60.000,60.000,60.000,60.000,60.000,60.000,60.000,60.000,60.000,60.000,60.000,60.000,60.000,60.000,60.000,60.000,60.000,60.000,60.000,60.000,60.000,60.000,60.000,60.000,60.000,60.000,60.000,60.000,60.000,60.000,60.000,60.000
118.371,118.148,117.925,117.701,117.478,117.254,117.031,116.807,116.583,116.359,116.134,115.910,115.685,115.460,115.235,115.010,114.785,114.559,114.334,114.108,113.882,113.656,113.429,113.203,112.976,112.750,112.523,112.296,112.068,111.841,111.613,111.385,111.158,110.929,110.701,110.473,110.244,110.015,109.787,109.557,109.328,109.099,108.869,108.639,108.409,108.179,107.949,107.719,107.488,107.257,107.026,106.795,106.564,106.332,106.101,105.869,105.637,105.405,105.172,104.940,104.707,104.474,104.241,104.008,103.914,103.821,103.729,103.636,103.543,103.450,103.356,103.262,103.168,103.073,102.979,102.884,102.788,102.692,102.597,102.500,102.404,102.307,102.210,102.112,102.015,101.917,101.818,101.720,101.621,101.521,101.422,101.322,101.222,101.121,101.021,100.919,100.818,100.716,100.614,100.512,100.409,100.306,100.203,100.100,99.996,99.891,99.787,99.682,99.577,99.471,99.366,99.259,99.153,99.046,98.939,98.832,98.724,98.616,98.508,98.399,98.290,98.180,98.071,97.961,97.850,97.740,97.629,97.517,97.406,97.294,97.181,97.069,96.956,96.842,96.729,96.615,96.500,96.386,96.271,96.156,96.040,95.924,95.808,95.691,95.574,95.457,95.339,95.221,95.103,94.984,94.865,94.746,94.626,94.506,94.386,94.266,94.145,94.023,93.902,93.780,93.658,93.535,93.412,93.289,93.165,93.041,92.917,92.793,92.668,92.543,92.417,92.291,92.165,92.039,91.912,91.785,91.657,91.530,91.402,91.273,91.145,91.016,90.886,90.757,90.627,90.497,90.366,90.235,90.104,89.973,89.841,89.709,89.576,89.444,89.311,89.177,89.044,88.910,88.776,88.642,88.507,88.372,88.237,88.101,87.965,87.829,87.693,87.556,87.419,87.282,87.144,87.007,86.869,86.730,86.592,86.453,86.314,86.175,86.035,85.895,85.755,85.615,85.474,85.333,85.192,85.051,84.910,84.768,84.626,84.484,84.341,84.199,84.056,83.913,83.769,83.626,83.482,83.338,83.194,83.049,82.905,82.760,82.615,82.470,82.325,82.179,82.033,81.887,81.741,81.595,81.449,81.302,81.155,81.008,80.861,80.714,80.567,80.419,80.271,80.123,79.975,79.827,79.679,79.530,79.382,79.233,79.084,78.935,78.786,78.637,78.488,78.338,78.189,78.039,77.889,77.739,77.590,77.439,77.289,77.139,76.989,76.838,76.688,76.537,76.387,76.236,76.085,75.934,75.783,75.632,75.481,75.330,75.179,75.028,74.876,74.725,74.574,74.422,74.271,74.119,73.968,73.816,73.665,73.513,73.362,73.210,73.058,72.907,72.755,72.604,72.452,72.300,72.149,71.997,71.845,71.694,71.542,71.390,71.239,71.087,70.936,70.784,70.633,70.481,70.330,70.178,70.027,69.876,69.724,69.573,69.422,69.271,69.119,68.968,68.817,68.666,68.515,68.365,68.214,68.063,67.912,67.762,67.611,67.461,67.311,67.160,67.010,66.860,66.710,66.560,66.410,66.260,66.110,65.961,65.811,65.662,65.512,65.363,65.214,65.065,64.916,64.767,64.618,64.469,64.321,64.172,64.024,63.876,63.728,63.579,63.432,63.284,63.136,62.988,62.841,62.693,62.546,62.399,62.252,62.105,61.958,61.812,61.665,61.519,61.372,61.226,61.080,60.934,60.788,60.643,60.497,60.351,60.206,60.061,60.000,60.000,60.000,60.000,60.000,60.000,60.000,60.000,60.000,60.000,60.000,60.000,60.000,60.000,60.000,60.000,60.000,60.000,60.000,60.000,60.000,60.000,60.000,60.000,60.000,60.000,60.000,60.000,60.000,60.000,60.000,60.000,60.000,60.000,60.000,60.000,60.000,60.000,60.000,60.000,60.000,60.000,60.000,60.000,60.000,60.000,60.000,60.000,60.000,60.000,60.000,60.000,60.000,60.000,60.000,60.000,60.000,60.000,60.000,60.000,60.000,60.000,60.000,60.000,60.000,60.000,60.000,60.000,60.000,60.000,60.000,60.000,60.000,60.000,60.000,60.000,60.000,60.000,60.000,60.000,60.000,60.000,60.000,60.000,60.000,60.000,60.000,60.000,60.000,60.000,60.000,60.000,60.000,60.000,60.000,60.000
118.371,118.148,117.925,117.702,117.478,117.255,117.031,116.807,116.583,116.359,116.135,115.910,115.685,115.461,115.236,115.010,114.785,114.560,114.334,114.108,113.882,113.656,113.430,113.203,112.977,112.750,112.523,112.296,112.069,111.841,111.614,111.386,111.158,110.930,110.702,110.473,110.245,110.016,109.787,109.558,109.329,109.099,108.870,108.640,108.410,108.180,107.949,107.719,107.488,107.258,107.027,106.796,106.564,106.333,106.101,105.869,105.637,105.531,105.443,105.354,105.265,105.176,105.086,104.997,104.907,104.816,104.726,104.635,104.544,104.452,104.361,104.269,104.176,104.084,103.991,103.898,103.804,103.710,103.616,103.522,103.427,103.332,103.237,103.142,103.046,102.950,102.853,102.756,102.659,102.562,102.464,102.366,102.268,102.169,102.070,101.971,101.871,101.772,101.671,101.571,101.470,101.369,101.267,101.166,101.064,100.961,100.858,100.755,100.652,100.548,100.444,100.340,100.235,100.130,100.025,99.919,99.813,99.706,99.600,99.493,99.385,99.278,99.170,99.061,98.952,98.843,98.734,98.624,98.514,98.404,98.293,98.182,98.071,97.959,97.847,97.734,97.621,97.508,97.395,97.281,97.167,97.052,96.937,96.822,96.707,96.591,96.475,96.358,96.241,96.124,96.006,95.888,95.770,95.651,95.532,95.413,95.293,95.173,95.053,94.932,94.811,94.690,94.568,94.446,94.323,94.201,94.077,93.954,93.830,93.706,93.582,93.457,93.332,93.206,93.080,92.954,92.828,92.701,92.574,92.446,92.318,92.190,92.062,91.933,91.804,91.674,91.544,91.414,91.284,91.153,91.022,90.890,90.759,90.626,90.494,90.361,90.228,90.095,89.961,89.827,89.693,89.559,89.424,89.289,89.153,89.017,88.881,88.745,88.608,88.471,88.334,88.196,88.058,87.920,87.782,87.643,87.504,87.365,87.225,87.086,86.946,86.805,86.665,86.524,86.383,86.241,86.100,85.958,85.816,85.673,85.530,85.388,85.244,85.101,84.957,84.813,84.669,84.525,84.380,84.236,84.091,83.945,83.800,83.654,83.508,83.362,83.216,83.069,82.923,82.776,82.629,82.481,82.334,82.186,82.038,81.890,81.742,81.594,81.445,81.296,81.147,80.998,80.849,80.700,80.550,80.400,80.251,80.101,79.950,79.800,79.650,79.499,79.349,79.198,79.047,78.896,78.745,78.593,78.442,78.290,78.139,77.987,77.835,77.683,77.531,77.379,77.227,77.075,76.922,76.770,76.617,76.465,76.312,76.159,76.006,75.853,75.701,75.548,75.395,75.241,75.088,74.935,74.782,74.629,74.475,74.322,74.169,74.015,73.862,73.708,73.555,73.402,73.248,73.095,72.941,72.788,72.634,72.481,72.327,72.174,72.020,71.867,71.713,71.560,71.406,71.253,71.100,70.946,70.793,70.640,70.486,70.333,70.180,70.027,69.874,69.721,69.567,69.415,69.262,69.109,68.956,68.803,68.650,68.498,68.345,68.193,68.040,67.888,67.736,67.583,67.431,67.279,67.127,66.975,66.823,66.671,66.520,66.368,66.217,66.065,65.914,65.763,65.612,65.460,65.309,65.159,65.008,64.857,64.707,64.556,64.406,64.255,64.105,63.955,63.805,63.655,63.506,63.356,63.206,63.057,62.908,62.759,62.609,62.460,62.312,62.163,62.014,61.866,61.717,61.569,61.421,61.273,61.125,60.977,60.829,60.681,60.534,60.386,60.239,60.092,60.000,60.000,60.000,60.000,60.000,60.000,60.000,60.000,60.000,60.000,60.000,60.000,60.000,60.000,60.000,60.000,60.000,60.000,60.000,60.000,60.000,60.000,60.000,60.000,60.000,60.000,60.000,60.000,60.000,60.000,60.000,60.000,60.000,60.000,60.000,60.000,60.000,60.000,60.000,60.000,60.000,60.000,60.000,60.000,60.000,60.000,60.000,60.000,60.000,60.000,60.000,60.000,60.000,60.000,60.000,60.000,60.000,60.000,60.000,60.000,60.000,60.000,60.000,60.000,60.000,60.000,60.000,60.000,60.000,60.000,60.000,60.000,60.000,60.000,60.000,60.000,60.000,60.000,60.000,60.000,60.000,60.000,60.000,60.000,60.000,60.000,60.000,60.000,60.000,60.000
118.372,118.149,117.925,117.702,117.479,117.255,117.031,116.808,116.584,116.359,116.135,115.910,115.686,115.461,115.236,115.011,114.785,114.560,114.334,114.109,113.883,113.656,113.430,113.204,112.977,112.750,112.523,112.296,112.069,111.842,111.614,111.386,111.158,110.930,110.702,110.474,110.245,110.016,109.787,109.558,109.329,109.099,108.870,108.640,108.410,108.180,107.950,107.719,107.489,107.258,107.115,107.031,106.946,106.861,106.776,106.690,106.604,106.518,106.432,106.345,106.258,106.171,106.084,105.996,105.908,105.820,105.731,105.642,105.553,105.464,105.374,105.284,105.194,105.103,105.012,104.921,104.829,104.738,104.646,104.553,104.460,104.367,104.274,104.181,104.087,103.993,103.898,103.803,103.708,103.613,103.517,103.421,103.325,103.228,103.131,103.034,102.936,102.838,102.740,102.641,102.542,102.443,102.343,102.243,102.143,102.043,101.942,101.841,101.739,101.637,101.535,101.432,101.330,101.226,101.123,101.019,100.915,100.810,100.705,100.600,100.494,100.388,100.282,100.175,100.068,99.961,99.853,99.745,99.637,99.528,99.419,99.310,99.200,99.090,98.980,98.869,98.758,98.646,98.534,98.422,98.309,98.196,98.083,97.969,97.855,97.741,97.626,97.511,97.396,97.280,97.164,97.047,96.930,96.813,96.695,96.577,96.459,96.340,96.221,96.102,95.982,95.862,95.742,95.621,95.499,95.378,95.256,95.134,95.011,94.888,94.765,94.641,94.517,94.393,94.268,94.143,94.017,93.891,93.765,93.639,93.512,93.384,93.257,93.129,93.001,92.872,92.743,92.614,92.484,92.354,92.223,92.093,91.962,91.830,91.699,91.567,91.434,91.301,91.168,91.035,90.901,90.767,90.633,90.498,90.363,90.228,90.092,89.956,89.820,89.683,89.546,89.409,89.271,89.133,88.995,88.856,88.718,88.579,88.439,88.299,88.159,88.019,87.878,87.738,87.596,87.455,87.313,87.171,87.029,86.886,86.744,86.600,86.457,86.313,86.169,86.025,85.881,85.736,85.591,85.446,85.301,85.155,85.009,84.863,84.716,84.570,84.423,84.276,84.129,83.981,83.833,83.685,83.537,83.389,83.240,83.091,82.942,82.793,82.644,82.494,82.344,82.194,82.044,81.894,81.743,81.592,81.442,81.290,81.139,80.988,80.836,80.685,80.533,80.381,80.229,80.076,79.924,79.771,79.619,79.466,79.313,79.160,79.007,78.853,78.700,78.546,78.393,78.239,78.085,77.931,77.777,77.623,77.469,77.314,77.160,77.006,76.851,76.696,76.542,76.387,76.232,76.077,75.922,75.767,75.612,75.457,75.302,75.147,74.991,74.836,74.681,74.525,74.370,74.215,74.059,73.904,73.748,73.593,73.437,73.282,73.126,72.971,72.815,72.660,72.504,72.349,72.193,72.038,71.882,71.727,71.571,71.416,71.261,71.105,70.950,70.795,70.639,70.484,70.329,70.174,70.019,69.864,69.709,69.554,69.399,69.244,69.089,68.934,68.780,68.625,68.470,68.316,68.162,68.007,67.853,67.699,67.545,67.390,67.236,67.083,66.929,66.775,66.621,66.468,66.314,66.161,66.007,65.854,65.701,65.548,65.395,65.242,65.089,64.937,64.784,64.632,64.479,64.327,64.175,64.023,63.871,63.719,63.567,63.415,63.264,63.112,62.961,62.809,62.658,62.507,62.356,62.205,62.054,61.904,61.753,61.603,61.452,61.302,61.152,61.002,60.852,60.702,60.552,60.402,60.253,60.103,60.000,60.000,60.000,60.000,60.000,60.000,60.000,60.000,60.000,60.000,60.000,60.000,60.000,60.000,60.000,60.000,60.000,60.000,60.000,60.000,60.000,60.000,60.000,60.000,60.000,60.000,60.000,60.000,60.000,60.000,60.000,60.000,60.000,60.000,60.000,60.000,60.000,60.000,60.000,60.000,60.000,60.000,60.000,60.000,60.000,60.000,60.000,60.000,60.000,60.000,60.000,60.000,60.000,60.000,60.000,60.000,60.000,60.000,60.000,60.000,60.000,60.000,60.000,60.000,60.000,60.000,60.000,60.000,60.000,60.000,60.000,60.000,60.000,60.000,60.000,60.000,60.000,60.000,60.000,60.000,60.000,60.000,60.000,60.000
118.372,118.149,117.926,117.703,117.479,117.256,117.032,116.808,116.584,116.360,116.135,115.911,115.686,115.461,115.236,115.011,114.786,114.560,114.335,114.109,113.883,113.657,113.431,113.204,112.977,112.751,112.524,112.297,112.069,111.842,111.614,111.387,111.159,110.931,110.702,110.474,110.245,110.017,109.788,109.559,109.329,109.100,108.870,108.665,108.584,108.504,108.422,108.341,108.259,108.178,108.095,108.013,107.930,107.847,107.764,107.681,107.597,107.513,107.429,107.344,107.259,107.174,107.089,107.003,106.917,106.831,106.744,106.658,106.571,106.483,106.396,106.308,106.219,106.131,106.042,105.953,105.863,105.774,105.684,105.593,105.503,105.412,105.321,105.229,105.137,105.045,104.953,104.860,104.767,104.674,104.580,104.486,104.391,104.297,104.202,104.107,104.011,103.915,103.819,103.722,103.625,103.528,103.430,103.332,103.234,103.136,103.037,102.937,102.838,102.738,102.638,102.537,102.436,102.335,102.233,102.131,102.029,101.926,101.823,101.720,101.616,101.512,101.408,101.303,101.198,101.092,100.986,100.880,100.774,100.667,100.559,100.452,100.344,100.235,100.127,100.018,99.908,99.798,99.688,99.578,99.467,99.355,99.244,99.132,99.019,98.907,98.793,98.680,98.566,98.452,98.337,98.222,98.107,97.991,97.875,97.758,97.642,97.524,97.407,97.289,97.170,97.052,96.933,96.813,96.693,96.573,96.452,96.331,96.210,96.088,95.966,95.844,95.721,95.597,95.474,95.350,95.225,95.101,94.976,94.850,94.724,94.598,94.471,94.345,94.217,94.090,93.961,93.833,93.704,93.575,93.445,93.316,93.185,93.055,92.924,92.792,92.661,92.529,92.396,92.263,92.130,91.997,91.863,91.729,91.594,91.459,91.324,91.189,91.053,90.917,90.780,90.643,90.506,90.368,90.230,90.092,89.953,89.815,89.675,89.536,89.396,89.256,89.115,88.974,88.833,88.692,88.550,88.408,88.266,88.123,87.980,87.837,87.693,87.549,87.405,87.261,87.116,86.971,86.826,86.680,86.535,86.388,86.242,86.095,85.949,85.801,85.654,85.506,85.359,85.210,85.062,84.913,84.764,84.615,84.466,84.316,84.167,84.017,83.866,83.716,83.565,83.414,83.263,83.112,82.960,82.809,82.657,82.505,82.352,82.200,82.047,81.894,81.741,81.588,81.435,81.281,81.128,80.974,80.820,80.666,80.511,80.357,80.202,80.047,79.893,79.738,79.582,79.427,79.272,79.116,78.961,78.805,78.649,78.493,78.337,78.181,78.025,77.868,77.712,77.555,77.399,77.242,77.085,76.928,76.771,76.614,76.457,76.300,76.143,75.986,75.828,75.671,75.514,75.356,75.199,75.041,74.884,74.726,74.569,74.411,74.253,74.096,73.938,73.780,73.623,73.465,73.307,73.150,72.992,72.834,72.676,72.519,72.361,72.203,72.046,71.888,71.730,71.573,71.415,71.258,71.100,70.943,70.785,70.628,70.470,70.313,70.156,69.999,69.841,69.684,69.527,69.370,69.213,69.056,68.899,68.742,68.586,68.429,68.272,68.116,67.959,67.803,67.647,67.490,67.334,67.178,67.022,66.866,66.710,66.554,66.399,66.243,66.087,65.932,65.776,65.621,65.466,65.311,65.156,65.001,64.846,64.691,64.536,64.382,64.227,64.073,63.919,63.764,63.610,63.456,63.302,63.148,62.994,62.841,62.687,62.534,62.380,62.227,62.074,61.920,61.767,61.614,61.461,61.308,61.156,61.003,60.850,60.698,60.545,60.393,60.240,60.088,60.000,60.000,60.000,60.000,60.000,60.000,60.000,60.000,60.000,60.000,60.000,60.000,60.000,60.000,60.000,60.000,60.000,60.000,60.000,60.000,60.000,60.000,60.000,60.000,60.000,60.000,60.000,60.000,60.000,60.000,60.000,60.000,60.000,60.000,60.000,60.000,60.000,60.000,60.000,60.000,60.000,60.000,60.000,60.000,60.000,60.000,60.000,60.000,60.000,60.000,60.000,60.000,60.000,60.000,60.000,60.000,60.000,60.000,60.000,60.000,60.000,60.000,60.000,60.000,60.000,60.000,60.000,60.000,60.000,60.000,60.000,60.000,60.000,60.000,60.000,60.000,60.000,60.000
118.372,118.149,117.926,117.703,117.480,117.256,117.032,116.808,116.584,116.360,116.136,115.911,115.687,115.462,115.237,115.012,114.786,114.561,114.335,114.109,113.883,113.657,113.431,113.204,112.978,112.751,112.524,112.297,112.070,111.842,111.615,111.387,111.159,110.931,110.703,110.474,110.246,110.103,110.026,109.948,109.871,109.793,109.715,109.637,109.558,109.480,109.401,109.322,109.242,109.162,109.082,109.002,108.921,108.841,108.760,108.678,108.597,108.515,108.433,108.350,108.267,108.184,108.101,108.018,107.934,107.850,107.765,107.681,107.596,107.511,107.425,107.339,107.253,107.167,107.080,106.993,106.906,106.818,106.731,106.642,106.554,106.465,106.376,106.287,106.197,106.107,106.017,105.926,105.835,105.744,105.652,105.560,105.468,105.376,105.283,105.189,105.096,105.002,104.908,104.813,104.719,104.623,104.528,104.432,104.336,104.239,104.143,104.045,103.948,103.850,103.752,103.653,103.554,103.455,103.355,103.255,103.155,103.054,102.953,102.852,102.750,102.648,102.546,102.443,102.340,102.236,102.132,102.028,101.923,101.818,101.713,101.607,101.501,101.394,101.287,101.180,101.073,100.965,100.856,100.747,100.638,100.529,100.419,100.309,100.198,100.087,99.976,99.864,99.752,99.639,99.526,99.413,99.299,99.185,99.070,98.955,98.840,98.724,98.608,98.492,98.375,98.258,98.140,98.022,97.904,97.785,97.666,97.546,97.426,97.306,97.185,97.064,96.942,96.820,96.698,96.575,96.452,96.328,96.205,96.080,95.956,95.830,95.705,95.579,95.453,95.326,95.199,95.072,94.944,94.816,94.687,94.558,94.429,94.299,94.169,94.038,93.907,93.776,93.644,93.512,93.380,93.247,93.114,92.981,92.847,92.712,92.578,92.443,92.307,92.172,92.035,91.899,91.762,91.625,91.487,91.349,91.211,91.073,90.934,90.794,90.655,90.515,90.374,90.234,90.092,89.951,89.809,89.667,89.525,89.382,89.239,89.096,88.952,88.808,88.664,88.519,88.374,88.229,88.084,87.938,87.792,87.645,87.498,87.351,87.204,87.056,86.909,86.760,86.612,86.463,86.314,86.165,86.015,85.866,85.715,85.565,85.415,85.264,85.113,84.961,84.810,84.658,84.506,84.354,84.201,84.048,83.895,83.742,83.589,83.435,83.282,83.128,82.973,82.819,82.664,82.509,82.354,82.199,82.044,81.888,81.733,81.577,81.421,81.265,81.108,80.952,80.795,80.638,80.481,80.324,80.167,80.009,79.852,79.694,79.536,79.379,79.220,79.062,78.904,78.746,78.587,78.429,78.270,78.111,77.952,77.793,77.634,77.475,77.316,77.157,76.997,76.838,76.679,76.519,76.359,76.200,76.040,75.880,75.721,75.561,75.401,75.241,75.081,74.921,74.761,74.601,74.441,74.281,74.121,73.961,73.801,73.640,73.480,73.320,73.160,73.000,72.840,72.680,72.520,72.360,72.199,72.039,71.879,71.719,71.559,71.399,71.239,71.080,70.920,70.760,70.600,70.440,70.281,70.121,69.961,69.802,69.642,69.483,69.323,69.164,69.005,68.845,68.686,68.527,68.368,68.209,68.050,67.891,67.732,67.574,67.415,67.256,67.098,66.939,66.781,66.623,66.464,66.306,66.148,65.990,65.832,65.674,65.517,65.359,65.201,65.044,64.886,64.729,64.572,64.414,64.257,64.100,63.943,63.786,63.629,63.473,63.316,63.159,63.003,62.846,62.690,62.533,62.377,62.221,62.065,61.909,61.753,61.597,61.441,61.285,61.129,60.973,60.817,60.662,60.506,60.350,60.195,60.039,60.000,60.000,60.000,60.000,60.000,60.000,60.000,60.000,60.000,60.000,60.000,60.000,60.000,60.000,60.000,60.000,60.000,60.000,60.000,60.000,60.000,60.000,60.000,60.000,60.000,60.000,60.000,60.000,60.000,60.000,60.000,60.000,60.000,60.000,60.000,60.000,60.000,60.000,60.000,60.000,60.000,60.000,60.000,60.000,60.000,60.000,60.000,60.000,60.000,60.000,60.000,60.000,60.000,60.000,60.000,60.000,60.000,60.000,60.000,60.000,60.000,60.000,60.000,60.000,60.000,60.000,60.000,60.000,60.000,60.000,60.000,60.000
118.373,118.150,117.927,117.703,117.480,117.256,117.033,116.809,116.585,116.361,116.136,115.912,115.687,115.462,115.237,115.012,114.787,114.561,114.335,114.110,113.884,113.658,113.431,113.205,112.978,112.751,112.524,112.297,112.070,111.843,111.615,111.512,111.438,111.364,111.291,111.216,111.142,111.067,110.993,110.918,110.842,110.767,110.691,110.615,110.538,110.462,110.385,110.308,110.231,110.153,110.075,109.997,109.919,109.840,109.761,109.682,109.603,109.523,109.443,109.363,109.282,109.202,109.121,109.039,108.958,108.876,108.794,108.711,108.629,108.546,108.462,108.379,108.295,108.211,108.126,108.041,107.956,107.871,107.785,107.699,107.613,107.527,107.440,107.352,107.265,107.177,107.089,107.001,106.912,106.823,106.733,106.644,106.554,106.463,106.373,106.282,106.190,106.099,106.007,105.914,105.822,105.729,105.635,105.542,105.448,105.353,105.259,105.164,105.068,104.972,104.876,104.780,104.683,104.586,104.488,104.390,104.292,104.194,104.095,103.995,103.896,103.796,103.695,103.594,103.493,103.392,103.290,103.188,103.085,102.982,102.879,102.775,102.671,102.566,102.461,102.356,102.250,102.144,102.038,101.931,101.823,101.716,101.608,101.499,101.391,101.281,101.172,101.062,100.951,100.840,100.729,100.618,100.506,100.393,100.280,100.167,100.054,99.940,99.825,99.710,99.595,99.479,99.363,99.247,99.130,99.013,98.895,98.777,98.658,98.540,98.420,98.300,98.180,98.060,97.939,97.817,97.696,97.573,97.451,97.328,97.204,97.080,96.956,96.831,96.706,96.581,96.455,96.329,96.202,96.075,95.947,95.819,95.691,95.562,95.433,95.303,95.173,95.043,94.912,94.781,94.649,94.517,94.385,94.252,94.119,93.985,93.851,93.717,93.582,93.447,93.311,93.175,93.039,92.902,92.765,92.627,92.490,92.351,92.213,92.074,91.934,91.794,91.654,91.514,91.373,91.232,91.090,90.948,90.806,90.663,90.520,90.377,90.233,90.089,89.944,89.800,89.655,89.509,89.363,89.217,89.071,88.924,88.777,88.629,88.482,88.334,88.185,88.037,87.888,87.738,87.589,87.439,87.289,87.138,86.987,86.836,86.685,86.533,86.381,86.229,86.077,85.924,85.771,85.618,85.464,85.311,85.157,85.002,84.848,84.693,84.538,84.383,84.228,84.072,83.916,83.760,83.604,83.447,83.290,83.133,82.976,82.819,82.661,82.504,82.346,82.188,82.029,81.871,81.712,81.554,81.395,81.236,81.076,80.917,80.757,80.598,80.438,80.278,80.118,79.957,79.797,79.636,79.476,79.315,79.154,78.993,78.832,78.671,78.509,78.348,78.187,78.025,77.863,77.702,77.540,77.378,77.216,77.054,76.892,76.730,76.567,76.405,76.243,76.080,75.918,75.755,75.593,75.430,75.268,75.105,74.942,74.780,74.617,74.454,74.292,74.129,73.966,73.803,73.641,73.478,73.315,73.152,72.989,72.827,72.664,72.501,72.338,72.176,72.013,71.850,71.688,71.525,71.363,71.200,71.037,70.875,70.712,70.550,70.388,70.225,70.063,69.901,69.739,69.576,69.414,69.252,69.090,68.928,68.766,68.604,68.443,68.281,68.119,67.958,67.796,67.635,67.473,67.312,67.150,66.989,66.828,66.667,66.506,66.345,66.184,66.023,65.862,65.701,65.541,65.380,65.220,65.059,64.899,64.738,64.578,64.418,64.258,64.097,63.937,63.777,63.617,63.457,63.298,63.138,62.978,62.818,62.658,62.499,62.339,62.180,62.020,61.860,61.701,61.541,61.382,61.223,61.063,60.904,60.744,60.585,60.425,60.266,60.106,60.000,60.000,60.000,60.000,60.000,60.000,60.000,60.000,60.000,60.000,60.000,60.000,60.000,60.000,60.000,60.000,60.000,60.000,60.000,60.000,60.000,60.000,60.000,60.000,60.000,60.000,60.000,60.000,60.000,60.000,60.000,60.000,60.000,60.000,60.000,60.000,60.000,60.000,60.000,60.000,60.000,60.000,60.000,60.000,60.000,60.000,60.000,60.000,60.000,60.000,60.000,60.000,60.000,60.000,60.000,60.000,60.000,60.000,60.000,60.000,60.000,60.000,60.000,60.000,60.000,60.000,60.000
118.373,118.150,117.927,117.704,117.480,117.257,117.033,116.809,116.585,116.361,116.137,115.912,115.687,115.462,115.237,115.012,114.787,114.562,114.336,114.110,113.884,113.658,113.432,113.205,112.979,112.891,112.821,112.751,112.681,112.610,112.539,112.468,112.397,112.326,112.254,112.182,112.110,112.037,111.965,111.892,111.819,111.745,111.672,111.598,111.524,111.449,111.375,111.300,111.225,111.150,111.074,110.998,110.922,110.846,110.769,110.692,110.615,110.538,110.460,110.382,110.304,110.225,110.146,110.067,109.988,109.908,109.829,109.748,109.668,109.587,109.506,109.425,109.343,109.261,109.179,109.097,109.014,108.931,108.848,108.764,108.680,108.596,108.511,108.426,108.341,108.255,108.170,108.083,107.997,107.910,107.823,107.736,107.648,107.560,107.471,107.383,107.293,107.204,107.114,107.024,106.934,106.843,106.752,106.661,106.569,106.477,106.384,106.291,106.198,106.105,106.011,105.916,105.822,105.727,105.632,105.536,105.440,105.343,105.247,105.149,105.052,104.954,104.856,104.757,104.658,104.559,104.459,104.359,104.258,104.157,104.056,103.954,103.852,103.750,103.647,103.543,103.440,103.336,103.231,103.126,103.021,102.915,102.809,102.703,102.596,102.489,102.381,102.273,102.164,102.055,101.946,101.836,101.726,101.615,101.504,101.393,101.281,101.169,101.056,100.943,100.830,100.716,100.601,100.486,100.371,100.256,100.139,100.023,99.906,99.789,99.671,99.553,99.434,99.315,99.195,99.075,98.955,98.834,98.713,98.591,98.469,98.347,98.224,98.100,97.976,97.852,97.727,97.602,97.477,97.351,97.224,97.097,96.970,96.842,96.714,96.586,96.457,96.327,96.197,96.067,95.936,95.805,95.674,95.542,95.409,95.276,95.143,95.009,94.875,94.741,94.606,94.470,94.334,94.198,94.062,93.925,93.787,93.649,93.511,93.372,93.233,93.094,92.954,92.814,92.673,92.532,92.391,92.249,92.107,91.964,91.821,91.678,91.534,91.390,91.245,91.100,90.955,90.809,90.663,90.517,90.370,90.223,90.076,89.928,89.780,89.632,89.483,89.334,89.184,89.034,88.884,88.734,88.583,88.432,88.280,88.128,87.976,87.824,87.671,87.518,87.365,87.211,87.057,86.903,86.749,86.594,86.439,86.283,86.128,85.972,85.816,85.659,85.503,85.346,85.188,85.031,84.873,84.715,84.557,84.399,84.240,84.081,83.922,83.763,83.604,83.444,83.284,83.124,82.964,82.803,82.642,82.482,82.320,82.159,81.998,81.836,81.674,81.512,81.350,81.188,81.026,80.863,80.700,80.538,80.375,80.211,80.048,79.885,79.721,79.558,79.394,79.230,79.066,78.902,78.738,78.574,78.409,78.245,78.080,77.916,77.751,77.586,77.421,77.256,77.091,76.926,76.761,76.596,76.431,76.265,76.100,75.935,75.769,75.604,75.438,75.273,75.107,74.942,74.776,74.611,74.445,74.279,74.114,73.948,73.782,73.617,73.451,73.285,73.120,72.954,72.788,72.623,72.457,72.291,72.126,71.960,71.794,71.629,71.463,71.298,71.132,70.967,70.802,70.636,70.471,70.305,70.140,69.975,69.810,69.645,69.479,69.314,69.149,68.984,68.819,68.655,68.490,68.325,68.160,67.995,67.831,67.666,67.502,67.337,67.173,67.008,66.844,66.679,66.515,66.351,66.187,66.023,65.859,65.695,65.531,65.367,65.203,65.039,64.875,64.711,64.547,64.384,64.220,64.056,63.893,63.729,63.565,63.402,63.238,63.075,62.911,62.748,62.584,62.421,62.257,62.093,61.930,61.766,61.603,61.439,61.275,61.112,60.948,60.784,60.620,60.456,60.292,60.128,60.000,60.000,60.000,60.000,60.000,60.000,60.000,60.000,60.000,60.000,60.000,60.000,60.000,60.000,60.000,60.000,60.000,60.000,60.000,60.000,60.000,60.000,60.000,60.000,60.000,60.000,60.000,60.000,60.000,60.000,60.000,60.000,60.000,60.000,60.000,60.000,60.000,60.000,60.000,60.000,60.000,60.000,60.000,60.000,60.000,60.000,60.000,60.000,60.000,60.000,60.000,60.000,60.000,60.000,60.000,60.000,60.000,60.000,60.000,60.000,60.000,60.000
118.374,118.151,117.928,117.704,117.481,117.257,117.034,116.810,116.586,116.361,116.137,115.912,115.688,115.463,115.238,115.013,114.787,114.562,114.336,114.241,114.174,114.107,114.041,113.974,113.906,113.839,113.771,113.703,113.635,113.567,113.498,113.429,113.360,113.291,113.222,113.152,113.082,113.012,112.941,112.871,112.800,112.729,112.657,112.586,112.514,112.442,112.370,112.297,112.224,112.151,112.078,112.004,111.931,111.856,111.782,111.708,111.633,111.558,111.482,111.407,111.331,111.254,111.178,111.101,111.024,110.947,110.869,110.792,110.714,110.635,110.556,110.477,110.398,110.319,110.239,110.159,110.078,109.997,109.916,109.835,109.753,109.672,109.589,109.507,109.424,109.341,109.257,109.173,109.089,109.005,108.920,108.835,108.749,108.664,108.578,108.491,108.404,108.317,108.230,108.142,108.054,107.966,107.877,107.788,107.698,107.608,107.518,107.428,107.337,107.246,107.154,107.062,106.970,106.877,106.784,106.690,106.597,106.503,106.408,106.313,106.218,106.122,106.026,105.930,105.833,105.736,105.638,105.540,105.442,105.343,105.244,105.144,105.044,104.944,104.843,104.742,104.640,104.538,104.436,104.333,104.230,104.126,104.022,103.918,103.813,103.708,103.602,103.496,103.389,103.282,103.175,103.067,102.959,102.850,102.741,102.631,102.521,102.411,102.300,102.189,102.077,101.965,101.852,101.739,101.626,101.512,101.397,101.282,101.167,101.051,100.935,100.819,100.702,100.584,100.466,100.348,100.229,100.110,99.990,99.870,99.749,99.628,99.506,99.384,99.262,99.139,99.015,98.891,98.767,98.642,98.517,98.391,98.265,98.139,98.012,97.884,97.756,97.628,97.499,97.369,97.240,97.109,96.979,96.848,96.716,96.584,96.452,96.319,96.185,96.051,95.917,95.782,95.647,95.512,95.376,95.239,95.102,94.965,94.827,94.689,94.550,94.411,94.271,94.132,93.991,93.850,93.709,93.567,93.425,93.283,93.140,92.997,92.853,92.709,92.564,92.419,92.274,92.128,91.982,91.835,91.688,91.541,91.393,91.245,91.097,90.948,90.799,90.649,90.499,90.349,90.198,90.047,89.895,89.744,89.591,89.439,89.286,89.133,88.979,88.826,88.671,88.517,88.362,88.207,88.051,87.895,87.739,87.583,87.426,87.269,87.112,86.954,86.796,86.638,86.479,86.321,86.161,86.002,85.842,85.683,85.522,85.362,85.201,85.041,84.879,84.718,84.556,84.395,84.233,84.070,83.908,83.745,83.582,83.419,83.256,83.092,82.928,82.764,82.600,82.436,82.271,82.107,81.942,81.777,81.612,81.446,81.281,81.115,80.949,80.783,80.617,80.451,80.285,80.118,79.951,79.785,79.618,79.451,79.284,79.117,78.949,78.782,78.614,78.447,78.279,78.111,77.943,77.776,77.608,77.439,77.271,77.103,76.935,76.766,76.598,76.430,76.261,76.093,75.924,75.755,75.587,75.418,75.249,75.081,74.912,74.743,74.574,74.405,74.237,74.068,73.899,73.730,73.561,73.392,73.223,73.055,72.886,72.717,72.548,72.379,72.210,72.041,71.873,71.704,71.535,71.366,71.197,71.029,70.860,70.691,70.523,70.354,70.185,70.017,69.848,69.680,69.511,69.343,69.175,69.006,68.838,68.669,68.501,68.333,68.165,67.997,67.828,67.660,67.492,67.324,67.156,66.988,66.820,66.652,66.484,66.316,66.148,65.981,65.813,65.645,65.477,65.309,65.142,64.974,64.806,64.638,64.471,64.303,64.135,63.967,63.799,63.632,63.464,63.296,63.128,62.960,62.792,62.624,62.456,62.288,62.120,61.951,61.783,61.615,61.446,61.277,61.109,60.940,60.771,60.602,60.432,60.263,60.093,60.000,60.000,60.000,60.000,60.000,60.000,60.000,60.000,60.000,60.000,60.000,60.000,60.000,60.000,60.000,60.000,60.000,60.000,60.000,60.000,60.000,60.000,60.000,60.000,60.000,60.000,60.000,60.000,60.000,60.000,60.000,60.000,60.000,60.000,60.000,60.000,60.000,60.000,60.000,60.000,60.000,60.000,60.000,60.000,60.000,60.000,60.000,60.000,60.000,60.000,60.000,60.000,60.000,60.000,60.000,60.000,60.000
118.374,118.151,117.928,117.705,117.481,117.258,117.034,116.810,116.586,116.362,116.137,115.913,115.688,115.560,115.497,115.434,115.370,115.307,115.243,115.179,115.114,115.050,114.985,114.921,114.855,114.790,114.725,114.659,114.593,114.527,114.461,114.394,114.327,114.260,114.193,114.126,114.058,113.990,113.922,113.854,113.785,113.716,113.647,113.578,113.509,113.439,113.369,113.299,113.228,113.157,113.086,113.015,112.944,112.872,112.800,112.728,112.655,112.583,112.510,112.436,112.363,112.289,112.215,112.140,112.066,111.991,111.916,111.840,111.765,111.689,111.612,111.536,111.459,111.382,111.304,111.226,111.148,111.070,110.991,110.912,110.833,110.754,110.674,110.594,110.513,110.432,110.351,110.270,110.188,110.106,110.024,109.941,109.858,109.775,109.691,109.607,109.522,109.438,109.353,109.267,109.182,109.096,109.009,108.922,108.835,108.748,108.660,108.572,108.483,108.394,108.305,108.216,108.126,108.035,107.944,107.853,107.762,107.670,107.578,107.485,107.392,107.299,107.205,107.111,107.016,106.921,106.826,106.730,106.634,106.538,106.441,106.343,106.245,106.147,106.049,105.950,105.850,105.751,105.650,105.550,105.449,105.347,105.245,105.143,105.040,104.937,104.833,104.729,104.625,104.520,104.414,104.308,104.202,104.095,103.988,103.881,103.773,103.664,103.555,103.446,103.336,103.225,103.115,103.003,102.892,102.780,102.667,102.554,102.440,102.326,102.212,102.097,101.982,101.866,101.749,101.632,101.515,101.397,101.279,101.160,101.041,100.922,100.801,100.681,100.560,100.438,100.316,100.194,100.071,99.947,99.823,99.699,99.574,99.448,99.323,99.196,99.069,98.942,98.814,98.686,98.557,98.428,98.298,98.168,98.037,97.906,97.775,97.642,97.510,97.377,97.243,97.109,96.975,96.840,96.704,96.568,96.432,96.295,96.158,96.020,95.882,95.743,95.604,95.464,95.324,95.184,95.043,94.901,94.760,94.617,94.474,94.331,94.187,94.043,93.899,93.754,93.608,93.462,93.316,93.169,93.022,92.875,92.727,92.578,92.429,92.280,92.130,91.980,91.830,91.679,91.528,91.376,91.224,91.072,90.919,90.765,90.612,90.458,90.303,90.149,89.994,89.838,89.682,89.526,89.370,89.213,89.055,88.898,88.740,88.582,88.423,88.264,88.105,87.945,87.786,87.625,87.465,87.304,87.143,86.982,86.820,86.658,86.496,86.333,86.170,86.007,85.844,85.680,85.516,85.352,85.188,85.023,84.858,84.693,84.528,84.362,84.196,84.030,83.864,83.697,83.531,83.364,83.197,83.029,82.862,82.694,82.526,82.358,82.190,82.022,81.853,81.684,81.516,81.347,81.177,81.008,80.838,80.669,80.499,80.329,80.159,79.989,79.819,79.648,79.478,79.307,79.137,78.966,78.795,78.624,78.453,78.282,78.110,77.939,77.767,77.596,77.424,77.253,77.081,76.909,76.737,76.566,76.394,76.222,76.050,75.878,75.705,75.533,75.361,75.189,75.017,74.844,74.672,74.500,74.328,74.155,73.983,73.810,73.638,73.466,73.293,73.121,72.948,72.776,72.604,72.431,72.259,72.086,71.914,71.742,71.569,71.397,71.224,71.052,70.880,70.707,70.535,70.363,70.191,70.018,69.846,69.674,69.502,69.329,69.157,68.985,68.813,68.641,68.469,68.296,68.124,67.952,67.780,67.608,67.436,67.264,67.092,66.920,66.748,66.575,66.403,66.231,66.059,65.887,65.715,65.543,65.371,65.198,65.026,64.854,64.681,64.509,64.337,64.164,63.992,63.819,63.646,63.474,63.301,63.128,62.955,62.782,62.608,62.435,62.262,62.088,61.914,61.740,61.566,61.392,61.217,61.043,60.868,60.693,60.517,60.342,60.166,60.000,60.000,60.000,60.000,60.000,60.000,60.000,60.000,60.000,60.000,60.000,60.000,60.000,60.000,60.000,60.000,60.000,60.000,60.000,60.000,60.000,60.000,60.000,60.000,60.000,60.000,60.000,60.000,60.000,60.000,60.000,60.000,60.000,60.000,60.000,60.000,60.000,60.000,60.000,60.000,60.000,60.000,60.000,60.000,60.000,60.000,60.000,60.000,60.000,60.000,60.000,60.000,60.000
118.374,118.151,117.928,117.705,117.482,117.258,117.034,116.849,116.789,116.729,116.669,116.609,116.548,116.488,116.427,116.366,116.305,116.243,116.182,116.120,116.058,115.996,115.933,115.871,115.808,115.745,115.682,115.618,115.555,115.491,115.427,115.362,115.298,115.233,115.168,115.103,115.038,114.972,114.907,114.841,114.774,114.708,114.641,114.574,114.507,114.440,114.372,114.304,114.236,114.168,114.099,114.030,113.961,113.892,113.822,113.752,113.682,113.612,113.541,113.470,113.399,113.328,113.256,113.184,113.112,113.039,112.967,112.894,112.820,112.747,112.673,112.599,112.524,112.450,112.375,112.299,112.224,112.148,112.071,111.995,111.918,111.841,111.764,111.686,111.608,111.530,111.451,111.372,111.293,111.213,111.133,111.053,110.972,110.891,110.810,110.728,110.647,110.564,110.482,110.399,110.315,110.232,110.148,110.063,109.979,109.894,109.808,109.723,109.636,109.550,109.463,109.376,109.288,109.200,109.112,109.023,108.934,108.845,108.755,108.664,108.574,108.483,108.391,108.299,108.207,108.115,108.022,107.928,107.834,107.740,107.645,107.550,107.455,107.359,107.263,107.166,107.069,106.971,106.873,106.775,106.676,106.576,106.477,106.376,106.276,106.175,106.073,105.971,105.869,105.766,105.663,105.559,105.455,105.350,105.245,105.139,105.033,104.926,104.819,104.712,104.604,104.496,104.387,104.277,104.168,104.057,103.946,103.835,103.723,103.611,103.498,103.385,103.272,103.157,103.043,102.928,102.812,102.696,102.579,102.462,102.344,102.226,102.108,101.988,101.869,101.749,101.628,101.507,101.385,101.263,101.140,101.017,100.894,100.769,100.645,100.520,100.394,100.268,100.141,100.014,99.886,99.758,99.629,99.500,99.370,99.240,99.109,98.978,98.846,98.714,98.581,98.448,98.314,98.180,98.045,97.910,97.774,97.638,97.501,97.364,97.226,97.088,96.949,96.810,96.670,96.530,96.389,96.248,96.106,95.964,95.821,95.678,95.534,95.390,95.246,95.101,94.955,94.809,94.663,94.516,94.368,94.221,94.072,93.924,93.774,93.625,93.475,93.324,93.173,93.022,92.870,92.718,92.565,92.412,92.258,92.104,91.950,91.795,91.640,91.484,91.328,91.172,91.015,90.858,90.700,90.542,90.384,90.225,90.066,89.906,89.747,89.586,89.426,89.265,89.104,88.942,88.780,88.618,88.455,88.292,88.129,87.965,87.801,87.637,87.472,87.307,87.142,86.977,86.811,86.645,86.478,86.312,86.145,85.978,85.810,85.642,85.474,85.306,85.138,84.969,84.800,84.631,84.461,84.292,84.122,83.952,83.781,83.611,83.440,83.269,83.098,82.927,82.755,82.584,82.412,82.240,82.067,81.895,81.723,81.550,81.377,81.204,81.031,80.857,80.684,80.510,80.337,80.163,79.989,79.815,79.641,79.466,79.292,79.117,78.943,78.768,78.593,78.418,78.243,78.068,77.893,77.718,77.543,77.367,77.192,77.016,76.841,76.665,76.489,76.314,76.138,75.962,75.786,75.610,75.434,75.258,75.082,74.906,74.730,74.554,74.378,74.202,74.025,73.849,73.673,73.497,73.320,73.144,72.968,72.792,72.615,72.439,72.263,72.086,71.910,71.734,71.557,71.381,71.204,71.028,70.852,70.675,70.499,70.323,70.146,69.970,69.793,69.617,69.440,69.264,69.088,68.911,68.735,68.558,68.382,68.205,68.029,67.852,67.675,67.499,67.322,67.146,66.969,66.792,66.615,66.438,66.262,66.085,65.908,65.731,65.553,65.376,65.199,65.022,64.844,64.667,64.489,64.311,64.133,63.955,63.777,63.599,63.420,63.242,63.063,62.884,62.705,62.525,62.346,62.166,61.986,61.806,61.625,61.444,61.263,61.082,60.900,60.718,60.536,60.353,60.170,60.000,60.000,60.000,60.000,60.000,60.000,60.000,60.000,60.000,60.000,60.000,60.000,60.000,60.000,60.000,60.000,60.000,60.000,60.000,60.000,60.000,60.000,60.000,60.000,60.000,60.000,60.000,60.000,60.000,60.000,60.000,60.000,60.000,60.000,60.000,60.000,60.000,60.000,60.000,60.000,60.000,60.000,60.000,60.000,60.000,60.000,60.000,60.000,60.000
118.375,118.152,118.051,117.995,117.938,117.881,117.823,117.766,117.709,117.651,117.593,117.535,117.477,117.418,117.359,117.301,117.242,117.183,117.123,117.064,117.004,116.944,116.884,116.823,116.763,116.702,116.641,116.580,116.519,116.457,116.396,116.334,116.272,116.209,116.147,116.084,116.021,115.958,115.894,115.830,115.767,115.702,115.638,115.574,115.509,115.444,115.379,115.313,115.247,115.181,115.115,115.049,114.982,114.915,114.848,114.780,114.713,114.645,114.577,114.508,114.439,114.370,114.301,114.232,114.162,114.092,114.022,113.951,113.880,113.809,113.738,113.666,113.594,113.522,113.449,113.376,113.303,113.230,113.156,113.082,113.008,112.933,112.858,112.783,112.707,112.631,112.555,112.479,112.402,112.325,112.247,112.169,112.091,112.013,111.934,111.855,111.776,111.696,111.616,111.535,111.454,111.373,111.292,111.210,111.128,111.045,110.962,110.879,110.795,110.711,110.627,110.542,110.457,110.371,110.285,110.199,110.112,110.025,109.937,109.850,109.761,109.673,109.584,109.494,109.404,109.314,109.223,109.132,109.041,108.949,108.856,108.764,108.671,108.577,108.483,108.388,108.293,108.198,108.102,108.006,107.909,107.812,107.715,107.617,107.518,107.419,107.320,107.220,107.120,107.019,106.918,106.816,106.714,106.611,106.508,106.405,106.301,106.196,106.091,105.986,105.880,105.773,105.666,105.559,105.451,105.342,105.233,105.124,105.014,104.904,104.793,104.681,104.569,104.457,104.344,104.230,104.116,104.002,103.887,103.771,103.655,103.539,103.422,103.304,103.186,103.067,102.948,102.828,102.708,102.587,102.466,102.344,102.222,102.099,101.975,101.851,101.727,101.602,101.476,101.350,101.223,101.096,100.969,100.840,100.712,100.582,100.452,100.322,100.191,100.060,99.928,99.795,99.662,99.528,99.394,99.260,99.125,98.989,98.853,98.716,98.578,98.441,98.302,98.163,98.024,97.884,97.744,97.603,97.461,97.319,97.177,97.033,96.890,96.746,96.601,96.456,96.311,96.164,96.018,95.871,95.723,95.575,95.427,95.277,95.128,94.978,94.827,94.676,94.525,94.373,94.220,94.067,93.914,93.760,93.606,93.451,93.296,93.140,92.984,92.828,92.671,92.513,92.356,92.197,92.039,91.879,91.720,91.560,91.399,91.239,91.078,90.916,90.754,90.592,90.429,90.266,90.102,89.938,89.774,89.609,89.444,89.279,89.113,88.947,88.781,88.614,88.447,88.279,88.112,87.944,87.775,87.607,87.438,87.268,87.099,86.929,86.758,86.588,86.417,86.246,86.075,85.903,85.731,85.559,85.387,85.214,85.041,84.868,84.695,84.521,84.348,84.173,83.999,83.825,83.650,83.475,83.300,83.125,82.949,82.774,82.598,82.422,82.246,82.069,81.893,81.716,81.539,81.362,81.185,81.008,80.830,80.653,80.475,80.297,80.119,79.941,79.763,79.585,79.406,79.228,79.049,78.870,78.692,78.513,78.334,78.154,77.975,77.796,77.617,77.437,77.258,77.078,76.899,76.719,76.539,76.359,76.179,75.999,75.819,75.639,75.459,75.279,75.099,74.919,74.739,74.558,74.378,74.198,74.017,73.837,73.656,73.476,73.295,73.115,72.934,72.754,72.573,72.393,72.212,72.031,71.850,71.670,71.489,71.308,71.127,70.946,70.766,70.585,70.404,70.223,70.042,69.861,69.680,69.499,69.317,69.136,68.955,68.774,68.592,68.411,68.230,68.048,67.867,67.685,67.503,67.322,67.140,66.958,66.776,66.594,66.411,66.229,66.047,65.864,65.681,65.499,65.316,65.133,64.949,64.766,64.582,64.399,64.215,64.030,63.846,63.661,63.477,63.292,63.106,62.921,62.735,62.548,62.362,62.175,61.988,61.800,61.612,61.424,61.235,61.045,60.856,60.665,60.474,60.283,60.091,60.000,60.000,60.000,60.000,60.000,60.000,60.000,60.000,60.000,60.000,60.000,60.000,60.000,60.000,60.000,60.000,60.000,60.000,60.000,60.000,60.000,60.000,60.000,60.000,60.000,60.000,60.000,60.000,60.000,60.000,60.000,60.000,60.000,60.000,60.000,60.000,60.000,60.000,60.000,60.000,60.000,60.000,60.000,60.000,60.000
119.068,119.014,118.959,118.905,118.850,118.795,118.740,118.685,118.630,118.574,118.519,118.463,118.407,118.350,118.294,118.237,118.181,118.124,118.067,118.009,117.952,117.894,117.837,117.778,117.720,117.662,117.603,117.544,117.485,117.426,117.367,117.307,117.247,117.187,117.127,117.067,117.006,116.945,116.884,116.823,116.761,116.700,116.638,116.576,116.513,116.451,116.388,116.325,116.261,116.198,116.134,116.070,116.006,115.941,115.876,115.811,115.746,115.681,115.615,115.549,115.483,115.416,115.349,115.282,115.215,115.147,115.080,115.012,114.943,114.874,114.806,114.736,114.667,114.597,114.527,114.457,114.386,114.315,114.244,114.172,114.100,114.028,113.956,113.883,113.810,113.737,113.663,113.589,113.515,113.440,113.365,113.290,113.214,113.138,113.062,112.985,112.908,112.831,112.754,112.676,112.597,112.519,112.439,112.360,112.280,112.200,112.120,112.039,111.958,111.876,111.794,111.712,111.629,111.546,111.462,111.379,111.294,111.210,111.125,111.039,110.953,110.867,110.780,110.693,110.606,110.518,110.430,110.341,110.252,110.162,110.072,109.982,109.891,109.800,109.708,109.616,109.523,109.430,109.336,109.242,109.148,109.053,108.958,108.862,108.766,108.669,108.572,108.474,108.376,108.277,108.178,108.079,107.979,107.878,107.777,107.675,107.573,107.471,107.368,107.264,107.160,107.056,106.951,106.845,106.739,106.633,106.526,106.418,106.310,106.201,106.092,105.982,105.872,105.761,105.650,105.538,105.426,105.313,105.200,105.086,104.971,104.856,104.741,104.625,104.508,104.391,104.273,104.155,104.036,103.916,103.796,103.676,103.555,103.433,103.311,103.188,103.065,102.941,102.816,102.691,102.566,102.440,102.313,102.186,102.058,101.929,101.800,101.671,101.541,101.410,101.279,101.147,101.015,100.882,100.748,100.614,100.480,100.345,100.209,100.072,99.936,99.798,99.660,99.522,99.383,99.243,99.103,98.962,98.821,98.679,98.536,98.393,98.250,98.106,97.961,97.816,97.670,97.524,97.377,97.230,97.082,96.933,96.785,96.635,96.485,96.335,96.184,96.032,95.880,95.727,95.574,95.421,95.267,95.112,94.957,94.801,94.645,94.489,94.332,94.174,94.016,93.858,93.699,93.539,93.380,93.219,93.058,92.897,92.736,92.573,92.411,92.248,92.084,91.921,91.756,91.591,91.426,91.261,91.095,90.928,90.762,90.595,90.427,90.259,90.091,89.922,89.753,89.584,89.414,89.244,89.073,88.902,88.731,88.560,88.388,88.215,88.043,87.870,87.697,87.523,87.350,87.176,87.001,86.826,86.651,86.476,86.301,86.125,85.949,85.772,85.596,85.419,85.242,85.065,84.887,84.709,84.531,84.353,84.174,83.996,83.817,83.638,83.458,83.279,83.099,82.919,82.739,82.559,82.378,82.198,82.017,81.836,81.655,81.473,81.292,81.110,80.929,80.747,80.565,80.383,80.200,80.018,79.835,79.653,79.470,79.287,79.104,78.921,78.738,78.555,78.371,78.188,78.004,77.821,77.637,77.453,77.269,77.085,76.901,76.717,76.533,76.349,76.165,75.980,75.796,75.611,75.427,75.242,75.057,74.873,74.688,74.503,74.318,74.133,73.948,73.763,73.578,73.393,73.208,73.023,72.838,72.652,72.467,72.282,72.096,71.911,71.725,71.539,71.354,71.168,70.982,70.796,70.611,70.425,70.239,70.053,69.866,69.680,69.494,69.307,69.121,68.934,68.748,68.561,68.374,68.187,68.000,67.813,67.626,67.438,67.251,67.063,66.875,66.687,66.499,66.311,66.122,65.934,65.745,65.556,65.366,65.177,64.987,64.797,64.607,64.416,64.225,64.034,63.843,63.651,63.459,63.266,63.073,62.880,62.686,62.492,62.297,62.102,61.906,61.710,61.513,61.316,61.118,60.919,60.720,60.520,60.319,60.117,60.000,60.000,60.000,60.000,60.000,60.000,60.000,60.000,60.000,60.000,60.000,60.000,60.000,60.000,60.000,60.000,60.000,60.000,60.000,60.000,60.000,60.000,60.000,60.000,60.000,60.000,60.000,60.000,60.000,60.000,60.000,60.000,60.000,60.000,60.000,60.000,60.000,60.000,60.000,60.000,60.000,60.000
119.973,119.921,119.869,119.816,119.764,119.711,119.658,119.606,119.552,119.499,119.446,119.392,119.338,119.284,119.230,119.176,119.121,119.067,119.012,118.957,118.902,118.846,118.791,118.735,118.679,118.623,118.567,118.510,118.454,118.397,118.340,118.283,118.225,118.167,118.110,118.052,117.993,117.935,117.876,117.817,117.758,117.699,117.639,117.579,117.519,117.459,117.399,117.338,117.277,117.216,117.155,117.093,117.031,116.969,116.907,116.845,116.782,116.719,116.655,116.592,116.528,116.464,116.400,116.335,116.270,116.205,116.140,116.074,116.008,115.942,115.876,115.809,115.742,115.675,115.607,115.539,115.471,115.403,115.334,115.265,115.196,115.126,115.056,114.986,114.916,114.845,114.774,114.702,114.630,114.558,114.486,114.413,114.340,114.266,114.193,114.118,114.044,113.969,113.894,113.819,113.743,113.667,113.590,113.513,113.436,113.358,113.280,113.202,113.123,113.044,112.964,112.885,112.804,112.724,112.643,112.561,112.479,112.397,112.315,112.231,112.148,112.064,111.980,111.895,111.810,111.725,111.639,111.552,111.465,111.378,111.291,111.202,111.114,111.025,110.935,110.846,110.755,110.664,110.573,110.481,110.389,110.297,110.203,110.110,110.016,109.921,109.826,109.731,109.635,109.538,109.441,109.344,109.246,109.147,109.048,108.949,108.849,108.748,108.647,108.545,108.443,108.341,108.238,108.134,108.030,107.925,107.820,107.714,107.608,107.501,107.394,107.286,107.177,107.068,106.959,106.848,106.738,106.626,106.515,106.402,106.289,106.176,106.062,105.947,105.832,105.716,105.600,105.483,105.365,105.247,105.128,105.009,104.889,104.769,104.648,104.526,104.404,104.281,104.158,104.034,103.909,103.784,103.658,103.532,103.405,103.277,103.149,103.021,102.891,102.761,102.631,102.500,102.368,102.236,102.103,101.969,101.835,101.700,101.565,101.429,101.293,101.156,101.018,100.880,100.741,100.601,100.461,100.321,100.179,100.038,99.895,99.752,99.609,99.465,99.320,99.174,99.029,98.882,98.735,98.587,98.439,98.290,98.141,97.991,97.841,97.690,97.538,97.386,97.233,97.080,96.926,96.772,96.617,96.462,96.306,96.149,95.992,95.835,95.677,95.518,95.359,95.200,95.039,94.879,94.718,94.556,94.394,94.231,94.068,93.905,93.741,93.576,93.411,93.246,93.080,92.913,92.747,92.579,92.412,92.243,92.075,91.906,91.736,91.566,91.396,91.225,91.054,90.883,90.711,90.539,90.366,90.193,90.019,89.845,89.671,89.497,89.322,89.146,88.971,88.795,88.618,88.442,88.265,88.087,87.910,87.732,87.553,87.375,87.196,87.017,86.837,86.657,86.477,86.297,86.116,85.936,85.754,85.573,85.391,85.210,85.027,84.845,84.662,84.480,84.297,84.113,83.930,83.746,83.562,83.378,83.194,83.009,82.825,82.640,82.455,82.270,82.084,81.899,81.713,81.527,81.341,81.155,80.969,80.782,80.595,80.409,80.222,80.035,79.848,79.660,79.473,79.286,79.098,78.910,78.722,78.535,78.346,78.158,77.970,77.782,77.593,77.405,77.216,77.028,76.839,76.650,76.461,76.272,76.083,75.894,75.704,75.515,75.326,75.136,74.947,74.757,74.567,74.378,74.188,73.998,73.808,73.618,73.428,73.238,73.047,72.857,72.667,72.476,72.286,72.095,71.904,71.713,71.522,71.331,71.140,70.949,70.758,70.566,70.375,70.183,69.992,69.800,69.608,69.416,69.224,69.031,68.839,68.646,68.453,68.260,68.067,67.874,67.680,67.487,67.293,67.099,66.904,66.710,66.515,66.320,66.125,65.929,65.733,65.537,65.340,65.144,64.946,64.749,64.551,64.352,64.154,63.955,63.755,63.555,63.354,63.153,62.951,62.749,62.546,62.343,62.138,61.933,61.728,61.521,61.314,61.106,60.897,60.687,60.477,60.265,60.052,60.000,60.000,60.000,60.000,60.000,60.000,60.000,60.000,60.000,60.000,60.000,60.000,60.000,60.000,60.000,60.000,60.000,60.000,60.000,60.000,60.000,60.000,60.000,60.000,60.000,60.000,60.000,60.000,60.000,60.000,60.000,60.000,60.000,60.000,60.000,60.000,60.000,60.000,60.000
120.000,120.000,120.000,120.000,120.000,120.000,120.000,120.000,120.000,120.000,120.000,120.000,120.000,120.000,120.000,120.000,120.000,120.000,119.958,119.906,119.853,119.800,119.747,119.693,119.640,119.586,119.532,119.478,119.423,119.369,119.314,119.259,119.204,119.149,119.093,119.038,118.982,118.926,118.869,118.813,118.756,118.699,118.642,118.585,118.527,118.469,118.411,118.353,118.295,118.236,118.177,118.118,118.059,117.999,117.939,117.879,117.819,117.758,117.697,117.636,117.575,117.513,117.452,117.390,117.327,117.265,117.202,117.139,117.075,117.012,116.948,116.883,116.819,116.754,116.689,116.624,116.558,116.492,116.426,116.359,116.293,116.226,116.158,116.090,116.022,115.954,115.885,115.816,115.747,115.678,115.608,115.537,115.467,115.396,115.324,115.253,115.181,115.109,115.036,114.963,114.890,114.816,114.742,114.667,114.593,114.517,114.442,114.366,114.290,114.213,114.136,114.059,113.981,113.903,113.824,113.745,113.666,113.586,113.505,113.425,113.344,113.262,113.180,113.098,113.015,112.932,112.849,112.765,112.680,112.595,112.510,112.424,112.338,112.251,112.164,112.076,111.988,111.900,111.810,111.721,111.631,111.540,111.450,111.358,111.266,111.174,111.081,110.987,110.893,110.799,110.704,110.609,110.513,110.416,110.319,110.222,110.124,110.025,109.926,109.826,109.726,109.625,109.524,109.422,109.320,109.217,109.114,109.010,108.905,108.800,108.694,108.588,108.481,108.374,108.266,108.157,108.048,107.938,107.828,107.717,107.606,107.493,107.381,107.268,107.154,107.039,106.924,106.809,106.692,106.575,106.458,106.340,106.221,106.102,105.982,105.861,105.740,105.618,105.496,105.373,105.249,105.125,105.000,104.875,104.749,104.622,104.495,104.366,104.238,104.109,103.979,103.848,103.717,103.585,103.453,103.320,103.186,103.052,102.917,102.781,102.645,102.508,102.371,102.233,102.094,101.955,101.815,101.674,101.533,101.391,101.248,101.105,100.962,100.817,100.672,100.527,100.381,100.234,100.086,99.938,99.790,99.641,99.491,99.340,99.189,99.038,98.885,98.733,98.579,98.425,98.271,98.115,97.960,97.803,97.646,97.489,97.331,97.172,97.013,96.853,96.693,96.532,96.371,96.209,96.047,95.884,95.720,95.556,95.391,95.226,95.061,94.895,94.728,94.561,94.393,94.225,94.057,93.887,93.718,93.548,93.377,93.206,93.035,92.863,92.690,92.518,92.344,92.171,91.996,91.822,91.647,91.471,91.295,91.119,90.943,90.765,90.588,90.410,90.232,90.053,89.874,89.695,89.515,89.335,89.155,88.974,88.793,88.611,88.429,88.247,88.065,87.882,87.699,87.516,87.332,87.148,86.964,86.779,86.594,86.409,86.223,86.038,85.852,85.666,85.479,85.292,85.105,84.918,84.731,84.543,84.355,84.167,83.979,83.790,83.602,83.413,83.224,83.034,82.845,82.655,82.465,82.275,82.085,81.894,81.704,81.513,81.322,81.131,80.940,80.748,80.557,80.365,80.173,79.982,79.789,79.597,79.405,79.213,79.020,78.827,78.634,78.442,78.249,78.055,77.862,77.669,77.475,77.282,77.088,76.894,76.700,76.506,76.312,76.118,75.924,75.730,75.535,75.341,75.146,74.951,74.756,74.561,74.366,74.171,73.976,73.781,73.585,73.390,73.194,72.998,72.802,72.606,72.410,72.214,72.018,71.821,71.624,71.428,71.231,71.034,70.837,70.639,70.442,70.244,70.046,69.848,69.650,69.452,69.253,69.055,68.856,68.657,68.457,68.258,68.058,67.858,67.657,67.456,67.255,67.054,66.853,66.651,66.448,66.246,66.043,65.839,65.635,65.431,65.226,65.021,64.816,64.609,64.403,64.195,63.987,63.779,63.570,63.360,63.150,62.938,62.726,62.513,62.300,62.085,61.870,61.653,61.435,61.217,60.997,60.776,60.554,60.330,60.105,60.000,60.000,60.000,60.000,60.000,60.000,60.000,60.000,60.000,60.000,60.000,60.000,60.000,60.000,60.000,60.000,60.000,60.000,60.000,60.000,60.000,60.000,60.000,60.000,60.000,60.000,60.000,60.000,60.000,60.000,60.000,60.000,60.000,60.000,60.000,60.000,60.000
120.000,120.000,120.000,120.000,120.000,120.000,120.000,120.000,120.000,120.000,120.000,120.000,120.000,120.000,120.000,120.000,120.000,120.000,120.000,120.000,120.000,120.000,120.000,120.000,120.000,120.000,120.000,120.000,120.000,120.000,120.000,120.000,120.000,120.000,120.000,120.000,119.971,119.917,119.863,119.809,119.755,119.700,119.646,119.591,119.536,119.480,119.425,119.369,119.313,119.257,119.200,119.143,119.086,119.029,118.972,118.914,118.856,118.798,118.740,118.681,118.622,118.563,118.504,118.444,118.385,118.324,118.264,118.203,118.143,118.081,118.020,117.958,117.896,117.834,117.771,117.708,117.645,117.582,117.518,117.454,117.390,117.325,117.260,117.195,117.130,117.064,116.998,116.931,116.864,116.797,116.730,116.662,116.594,116.525,116.456,116.387,116.318,116.248,116.178,116.107,116.036,115.965,115.894,115.822,115.749,115.677,115.603,115.530,115.456,115.382,115.307,115.232,115.157,115.081,115.005,114.928,114.851,114.774,114.696,114.617,114.539,114.460,114.380,114.300,114.220,114.139,114.058,113.976,113.894,113.811,113.728,113.644,113.560,113.476,113.391,113.305,113.219,113.133,113.046,112.959,112.871,112.782,112.694,112.604,112.514,112.424,112.333,112.242,112.150,112.057,111.965,111.871,111.777,111.683,111.587,111.492,111.396,111.299,111.202,111.104,111.006,110.907,110.807,110.707,110.606,110.505,110.403,110.301,110.198,110.095,109.991,109.886,109.781,109.675,109.568,109.461,109.353,109.245,109.136,109.027,108.917,108.806,108.695,108.583,108.470,108.357,108.243,108.128,108.013,107.898,107.781,107.664,107.547,107.428,107.309,107.190,107.070,106.949,106.827,106.705,106.582,106.459,106.335,106.210,106.084,105.958,105.831,105.704,105.576,105.447,105.318,105.188,105.057,104.926,104.793,104.661,104.527,104.393,104.259,104.123,103.987,103.850,103.713,103.575,103.436,103.297,103.157,103.016,102.875,102.733,102.590,102.447,102.303,102.158,102.013,101.867,101.720,101.573,101.425,101.277,101.127,100.978,100.827,100.676,100.524,100.372,100.219,100.065,99.911,99.756,99.601,99.444,99.288,99.130,98.972,98.814,98.655,98.495,98.334,98.173,98.012,97.850,97.687,97.524,97.360,97.195,97.030,96.864,96.698,96.532,96.364,96.196,96.028,95.859,95.690,95.520,95.349,95.178,95.007,94.834,94.662,94.489,94.315,94.141,93.967,93.791,93.616,93.440,93.263,93.086,92.909,92.731,92.553,92.374,92.195,92.015,91.835,91.655,91.474,91.292,91.111,90.928,90.746,90.563,90.380,90.196,90.012,89.827,89.643,89.457,89.272,89.086,88.900,88.713,88.526,88.339,88.151,87.964,87.775,87.587,87.398,87.209,87.020,86.830,86.640,86.450,86.259,86.068,85.877,85.686,85.494,85.303,85.111,84.918,84.726,84.533,84.340,84.147,83.953,83.760,83.566,83.372,83.177,82.983,82.788,82.593,82.398,82.203,82.008,81.812,81.617,81.421,81.225,81.028,80.832,80.635,80.439,80.242,80.045,79.848,79.650,79.453,79.255,79.058,78.860,78.662,78.464,78.266,78.067,77.869,77.670,77.471,77.272,77.073,76.874,76.675,76.476,76.276,76.077,75.877,75.677,75.477,75.277,75.077,74.876,74.676,74.475,74.274,74.074,73.873,73.671,73.470,73.269,73.067,72.865,72.663,72.461,72.259,72.056,71.854,71.651,71.448,71.245,71.042,70.838,70.634,70.430,70.226,70.022,69.817,69.612,69.407,69.201,68.995,68.789,68.583,68.376,68.169,67.962,67.754,67.546,67.337,67.128,66.919,66.709,66.499,66.288,66.077,65.865,65.653,65.440,65.226,65.012,64.797,64.582,64.366,64.149,63.931,63.712,63.493,63.273,63.052,62.829,62.606,62.382,62.156,61.929,61.701,61.472,61.241,61.009,60.775,60.540,60.303,60.064,60.000,60.000,60.000,60.000,60.000,60.000,60.000,60.000,60.000,60.000,60.000,60.000,60.000,60.000,60.000,60.000,60.000,60.000,60.000,60.000,60.000,60.000,60.000,60.000,60.000,60.000,60.000,60.000,60.000,60.000,60.000,60.000,60.000,60.000,60.000
120.000,120.000,120.000,120.000,120.000,120.000,120.000,120.000,120.000,120.000,120.000,120.000,120.000,120.000,120.000,120.000,120.000,120.000,120.000,120.000,120.000,120.000,120.000,120.000,120.000,120.000,120.000,120.000,120.000,120.000,120.000,120.000,120.000,120.000,120.000,120.000,120.000,120.000,120.000,120.000,120.000,120.000,120.000,120.000,120.000,120.000,120.000,120.000,120.000,120.000,120.000,120.000,120.000,120.000,120.000,119.949,119.894,119.838,119.782,119.726,119.670,119.613,119.556,119.499,119.442,119.384,119.326,119.268,119.209,119.151,119.092,119.032,118.973,118.913,118.853,118.793,118.732,118.671,118.610,118.548,118.486,118.424,118.362,118.299,118.236,118.172,118.109,118.045,117.980,117.916,117.851,117.785,117.720,117.654,117.587,117.521,117.453,117.386,117.318,117.250,117.182,117.113,117.044,116.974,116.904,116.834,116.763,116.692,116.621,116.549,116.476,116.404,116.331,116.257,116.183,116.109,116.034,115.959,115.884,115.808,115.731,115.654,115.577,115.499,115.421,115.342,115.263,115.184,115.104,115.023,114.942,114.861,114.779,114.697,114.614,114.531,114.447,114.362,114.278,114.192,114.107,114.020,113.933,113.846,113.758,113.670,113.581,113.491,113.401,113.311,113.220,113.128,113.036,112.943,112.850,112.756,112.662,112.567,112.471,112.375,112.279,112.181,112.083,111.985,111.886,111.786,111.686,111.585,111.484,111.382,111.279,111.176,111.072,110.968,110.863,110.757,110.651,110.544,110.436,110.328,110.219,110.109,109.999,109.888,109.777,109.665,109.552,109.438,109.324,109.209,109.094,108.978,108.861,108.744,108.626,108.507,108.387,108.267,108.146,108.025,107.903,107.780,107.656,107.532,107.407,107.281,107.155,107.028,106.900,106.772,106.643,106.513,106.383,106.251,106.120,105.987,105.854,105.720,105.585,105.450,105.314,105.177,105.039,104.901,104.762,104.623,104.483,104.342,104.200,104.058,103.915,103.771,103.626,103.481,103.335,103.189,103.042,102.894,102.745,102.596,102.446,102.296,102.144,101.992,101.840,101.686,101.532,101.378,101.223,101.067,100.910,100.753,100.595,100.436,100.277,100.117,99.957,99.796,99.634,99.471,99.308,99.145,98.980,98.816,98.650,98.484,98.317,98.150,97.982,97.813,97.644,97.475,97.304,97.134,96.962,96.790,96.618,96.444,96.271,96.097,95.922,95.747,95.571,95.394,95.218,95.040,94.862,94.684,94.505,94.325,94.146,93.965,93.784,93.603,93.421,93.239,93.056,92.873,92.689,92.505,92.320,92.135,91.950,91.764,91.578,91.391,91.204,91.016,90.828,90.640,90.451,90.262,90.073,89.883,89.693,89.502,89.311,89.120,88.929,88.737,88.544,88.352,88.159,87.966,87.772,87.578,87.384,87.190,86.995,86.800,86.604,86.409,86.213,86.017,85.820,85.624,85.427,85.230,85.032,84.835,84.637,84.439,84.240,84.042,83.843,83.644,83.445,83.245,83.046,82.846,82.646,82.446,82.245,82.045,81.844,81.643,81.442,81.240,81.039,80.837,80.635,80.433,80.231,80.029,79.826,79.623,79.421,79.218,79.015,78.811,78.608,78.404,78.200,77.997,77.792,77.588,77.384,77.179,76.975,76.770,76.565,76.360,76.155,75.949,75.744,75.538,75.332,75.126,74.920,74.713,74.507,74.300,74.093,73.886,73.678,73.471,73.263,73.055,72.847,72.639,72.430,72.222,72.013,71.803,71.594,71.384,71.174,70.964,70.753,70.542,70.331,70.120,69.908,69.696,69.483,69.270,69.057,68.844,68.629,68.415,68.200,67.985,67.769,67.553,67.336,67.118,66.900,66.682,66.463,66.243,66.022,65.801,65.579,65.357,65.133,64.909,64.684,64.458,64.231,64.003,63.774,63.544,63.313,63.080,62.846,62.611,62.375,62.137,61.897,61.656,61.413,61.168,60.922,60.673,60.422,60.169,60.000,60.000,60.000,60.000,60.000,60.000,60.000,60.000,60.000,60.000,60.000,60.000,60.000,60.000,60.000,60.000,60.000,60.000,60.000,60.000,60.000,60.000,60.000,60.000,60.000,60.000,60.000,60.000,60.000,60.000,60.000,60.000,60.000,60.000
120.000,120.000,120.000,120.000,120.000,120.000,120.000,120.000,120.000,120.000,120.000,120.000,120.000,120.000,120.000,120.000,120.000,120.000,120.000,120.000,120.000,120.000,120.000,120.000,120.000,120.000,120.000,120.000,120.000,120.000,120.000,120.000,120.000,120.000,120.000,120.000,120.000,120.000,120.000,120.000,120.000,120.000,120.000,120.000,120.000,120.000,120.000,120.000,120.000,120.000,120.000,120.000,120.000,120.000,120.000,120.000,120.000,120.000,120.000,120.000,120.000,120.000,120.000,120.000,120.000,120.000,120.000,120.000,120.000,120.000,120.000,120.000,120.000,119.991,119.933,119.875,119.817,119.758,119.699,119.640,119.581,119.521,119.461,119.401,119.340,119.279,119.218,119.156,119.094,119.032,118.969,118.906,118.843,118.779,118.715,118.651,118.586,118.521,118.456,118.390,118.324,118.258,118.191,118.123,118.056,117.988,117.919,117.851,117.781,117.712,117.642,117.571,117.501,117.429,117.358,117.286,117.213,117.140,117.067,116.993,116.919,116.844,116.769,116.694,116.617,116.541,116.464,116.387,116.309,116.230,116.151,116.072,115.992,115.912,115.831,115.750,115.668,115.586,115.503,115.419,115.335,115.251,115.166,115.081,114.995,114.908,114.821,114.733,114.645,114.556,114.467,114.377,114.287,114.196,114.104,114.012,113.919,113.826,113.732,113.637,113.542,113.446,113.350,113.253,113.155,113.057,112.958,112.859,112.759,112.658,112.557,112.455,112.352,112.249,112.145,112.041,111.935,111.830,111.723,111.616,111.508,111.399,111.290,111.180,111.070,110.958,110.847,110.734,110.621,110.507,110.392,110.277,110.160,110.044,109.926,109.808,109.689,109.570,109.449,109.328,109.206,109.084,108.961,108.837,108.712,108.587,108.461,108.334,108.206,108.078,107.949,107.820,107.689,107.558,107.426,107.293,107.160,107.026,106.891,106.756,106.619,106.482,106.344,106.206,106.067,105.927,105.786,105.645,105.502,105.360,105.216,105.072,104.927,104.781,104.634,104.487,104.339,104.190,104.041,103.891,103.740,103.588,103.436,103.283,103.129,102.975,102.820,102.664,102.508,102.350,102.193,102.034,101.875,101.715,101.554,101.393,101.231,101.068,100.905,100.741,100.576,100.411,100.245,100.078,99.911,99.743,99.575,99.406,99.236,99.065,98.894,98.723,98.550,98.377,98.204,98.030,97.855,97.680,97.504,97.327,97.150,96.973,96.795,96.616,96.437,96.257,96.076,95.895,95.714,95.532,95.349,95.166,94.983,94.799,94.614,94.429,94.243,94.057,93.871,93.684,93.496,93.308,93.120,92.931,92.742,92.552,92.362,92.171,91.980,91.788,91.596,91.404,91.211,91.018,90.825,90.631,90.437,90.242,90.047,89.851,89.656,89.459,89.263,89.066,88.869,88.671,88.474,88.275,88.077,87.878,87.679,87.480,87.280,87.080,86.880,86.679,86.478,86.277,86.076,85.874,85.672,85.470,85.267,85.064,84.862,84.658,84.455,84.251,84.047,83.843,83.639,83.434,83.229,83.024,82.819,82.614,82.408,82.202,81.996,81.790,81.583,81.377,81.170,80.963,80.756,80.548,80.341,80.133,79.925,79.717,79.508,79.300,79.091,78.882,78.673,78.464,78.255,78.045,77.835,77.625,77.415,77.205,76.994,76.784,76.573,76.362,76.150,75.939,75.727,75.515,75.303,75.091,74.878,74.666,74.453,74.239,74.026,73.812,73.598,73.384,73.170,72.955,72.740,72.525,72.309,72.094,71.877,71.661,71.444,71.227,71.009,70.792,70.573,70.355,70.136,69.916,69.696,69.476,69.255,69.034,68.812,68.589,68.366,68.143,67.919,67.694,67.468,67.242,67.016,66.788,66.560,66.331,66.101,65.870,65.638,65.405,65.172,64.937,64.701,64.464,64.226,63.986,63.746,63.503,63.260,63.014,62.768,62.519,62.269,62.016,61.762,61.505,61.247,60.985,60.722,60.455,60.186,60.000,60.000,60.000,60.000,60.000,60.000,60.000,60.000,60.000,60.000,60.000,60.000,60.000,60.000,60.000,60.000,60.000,60.000,60.000,60.000,60.000,60.000,60.000,60.000,60.000,60.000,60.000,60.000,60.000,60.000,60.000,60.000,60.000
120.000,120.000,120.000,120.000,120.000,120.000,120.000,120.000,120.000,120.000,120.000,120.000,120.000,120.000,120.000,120.000,120.000,120.000,120.000,120.000,120.000,120.000,120.000,120.000,120.000,120.000,120.000,120.000,120.000,120.000,120.000,120.000,120.000,120.000,120.000,120.000,120.000,120.000,120.000,120.000,120.000,120.000,120.000,120.000,120.000,120.000,120.000,120.000,120.000,120.000,120.000,120.000,120.000,120.000,120.000,120.000,120.000,120.000,120.000,120.000,120.000,120.000,120.000,120.000,120.000,120.000,120.000,120.000,120.000,120.000,120.000,120.000,120.000,120.000,120.000,120.000,120.000,120.000,120.000,120.000,120.000,120.000,120.000,120.000,120.000,120.000,120.000,120.000,120.000,120.000,120.000,120.000,119.962,119.901,119.839,119.777,119.715,119.652,119.589,119.526,119.462,119.398,119.333,119.268,119.203,119.137,119.071,119.004,118.937,118.870,118.802,118.734,118.665,118.596,118.526,118.456,118.386,118.315,118.244,118.172,118.100,118.028,117.954,117.881,117.807,117.732,117.657,117.582,117.506,117.430,117.353,117.275,117.197,117.119,117.040,116.961,116.881,116.800,116.719,116.637,116.555,116.473,116.389,116.306,116.221,116.136,116.051,115.965,115.878,115.791,115.703,115.615,115.526,115.437,115.347,115.256,115.164,115.073,114.980,114.887,114.793,114.699,114.604,114.508,114.412,114.315,114.217,114.119,114.020,113.920,113.820,113.719,113.617,113.515,113.412,113.309,113.204,113.099,112.994,112.887,112.780,112.673,112.564,112.455,112.345,112.235,112.123,112.011,111.899,111.785,111.671,111.556,111.440,111.324,111.207,111.089,110.971,110.851,110.731,110.610,110.489,110.367,110.243,110.120,109.995,109.870,109.744,109.617,109.489,109.361,109.232,109.102,108.971,108.840,108.708,108.575,108.441,108.307,108.171,108.035,107.899,107.761,107.623,107.484,107.344,107.203,107.062,106.920,106.777,106.633,106.489,106.344,106.198,106.051,105.904,105.755,105.606,105.457,105.306,105.155,105.003,104.850,104.697,104.542,104.388,104.232,104.075,103.918,103.760,103.602,103.442,103.282,103.121,102.960,102.798,102.635,102.471,102.307,102.142,101.976,101.810,101.642,101.475,101.306,101.137,100.967,100.796,100.625,100.453,100.281,100.108,99.934,99.759,99.584,99.409,99.232,99.055,98.878,98.699,98.521,98.341,98.161,97.980,97.799,97.617,97.435,97.252,97.068,96.884,96.699,96.514,96.328,96.142,95.955,95.768,95.580,95.391,95.202,95.013,94.823,94.632,94.441,94.250,94.058,93.865,93.673,93.479,93.285,93.091,92.896,92.701,92.505,92.309,92.113,91.916,91.719,91.521,91.323,91.124,90.925,90.726,90.526,90.326,90.126,89.925,89.724,89.522,89.320,89.118,88.915,88.712,88.509,88.305,88.101,87.897,87.693,87.488,87.283,87.077,86.871,86.665,86.459,86.252,86.046,85.838,85.631,85.423,85.215,85.007,84.799,84.590,84.381,84.172,83.962,83.753,83.543,83.332,83.122,82.911,82.701,82.489,82.278,82.067,81.855,81.643,81.431,81.218,81.006,80.793,80.580,80.367,80.153,79.940,79.726,79.512,79.297,79.083,78.868,78.653,78.438,78.223,78.007,77.791,77.575,77.359,77.143,76.926,76.709,76.492,76.275,76.057,75.839,75.621,75.402,75.184,74.965,74.746,74.526,74.306,74.086,73.866,73.645,73.424,73.203,72.981,72.759,72.537,72.314,72.091,71.867,71.643,71.419,71.194,70.968,70.743,70.516,70.290,70.062,69.834,69.606,69.377,69.147,68.917,68.686,68.454,68.222,67.989,67.755,67.520,67.285,67.048,66.811,66.573,66.333,66.093,65.851,65.609,65.365,65.120,64.873,64.625,64.376,64.125,63.872,63.618,63.362,63.104,62.844,62.582,62.318,62.051,61.782,61.510,61.235,60.957,60.676,60.391,60.103,60.000,60.000,60.000,60.000,60.000,60.000,60.000,60.000,60.000,60.000,60.000,60.000,60.000,60.000,60.000,60.000,60.000,60.000,60.000,60.000,60.000,60.000,60.000,60.000,60.000,60.000,60.000,60.000,60.000,60.000,60.000,60.000
120.000,120.000,120.000,120.000,120.000,120.000,120.000,120.000,120.000,120.000,120.000,120.000,120.000,120.000,120.000,120.000,120.000,120.000,120.000,120.000,120.000,120.000,120.000,120.000,120.000,120.000,120.000,120.000,120.000,120.000,120.000,120.000,120.000,120.000,120.000,120.000,120.000,120.000,120.000,120.000,120.000,120.000,120.000,120.000,120.000,120.000,120.000,120.000,120.000,120.000,120.000,120.000,120.000,120.000,120.000,120.000,120.000,120.000,120.000,120.000,120.000,120.000,120.000,120.000,120.000,120.000,120.000,120.000,120.000,120.000,120.000,120.000,120.000,120.000,120.000,120.000,120.000,120.000,120.000,120.000,120.000,120.000,120.000,120.000,120.000,120.000,120.000,120.000,120.000,120.000,120.000,120.000,120.000,120.000,120.000,120.000,120.000,120.000,120.000,120.000,120.000,120.000,120.000,120.000,120.000,120.000,120.000,120.000,120.000,120.000,119.955,119.889,119.822,119.755,119.687,119.619,119.551,119.482,119.413,119.343,119.273,119.202,119.131,119.059,118.987,118.915,118.842,118.768,118.694,118.619,118.544,118.468,118.392,118.315,118.238,118.160,118.082,118.003,117.924,117.844,117.763,117.682,117.601,117.518,117.436,117.352,117.268,117.184,117.098,117.013,116.926,116.839,116.752,116.664,116.575,116.485,116.395,116.304,116.213,116.121,116.028,115.935,115.841,115.746,115.651,115.555,115.458,115.361,115.263,115.164,115.065,114.965,114.864,114.763,114.661,114.558,114.454,114.350,114.245,114.139,114.033,113.925,113.817,113.709,113.599,113.489,113.378,113.267,113.154,113.041,112.927,112.812,112.697,112.581,112.464,112.346,112.227,112.108,111.988,111.867,111.746,111.623,111.500,111.376,111.251,111.126,110.999,110.872,110.744,110.616,110.486,110.356,110.225,110.093,109.960,109.827,109.692,109.557,109.421,109.285,109.147,109.009,108.870,108.730,108.589,108.448,108.305,108.162,108.018,107.874,107.728,107.582,107.435,107.287,107.138,106.989,106.839,106.688,106.536,106.383,106.230,106.076,105.921,105.765,105.609,105.451,105.293,105.135,104.975,104.815,104.654,104.492,104.329,104.166,104.002,103.837,103.672,103.506,103.339,103.171,103.002,102.833,102.663,102.493,102.321,102.150,101.977,101.803,101.629,101.455,101.279,101.103,100.926,100.749,100.571,100.392,100.212,100.032,99.852,99.670,99.488,99.306,99.122,98.938,98.754,98.569,98.383,98.197,98.010,97.822,97.634,97.446,97.257,97.067,96.876,96.686,96.494,96.302,96.110,95.917,95.723,95.529,95.334,95.139,94.944,94.747,94.551,94.354,94.156,93.958,93.760,93.561,93.361,93.161,92.961,92.760,92.559,92.357,92.155,91.953,91.750,91.546,91.343,91.139,90.934,90.729,90.524,90.318,90.112,89.906,89.699,89.492,89.284,89.077,88.868,88.660,88.451,88.242,88.032,87.823,87.612,87.402,87.191,86.980,86.769,86.557,86.345,86.133,85.921,85.708,85.495,85.281,85.068,84.854,84.640,84.425,84.211,83.996,83.781,83.565,83.349,83.133,82.917,82.701,82.484,82.267,82.050,81.833,81.615,81.397,81.179,80.961,80.742,80.523,80.304,80.085,79.865,79.645,79.425,79.205,78.984,78.763,78.542,78.321,78.099,77.878,77.655,77.433,77.210,76.987,76.764,76.541,76.317,76.093,75.868,75.644,75.419,75.193,74.967,74.741,74.515,74.288,74.061,73.834,73.606,73.377,73.148,72.919,72.690,72.460,72.229,71.998,71.766,71.534,71.302,71.068,70.834,70.600,70.365,70.129,69.893,69.656,69.418,69.179,68.940,68.700,68.459,68.217,67.974,67.730,67.485,67.239,66.992,66.744,66.495,66.244,65.992,65.738,65.483,65.227,64.969,64.709,64.447,64.184,63.918,63.651,63.381,63.109,62.834,62.557,62.277,61.994,61.707,61.417,61.124,60.826,60.511,60.186,60.000,60.000,60.000,60.000,60.000,60.000,60.000,60.000,60.000,60.000,60.000,60.000,60.000,60.000,60.000,60.000,60.000,60.000,60.000,60.000,60.000,60.000,60.000,60.000,60.000,60.000,60.000,60.000,60.000,60.000,60.000,60.000
120.000,120.000,120.000,120.000,120.000,120.000,120.000,120.000,120.000,120.000,120.000,120.000,120.000,120.000,120.000,120.000,120.000,120.000,120.000,120.000,120.000,120.000,120.000,120.000,120.000,120.000,120.000,120.000,120.000,120.000,120.000,120.000,120.000,120.000,120.000,120.000,120.000,120.000,120.000,120.000,120.000,120.000,120.000,120.000,120.000,120.000,120.000,120.000,120.000,120.000,120.000,120.000,120.000,120.000,120.000,120.000,120.000,120.000,120.000,120.000,120.000,120.000,120.000,120.000,120.000,120.000,120.000,120.000,120.000,120.000,120.000,120.000,120.000,120.000,120.000,120.000,120.000,120.000,120.000,120.000,120.000,120.000,120.000,120.000,120.000,120.000,120.000,120.000,120.000,120.000,120.000,120.000,120.000,120.000,120.000,120.000,120.000,120.000,120.000,120.000,120.000,120.000,120.000,120.000,120.000,120.000,120.000,120.000,120.000,120.000,120.000,120.000,120.000,120.000,120.000,120.000,120.000,120.000,120.000,120.000,120.000,120.000,120.000,120.000,120.000,120.000,120.000,119.942,119.870,119.797,119.723,119.649,119.575,119.499,119.424,119.347,119.271,119.193,119.115,119.037,118.957,118.878,118.797,118.716,118.635,118.553,118.470,118.387,118.303,118.218,118.133,118.047,117.961,117.873,117.786,117.697,117.608,117.518,117.428,117.337,117.245,117.153,117.059,116.966,116.871,116.776,116.680,116.583,116.486,116.388,116.289,116.190,116.089,115.988,115.887,115.784,115.681,115.577,115.472,115.367,115.261,115.154,115.046,114.938,114.828,114.718,114.608,114.496,114.384,114.270,114.156,114.042,113.926,113.810,113.693,113.575,113.456,113.336,113.216,113.095,112.973,112.850,112.726,112.602,112.477,112.351,112.224,112.096,111.967,111.838,111.708,111.577,111.445,111.312,111.179,111.044,110.909,110.773,110.636,110.499,110.360,110.221,110.081,109.940,109.798,109.655,109.512,109.367,109.222,109.076,108.929,108.782,108.633,108.484,108.334,108.183,108.031,107.879,107.725,107.571,107.416,107.260,107.104,106.946,106.788,106.629,106.469,106.309,106.147,105.985,105.822,105.658,105.494,105.329,105.163,104.996,104.828,104.660,104.491,104.321,104.150,103.979,103.807,103.634,103.460,103.286,103.111,102.935,102.759,102.582,102.404,102.225,102.046,101.866,101.685,101.504,101.322,101.139,100.956,100.772,100.587,100.402,100.216,100.029,99.842,99.654,99.466,99.276,99.087,98.896,98.705,98.514,98.322,98.129,97.936,97.742,97.547,97.352,97.156,96.960,96.764,96.566,96.369,96.170,95.971,95.772,95.572,95.372,95.171,94.969,94.768,94.565,94.362,94.159,93.955,93.751,93.546,93.341,93.135,92.929,92.723,92.516,92.309,92.101,91.893,91.684,91.475,91.266,91.056,90.846,90.635,90.424,90.213,90.001,89.789,89.576,89.364,89.150,88.937,88.723,88.509,88.294,88.080,87.864,87.649,87.433,87.217,87.000,86.784,86.567,86.349,86.132,85.914,85.695,85.477,85.258,85.039,84.819,84.600,84.380,84.159,83.939,83.718,83.497,83.276,83.054,82.832,82.610,82.387,82.165,81.942,81.718,81.495,81.271,81.047,80.822,80.598,80.373,80.148,79.922,79.696,79.470,79.244,79.017,78.790,78.563,78.336,78.108,77.880,77.651,77.422,77.193,76.964,76.734,76.504,76.273,76.042,75.811,75.579,75.347,75.115,74.882,74.648,74.415,74.180,73.946,73.710,73.475,73.239,73.002,72.765,72.527,72.288,72.049,71.810,71.569,71.328,71.087,70.844,70.601,70.357,70.113,69.867,69.621,69.373,69.125,68.876,68.626,68.374,68.122,67.868,67.613,67.357,67.100,66.841,66.580,66.318,66.055,65.790,65.523,65.254,64.983,64.710,64.435,64.157,63.877,63.595,63.309,63.021,62.729,62.434,62.130,61.807,61.484,61.160,60.836,60.511,60.186,60.000,60.000,60.000,60.000,60.000,60.000,60.000,60.000,60.000,60.000,60.000,60.000,60.000,60.000,60.000,60.000,60.000,60.000,60.000,60.000,60.000,60.000,60.000,60.000,60.000,60.000,60.000,60.000,60.000,60.000,60.000,60.000
120.000,120.000,120.000,120.000,120.000,120.000,120.000,120.000,120.000,120.000,120.000,120.000,120.000,120.000,120.000,120.000,120.000,120.000,120.000,120.000,120.000,120.000,120.000,120.000,120.000,120.000,120.000,120.000,120.000,120.000,120.000,120.000,120.000,120.000,120.000,120.000,120.000,120.000,120.000,120.000,120.000,120.000,120.000,120.000,120.000,120.000,120.000,120.000,120.000,120.000,120.000,120.000,120.000,120.000,120.000,120.000,120.000,120.000,120.000,120.000,120.000,120.000,120.000,120.000,120.000,120.000,120.000,120.000,120.000,120.000,120.000,120.000,120.000,120.000,120.000,120.000,120.000,120.000,120.000,120.000,120.000,120.000,120.000,120.000,120.000,120.000,120.000,120.000,120.000,120.000,120.000,120.000,120.000,120.000,120.000,120.000,120.000,120.000,120.000,120.000,120.000,120.000,120.000,120.000,120.000,120.000,120.000,120.000,120.000,120.000,120.000,120.000,120.000,120.000,120.000,120.000,120.000,120.000,120.000,120.000,120.000,120.000,120.000,120.000,120.000,120.000,120.000,120.000,120.000,120.000,120.000,120.000,120.000,120.000,120.000,120.000,120.000,120.000,120.000,120.000,120.000,120.000,119.977,119.898,119.817,119.736,119.654,119.572,119.489,119.405,119.321,119.236,119.150,119.064,118.977,118.889,118.801,118.712,118.622,118.532,118.440,118.349,118.256,118.163,118.069,117.974,117.878,117.782,117.685,117.587,117.489,117.390,117.290,117.189,117.087,116.985,116.882,116.778,116.674,116.568,116.462,116.355,116.247,116.139,116.029,115.919,115.808,115.696,115.583,115.470,115.356,115.241,115.125,115.008,114.890,114.772,114.653,114.532,114.411,114.290,114.167,114.043,113.919,113.794,113.668,113.541,113.413,113.284,113.155,113.025,112.893,112.761,112.628,112.495,112.360,112.225,112.088,111.951,111.813,111.674,111.534,111.393,111.252,111.109,110.966,110.822,110.677,110.531,110.385,110.237,110.089,109.939,109.789,109.638,109.486,109.334,109.180,109.026,108.871,108.715,108.558,108.400,108.242,108.082,107.922,107.761,107.599,107.436,107.273,107.109,106.944,106.778,106.611,106.444,106.275,106.106,105.936,105.766,105.594,105.422,105.249,105.075,104.901,104.726,104.550,104.373,104.195,104.017,103.838,103.658,103.478,103.297,103.115,102.932,102.749,102.565,102.380,102.195,102.008,101.822,101.634,101.446,101.257,101.068,100.878,100.687,100.495,100.303,100.111,99.917,99.723,99.529,99.334,99.138,98.941,98.744,98.547,98.349,98.150,97.950,97.751,97.550,97.349,97.148,96.945,96.743,96.540,96.336,96.132,95.927,95.722,95.516,95.310,95.103,94.896,94.688,94.480,94.271,94.062,93.852,93.642,93.431,93.220,93.009,92.797,92.585,92.372,92.159,91.945,91.731,91.517,91.302,91.087,90.872,90.656,90.439,90.223,90.005,89.788,89.570,89.352,89.133,88.914,88.695,88.476,88.256,88.035,87.815,87.594,87.372,87.151,86.929,86.706,86.484,86.261,86.038,85.814,85.590,85.366,85.142,84.917,84.692,84.466,84.241,84.015,83.788,83.562,83.335,83.107,82.880,82.652,82.424,82.195,81.967,81.738,81.508,81.279,81.049,80.818,80.588,80.357,80.125,79.894,79.662,79.430,79.197,78.964,78.731,78.497,78.263,78.029,77.794,77.559,77.323,77.087,76.851,76.614,76.377,76.139,75.901,75.662,75.423,75.184,74.944,74.703,74.462,74.220,73.978,73.735,73.492,73.248,73.003,72.758,72.512,72.265,72.018,71.769,71.520,71.271,71.020,70.768,70.516,70.262,70.008,69.752,69.496,69.238,68.979,68.719,68.457,68.195,67.931,67.665,67.398,67.129,66.858,66.586,66.312,66.036,65.758,65.477,65.195,64.909,64.622,64.331,64.038,63.737,63.417,63.096,62.775,62.453,62.131,61.808,61.485,61.161,60.837,60.512,60.187,60.000,60.000,60.000,60.000,60.000,60.000,60.000,60.000,60.000,60.000,60.000,60.000,60.000,60.000,60.000,60.000,60.000,60.000,60.000,60.000,60.000,60.000,60.000,60.000,60.000,60.000,60.000,60.000,60.000,60.000,60.000,60.000
120.000,120.000,120.000,120.000,120.000,120.000,120.000,120.000,120.000,120.000,120.000,120.000,120.000,120.000,120.000,120.000,120.000,120.000,120.000,120.000,120.000,120.000,120.000,120.000,120.000,120.000,120.000,120.000,120.000,120.000,120.000,120.000,120.000,120.000,120.000,120.000,120.000,120.000,120.000,120.000,120.000,120.000,120.000,120.000,120.000,120.000,120.000,120.000,120.000,120.000,120.000,120.000,120.000,120.000,120.000,120.000,120.000,120.000,120.000,120.000,120.000,120.000,120.000,120.000,120.000,120.000,120.000,120.000,120.000,120.000,120.000,120.000,120.000,120.000,120.000,120.000,120.000,120.000,120.000,120.000,120.000,120.000,120.000,120.000,120.000,120.000,120.000,120.000,120.000,120.000,120.000,120.000,120.000,120.000,120.000,120.000,120.000,120.000,120.000,120.000,120.000,120.000,120.000,120.000,120.000,120.000,120.000,120.000,120.000,120.000,120.000,120.000,120.000,120.000,120.000,120.000,120.000,120.000,120.000,120.000,120.000,120.000,120.000,120.000,120.000,120.000,120.000,120.000,120.000,120.000,120.000,120.000,120.000,120.000,120.000,120.000,120.000,120.000,120.000,120.000,120.000,120.000,120.000,120.000,120.000,120.000,120.000,120.000,120.000,120.000,120.000,120.000,120.000,120.000,120.000,120.000,119.971,119.882,119.793,119.703,119.612,119.520,119.428,119.335,119.241,119.147,119.051,118.955,118.858,118.761,118.662,118.563,118.463,118.362,118.260,118.158,118.055,117.950,117.846,117.740,117.633,117.526,117.418,117.309,117.199,117.088,116.977,116.864,116.751,116.637,116.522,116.406,116.289,116.172,116.054,115.934,115.814,115.693,115.571,115.448,115.325,115.200,115.075,114.949,114.821,114.693,114.564,114.435,114.304,114.172,114.040,113.906,113.772,113.637,113.501,113.364,113.226,113.087,112.948,112.807,112.666,112.523,112.380,112.236,112.091,111.945,111.799,111.651,111.502,111.353,111.203,111.052,110.900,110.747,110.593,110.438,110.283,110.126,109.969,109.811,109.652,109.492,109.331,109.170,109.007,108.844,108.680,108.515,108.349,108.183,108.015,107.847,107.678,107.508,107.337,107.166,106.993,106.820,106.646,106.472,106.296,106.120,105.943,105.765,105.586,105.407,105.227,105.046,104.864,104.682,104.498,104.314,104.130,103.944,103.758,103.571,103.384,103.196,103.007,102.817,102.626,102.435,102.244,102.051,101.858,101.664,101.470,101.275,101.079,100.883,100.686,100.488,100.290,100.091,99.891,99.691,99.490,99.289,99.087,98.885,98.681,98.478,98.273,98.069,97.863,97.657,97.451,97.244,97.036,96.828,96.619,96.410,96.200,95.990,95.779,95.568,95.357,95.144,94.932,94.718,94.505,94.291,94.076,93.861,93.646,93.430,93.213,92.996,92.779,92.561,92.343,92.125,91.906,91.686,91.466,91.246,91.026,90.805,90.583,90.361,90.139,89.917,89.694,89.471,89.247,89.023,88.798,88.574,88.348,88.123,87.897,87.671,87.444,87.218,86.990,86.763,86.535,86.307,86.078,85.849,85.620,85.390,85.160,84.930,84.699,84.468,84.237,84.006,83.774,83.541,83.309,83.076,82.843,82.609,82.375,82.141,81.906,81.671,81.436,81.200,80.964,80.727,80.491,80.253,80.016,79.778,79.540,79.301,79.062,78.822,78.582,78.342,78.101,77.860,77.618,77.376,77.133,76.890,76.646,76.402,76.157,75.912,75.666,75.420,75.173,74.925,74.677,74.428,74.179,73.929,73.678,73.426,73.174,72.921,72.667,72.412,72.156,71.900,71.642,71.384,71.124,70.864,70.602,70.339,70.075,69.810,69.544,69.276,69.006,68.736,68.463,68.190,67.914,67.637,67.357,67.076,66.793,66.508,66.220,65.930,65.637,65.333,65.015,64.697,64.377,64.058,63.738,63.418,63.097,62.775,62.453,62.131,61.808,61.485,61.162,60.837,60.513,60.188,60.000,60.000,60.000,60.000,60.000,60.000,60.000,60.000,60.000,60.000,60.000,60.000,60.000,60.000,60.000,60.000,60.000,60.000,60.000,60.000,60.000,60.000,60.000,60.000,60.000,60.000,60.000,60.000,60.000,60.000,60.000,60.000
120.000,120.000,120.000,120.000,120.000,120.000,120.000,120.000,120.000,120.000,120.000,120.000,120.000,120.000,120.000,120.000,120.000,120.000,120.000,120.000,120.000,120.000,120.000,120.000,120.000,120.000,120.000,120.000,120.000,120.000,120.000,120.000,120.000,120.000,120.000,120.000,120.000,120.000,120.000,120.000,120.000,120.000,120.000,120.000,120.000,120.000,120.000,120.000,120.000,120.000,120.000,120.000,120.000,120.000,120.000,120.000,120.000,120.000,120.000,120.000,120.000,120.000,120.000,120.000,120.000,120.000,120.000,120.000,120.000,120.000,120.000,120.000,120.000,120.000,120.000,120.000,120.000,120.000,120.000,120.000,120.000,120.000,120.000,120.000,120.000,120.000,120.000,120.000,120.000,120.000,120.000,120.000,120.000,120.000,120.000,120.000,120.000,120.000,120.000,120.000,120.000,120.000,120.000,120.000,120.000,120.000,120.000,120.000,120.000,120.000,120.000,120.000,120.000,120.000,120.000,120.000,120.000,120.000,120.000,120.000,120.000,120.000,120.000,120.000,120.000,120.000,120.000,120.000,120.000,120.000,120.000,120.000,120.000,120.000,120.000,120.000,120.000,120.000,120.000,120.000,120.000,120.000,120.000,120.000,120.000,120.000,120.000,120.000,120.000,120.000,120.000,120.000,120.000,120.000,120.000,120.000,120.000,120.000,120.000,120.000,120.000,120.000,120.000,120.000,120.000,120.000,120.000,120.000,120.000,119.905,119.806,119.706,119.606,119.505,119.403,119.300,119.196,119.091,118.986,118.880,118.772,118.664,118.555,118.446,118.335,118.223,118.111,117.998,117.884,117.769,117.653,117.536,117.418,117.300,117.180,117.060,116.938,116.816,116.693,116.569,116.444,116.318,116.191,116.064,115.935,115.806,115.675,115.544,115.412,115.278,115.144,115.009,114.873,114.736,114.599,114.460,114.320,114.180,114.038,113.896,113.753,113.608,113.463,113.317,113.170,113.022,112.874,112.724,112.573,112.422,112.269,112.116,111.962,111.807,111.651,111.494,111.336,111.177,111.018,110.857,110.696,110.534,110.371,110.207,110.042,109.876,109.710,109.542,109.374,109.205,109.035,108.864,108.693,108.520,108.347,108.173,107.998,107.822,107.645,107.468,107.289,107.110,106.931,106.750,106.569,106.386,106.203,106.020,105.835,105.650,105.464,105.277,105.089,104.901,104.712,104.522,104.332,104.141,103.949,103.756,103.563,103.368,103.174,102.978,102.782,102.585,102.388,102.190,101.991,101.791,101.591,101.390,101.189,100.987,100.784,100.581,100.377,100.172,99.967,99.761,99.555,99.348,99.140,98.932,98.724,98.514,98.304,98.094,97.883,97.671,97.459,97.247,97.034,96.820,96.606,96.391,96.176,95.960,95.744,95.527,95.310,95.092,94.874,94.656,94.437,94.217,93.997,93.776,93.555,93.334,93.112,92.890,92.667,92.444,92.220,91.996,91.772,91.547,91.322,91.096,90.870,90.644,90.417,90.189,89.962,89.734,89.505,89.276,89.047,88.818,88.588,88.357,88.127,87.895,87.664,87.432,87.200,86.967,86.734,86.501,86.267,86.033,85.799,85.564,85.329,85.094,84.858,84.622,84.385,84.148,83.911,83.673,83.435,83.197,82.958,82.719,82.479,82.239,81.999,81.758,81.517,81.275,81.033,80.791,80.548,80.305,80.061,79.817,79.572,79.327,79.082,78.836,78.589,78.342,78.095,77.847,77.598,77.349,77.099,76.849,76.598,76.347,76.095,75.842,75.589,75.335,75.080,74.824,74.568,74.311,74.053,73.795,73.535,73.275,73.013,72.751,72.488,72.224,71.958,71.692,71.424,71.155,70.885,70.614,70.341,70.067,69.791,69.514,69.236,68.955,68.673,68.389,68.103,67.815,67.524,67.232,66.918,66.602,66.286,65.969,65.652,65.334,65.016,64.697,64.378,64.059,63.739,63.418,63.097,62.776,62.454,62.132,61.809,61.486,61.162,60.838,60.514,60.189,60.000,60.000,60.000,60.000,60.000,60.000,60.000,60.000,60.000,60.000,60.000,60.000,60.000,60.000,60.000,60.000,60.000,60.000,60.000,60.000,60.000,60.000,60.000,60.000,60.000,60.000,60.000,60.000,60.000,60.000,60.000,60.000
120.000,120.000,120.000,120.000,120.000,120.000,120.000,120.000,120.000,120.000,120.000,120.000,120.000,120.000,120.000,120.000,120.000,120.000,120.000,120.000,120.000,120.000,120.000,120.000,120.000,120.000,120.000,120.000,120.000,120.000,120.000,120.000,120.000,120.000,120.000,120.000,120.000,120.000,120.000,120.000,120.000,120.000,120.000,120.000,120.000,120.000,120.000,120.000,120.000,120.000,120.000,120.000,120.000,120.000,120.000,120.000,120.000,120.000,120.000,120.000,120.000,120.000,120.000,120.000,120.000,120.000,120.000,120.000,120.000,120.000,120.000,120.000,120.000,120.000,120.000,120.000,120.000,120.000,120.000,120.000,120.000,120.000,120.000,120.000,120.000,120.000,120.000,120.000,120.000,120.000,120.000,120.000,120.000,120.000,120.000,120.000,120.000,120.000,120.000,120.000,120.000,120.000,120.000,120.000,120.000,120.000,120.000,120.000,120.000,120.000,120.000,120.000,120.000,120.000,120.000,120.000,120.000,120.000,120.000,120.000,120.000,120.000,120.000,120.000,120.000,120.000,120.000,120.000,120.000,120.000,120.000,120.000,120.000,120.000,120.000,120.000,120.000,120.000,120.000,120.000,120.000,120.000,120.000,120.000,120.000,120.000,120.000,120.000,120.000,120.000,120.000,120.000,120.000,120.000,120.000,120.000,120.000,120.000,120.000,120.000,120.000,120.000,120.000,120.000,120.000,120.000,120.000,120.000,120.000,120.000,120.000,120.000,120.000,120.000,120.000,120.000,120.000,120.000,120.000,119.985,119.877,119.768,119.658,119.547,119.435,119.323,119.209,119.095,118.979,118.863,118.746,118.628,118.509,118.389,118.268,118.146,118.023,117.899,117.775,117.649,117.522,117.395,117.267,117.137,117.007,116.876,116.743,116.610,116.476,116.341,116.205,116.068,115.930,115.791,115.652,115.511,115.369,115.227,115.083,114.939,114.793,114.647,114.499,114.351,114.202,114.052,113.901,113.749,113.596,113.442,113.287,113.132,112.975,112.817,112.659,112.500,112.339,112.178,112.016,111.853,111.689,111.524,111.359,111.192,111.025,110.856,110.687,110.517,110.346,110.174,110.001,109.828,109.654,109.478,109.302,109.125,108.947,108.769,108.589,108.409,108.228,108.046,107.863,107.680,107.496,107.310,107.125,106.938,106.750,106.562,106.373,106.183,105.993,105.801,105.609,105.417,105.223,105.029,104.834,104.638,104.442,104.244,104.047,103.848,103.649,103.449,103.248,103.047,102.845,102.642,102.439,102.235,102.030,101.825,101.619,101.413,101.205,100.998,100.789,100.580,100.370,100.160,99.949,99.738,99.526,99.313,99.100,98.886,98.672,98.457,98.242,98.026,97.809,97.592,97.374,97.156,96.938,96.718,96.499,96.278,96.058,95.836,95.615,95.393,95.170,94.947,94.723,94.499,94.274,94.049,93.824,93.598,93.371,93.144,92.917,92.689,92.461,92.232,92.003,91.774,91.544,91.314,91.083,90.852,90.620,90.388,90.156,89.923,89.690,89.456,89.222,88.987,88.753,88.517,88.282,88.046,87.809,87.572,87.335,87.098,86.860,86.621,86.382,86.143,85.904,85.664,85.423,85.183,84.942,84.700,84.458,84.216,83.973,83.730,83.486,83.242,82.998,82.753,82.507,82.262,82.015,81.769,81.522,81.274,81.026,80.778,80.529,80.279,80.029,79.779,79.528,79.276,79.024,78.771,78.518,78.264,78.010,77.754,77.499,77.242,76.985,76.728,76.469,76.210,75.950,75.690,75.428,75.166,74.903,74.639,74.374,74.108,73.841,73.574,73.305,73.035,72.764,72.492,72.218,71.943,71.667,71.390,71.111,70.831,70.549,70.266,69.981,69.694,69.405,69.115,68.806,68.492,68.179,67.864,67.550,67.234,66.919,66.603,66.287,65.970,65.652,65.335,65.016,64.698,64.379,64.059,63.739,63.419,63.098,62.777,62.455,62.133,61.810,61.487,61.163,60.839,60.514,60.189,60.000,60.000,60.000,60.000,60.000,60.000,60.000,60.000,60.000,60.000,60.000,60.000,60.000,60.000,60.000,60.000,60.000,60.000,60.000,60.000,60.000,60.000,60.000,60.000,60.000,60.000,60.000,60.000,60.000,60.000,60.000,60.000
120.000,120.000,120.000,120.000,120.000,120.000,120.000,120.000,120.000,120.000,120.000,120.000,120.000,120.000,120.000,120.000,120.000,120.000,120.000,120.000,120.000,120.000,120.000,120.000,120.000,120.000,120.000,120.000,120.000,120.000,120.000,120.000,120.000,120.000,120.000,120.000,120.000,120.000,120.000,120.000,120.000,120.000,120.000,120.000,120.000,120.000,120.000,120.000,120.000,120.000,120.000,120.000,120.000,120.000,120.000,120.000,120.000,120.000,120.000,120.000,120.000,120.000,120.000,120.000,120.000,120.000,120.000,120.000,120.000,120.000,120.000,120.000,120.000,120.000,120.000,120.000,120.000,120.000,120.000,120.000,120.000,120.000,120.000,120.000,120.000,120.000,120.000,120.000,120.000,120.000,120.000,120.000,120.000,120.000,120.000,120.000,120.000,120.000,120.000,120.000,120.000,120.000,120.000,120.000,120.000,120.000,120.000,120.000,120.000,120.000,120.000,120.000,120.000,120.000,120.000,120.000,120.000,120.000,120.000,120.000,120.000,120.000,120.000,120.000,120.000,120.000,120.000,120.000,120.000,120.000,120.000,120.000,120.000,120.000,120.000,120.000,120.000,120.000,120.000,120.000,120.000,120.000,120.000,120.000,120.000,120.000,120.000,120.000,120.000,120.000,120.000,120.000,120.000,120.000,120.000,120.000,120.000,120.000,120.000,120.000,120.000,120.000,120.000,120.000,120.000,120.000,120.000,120.000,120.000,120.000,120.000,120.000,120.000,120.000,120.000,120.000,120.000,120.000,120.000,120.000,120.000,120.000,120.000,120.000,120.000,120.000,120.000,120.000,120.000,119.919,119.800,119.680,119.559,119.438,119.315,119.191,119.067,118.941,118.815,118.687,118.559,118.429,118.299,118.168,118.035,117.902,117.768,117.633,117.496,117.359,117.221,117.082,116.942,116.801,116.659,116.516,116.372,116.227,116.081,115.934,115.786,115.637,115.488,115.337,115.185,115.033,114.879,114.724,114.569,114.412,114.255,114.097,113.938,113.777,113.616,113.454,113.291,113.127,112.963,112.797,112.630,112.463,112.294,112.125,111.955,111.783,111.611,111.438,111.265,111.090,110.914,110.738,110.561,110.382,110.203,110.024,109.843,109.661,109.479,109.296,109.112,108.927,108.741,108.554,108.367,108.179,107.990,107.800,107.610,107.418,107.226,107.033,106.840,106.645,106.450,106.254,106.058,105.860,105.662,105.463,105.264,105.063,104.862,104.661,104.458,104.255,104.051,103.847,103.642,103.436,103.229,103.022,102.814,102.606,102.397,102.187,101.976,101.765,101.554,101.341,101.128,100.915,100.701,100.486,100.270,100.055,99.838,99.621,99.403,99.185,98.966,98.747,98.527,98.306,98.085,97.864,97.642,97.419,97.196,96.972,96.748,96.523,96.298,96.072,95.846,95.619,95.392,95.164,94.936,94.708,94.478,94.249,94.019,93.788,93.557,93.326,93.094,92.861,92.629,92.395,92.162,91.927,91.693,91.458,91.222,90.986,90.750,90.513,90.276,90.038,89.800,89.562,89.323,89.084,88.844,88.604,88.363,88.122,87.881,87.639,87.397,87.154,86.911,86.667,86.424,86.179,85.934,85.689,85.443,85.197,84.951,84.704,84.456,84.208,83.960,83.711,83.462,83.212,82.962,82.711,82.460,82.209,81.956,81.704,81.450,81.197,80.942,80.688,80.432,80.176,79.920,79.662,79.405,79.146,78.887,78.628,78.367,78.106,77.844,77.582,77.319,77.055,76.790,76.524,76.258,75.990,75.722,75.453,75.183,74.912,74.640,74.367,74.093,73.817,73.541,73.263,72.984,72.703,72.422,72.139,71.854,71.568,71.280,70.988,70.678,70.367,70.056,69.744,69.432,69.119,68.806,68.493,68.179,67.865,67.550,67.235,66.920,66.604,66.287,65.970,65.653,65.335,65.017,64.698,64.379,64.060,63.740,63.419,63.099,62.777,62.455,62.133,61.811,61.487,61.164,60.840,60.515,60.190,60.000,60.000,60.000,60.000,60.000,60.000,60.000,60.000,60.000,60.000,60.000,60.000,60.000,60.000,60.000,60.000,60.000,60.000,60.000,60.000,60.000,60.000,60.000,60.000,60.000,60.000,60.000,60.000,60.000,60.000,60.000,60.000
120.000,120.000,120.000,120.000,120.000,120.000,120.000,120.000,120.000,120.000,120.000,120.000,120.000,120.000,120.000,120.000,120.000,120.000,120.000,120.000,120.000,120.000,120.000,120.000,120.000,120.000,120.000,120.000,120.000,120.000,120.000,120.000,120.000,120.000,120.000,120.000,120.000,120.000,120.000,120.000,120.000,120.000,120.000,120.000,120.000,120.000,120.000,120.000,120.000,120.000,120.000,120.000,120.000,120.000,120.000,120.000,120.000,120.000,120.000,120.000,120.000,120.000,120.000,120.000,120.000,120.000,120.000,120.000,120.000,120.000,120.000,120.000,120.000,120.000,120.000,120.000,120.000,120.000,120.000,120.000,120.000,120.000,120.000,120.000,120.000,120.000,120.000,120.000,120.000,120.000,120.000,120.000,120.000,120.000,120.000,120.000,120.000,120.000,120.000,120.000,120.000,120.000,120.000,120.000,120.000,120.000,120.000,120.000,120.000,120.000,120.000,120.000,120.000,120.000,120.000,120.000,120.000,120.000,120.000,120.000,120.000,120.000,120.000,120.000,120.000,120.000,120.000,120.000,120.000,120.000,120.000,120.000,120.000,120.000,120.000,120.000,120.000,120.000,120.000,120.000,120.000,120.000,120.000,120.000,120.000,120.000,120.000,120.000,120.000,120.000,120.000,120.000,120.000,120.000,120.000,120.000,120.000,120.000,120.000,120.000,120.000,120.000,120.000,120.000,120.000,120.000,120.000,120.000,120.000,120.000,120.000,120.000,120.000,120.000,120.000,120.000,120.000,120.000,120.000,120.000,120.000,120.000,120.000,120.000,120.000,120.000,120.000,120.000,120.000,120.000,120.000,120.000,120.000,120.000,120.000,120.000,120.000,119.941,119.812,119.683,119.552,119.420,119.288,119.154,119.020,118.884,118.747,118.610,118.471,118.332,118.191,118.050,117.907,117.763,117.619,117.473,117.327,117.179,117.031,116.881,116.731,116.580,116.427,116.274,116.119,115.964,115.808,115.650,115.492,115.333,115.173,115.012,114.850,114.687,114.523,114.358,114.192,114.025,113.857,113.689,113.519,113.349,113.177,113.005,112.832,112.658,112.483,112.307,112.130,111.952,111.774,111.594,111.414,111.233,111.051,110.868,110.684,110.499,110.314,110.127,109.940,109.752,109.564,109.374,109.183,108.992,108.800,108.607,108.414,108.219,108.024,107.828,107.631,107.434,107.235,107.036,106.836,106.636,106.435,106.233,106.030,105.826,105.622,105.417,105.212,105.005,104.798,104.590,104.382,104.173,103.963,103.753,103.542,103.330,103.117,102.904,102.691,102.476,102.261,102.046,101.830,101.613,101.395,101.177,100.958,100.739,100.519,100.299,100.078,99.856,99.634,99.411,99.188,98.964,98.740,98.515,98.289,98.063,97.837,97.610,97.382,97.154,96.925,96.696,96.466,96.236,96.005,95.774,95.542,95.310,95.077,94.844,94.610,94.376,94.142,93.906,93.671,93.435,93.198,92.961,92.724,92.486,92.248,92.009,91.769,91.530,91.289,91.049,90.808,90.566,90.324,90.082,89.839,89.596,89.352,89.108,88.863,88.618,88.372,88.126,87.880,87.633,87.386,87.138,86.889,86.641,86.392,86.142,85.892,85.641,85.390,85.139,84.886,84.634,84.381,84.127,83.873,83.619,83.364,83.108,82.852,82.595,82.338,82.080,81.822,81.563,81.303,81.043,80.782,80.521,80.259,79.996,79.732,79.468,79.204,78.938,78.672,78.405,78.137,77.868,77.598,77.328,77.057,76.785,76.512,76.238,75.962,75.686,75.409,75.131,74.851,74.571,74.289,74.006,73.721,73.435,73.148,72.843,72.535,72.227,71.918,71.608,71.299,70.989,70.678,70.367,70.056,69.744,69.432,69.120,68.807,68.493,68.180,67.865,67.551,67.236,66.920,66.604,66.288,65.971,65.654,65.336,65.018,64.699,64.380,64.060,63.741,63.420,63.099,62.778,62.456,62.134,61.811,61.488,61.164,60.840,60.516,60.191,60.000,60.000,60.000,60.000,60.000,60.000,60.000,60.000,60.000,60.000,60.000,60.000,60.000,60.000,60.000,60.000,60.000,60.000,60.000,60.000,60.000,60.000,60.000,60.000,60.000,60.000,60.000,60.000,60.000,60.000,60.000,60.000
120.000,120.000,120.000,120.000,120.000,120.000,120.000,120.000,120.000,120.000,120.000,120.000,120.000,120.000,120.000,120.000,120.000,120.000,120.000,120.000,120.000,120.000,120.000,120.000,120.000,120.000,120.000,120.000,120.000,120.000,120.000,120.000,120.000,120.000,120.000,120.000,120.000,120.000,120.000,120.000,120.000,120.000,120.000,120.000,120.000,120.000,120.000,120.000,120.000,120.000,120.000,120.000,120.000,120.000,120.000,120.000,120.000,120.000,120.000,120.000,120.000,120.000,120.000,120.000,120.000,120.000,120.000,120.000,120.000,120.000,120.000,120.000,120.000,120.000,120.000,120.000,120.000,120.000,120.000,120.000,120.000,120.000,120.000,120.000,120.000,120.000,120.000,120.000,120.000,120.000,120.000,120.000,120.000,120.000,120.000,120.000,120.000,120.000,120.000,120.000,120.000,120.000,120.000,120.000,120.000,120.000,120.000,120.000,120.000,120.000,120.000,120.000,120.000,120.000,120.000,120.000,120.000,120.000,120.000,120.000,120.000,120.000,120.000,120.000,120.000,120.000,120.000,120.000,120.000,120.000,120.000,120.000,120.000,120.000,120.000,120.000,120.000,120.000,120.000,120.000,120.000,120.000,120.000,120.000,120.000,120.000,120.000,120.000,120.000,120.000,120.000,120.000,120.000,120.000,120.000,120.000,120.000,120.000,120.000,120.000,120.000,120.000,120.000,120.000,120.000,120.000,120.000,120.000,120.000,120.000,120.000,120.000,120.000,120.000,120.000,120.000,120.000,120.000,120.000,120.000,120.000,120.000,120.000,120.000,120.000,120.000,120.000,120.000,120.000,120.000,120.000,120.000,120.000,120.000,120.000,120.000,120.000,120.000,120.000,120.000,120.000,120.000,120.000,120.000,119.959,119.821,119.682,119.542,119.401,119.259,119.115,118.971,118.826,118.680,118.532,118.384,118.235,118.085,117.933,117.781,117.628,117.473,117.318,117.162,117.005,116.846,116.687,116.527,116.366,116.204,116.041,115.877,115.711,115.545,115.378,115.211,115.042,114.872,114.701,114.529,114.357,114.183,114.009,113.833,113.657,113.480,113.302,113.123,112.943,112.762,112.580,112.398,112.214,112.030,111.845,111.659,111.472,111.284,111.095,110.906,110.715,110.524,110.332,110.139,109.946,109.751,109.556,109.360,109.163,108.966,108.767,108.568,108.368,108.167,107.966,107.763,107.560,107.357,107.152,106.947,106.741,106.534,106.327,106.119,105.910,105.700,105.490,105.279,105.067,104.855,104.642,104.428,104.214,103.999,103.783,103.567,103.350,103.132,102.914,102.695,102.476,102.255,102.035,101.813,101.591,101.369,101.146,100.922,100.698,100.473,100.247,100.021,99.794,99.567,99.339,99.111,98.882,98.653,98.423,98.192,97.961,97.730,97.497,97.265,97.032,96.798,96.564,96.329,96.094,95.858,95.622,95.385,95.148,94.910,94.672,94.433,94.194,93.954,93.714,93.473,93.232,92.991,92.749,92.506,92.263,92.019,91.775,91.531,91.286,91.041,90.795,90.548,90.302,90.054,89.807,89.558,89.310,89.061,88.811,88.561,88.310,88.059,87.808,87.555,87.303,87.050,86.796,86.542,86.288,86.033,85.777,85.521,85.264,85.007,84.750,84.491,84.232,83.973,83.713,83.453,83.192,82.930,82.668,82.405,82.141,81.877,81.612,81.347,81.080,80.813,80.546,80.277,80.008,79.738,79.468,79.196,78.924,78.651,78.377,78.102,77.826,77.549,77.271,76.992,76.712,76.431,76.149,75.866,75.582,75.293,74.988,74.683,74.377,74.071,73.765,73.458,73.151,72.843,72.535,72.227,71.918,71.609,71.299,70.989,70.679,70.368,70.057,69.745,69.433,69.120,68.807,68.494,68.180,67.866,67.551,67.236,66.921,66.605,66.288,65.971,65.654,65.336,65.018,64.700,64.381,64.061,63.741,63.421,63.100,62.779,62.457,62.135,61.812,61.489,61.165,60.841,60.516,60.191,60.000,60.000,60.000,60.000,60.000,60.000,60.000,60.000,60.000,60.000,60.000,60.000,60.000,60.000,60.000,60.000,60.000,60.000,60.000,60.000,60.000,60.000,60.000,60.000,60.000,60.000,60.000,60.000,60.000,60.000,60.000,60.000
120.000,120.000,120.000,120.000,120.000,120.000,120.000,120.000,120.000,120.000,120.000,120.000,120.000,120.000,120.000,120.000,120.000,120.000,120.000,120.000,120.000,120.000,120.000,120.000,120.000,120.000,120.000,120.000,120.000,120.000,120.000,120.000,120.000,120.000,120.000,120.000,120.000,120.000,120.000,120.000,120.000,120.000,120.000,120.000,120.000,120.000,120.000,120.000,120.000,120.000,120.000,120.000,120.000,120.000,120.000,120.000,120.000,120.000,120.000,120.000,120.000,120.000,120.000,120.000,120.000,120.000,120.000,120.000,120.000,120.000,120.000,120.000,120.000,120.000,120.000,120.000,120.000,120.000,120.000,120.000,120.000,120.000,120.000,120.000,120.000,120.000,120.000,120.000,120.000,120.000,120.000,120.000,120.000,120.000,120.000,120.000,120.000,120.000,120.000,120.000,120.000,120.000,120.000,120.000,120.000,120.000,120.000,120.000,120.000,120.000,120.000,120.000,120.000,120.000,120.000,120.000,120.000,120.000,120.000,120.000,120.000,120.000,120.000,120.000,120.000,120.000,120.000,120.000,120.000,120.000,120.000,120.000,120.000,120.000,120.000,120.000,120.000,120.000,120.000,120.000,120.000,120.000,120.000,120.000,120.000,120.000,120.000,120.000,120.000,120.000,120.000,120.000,120.000,120.000,120.000,120.000,120.000,120.000,120.000,120.000,120.000,120.000,120.000,120.000,120.000,120.000,120.000,120.000,120.000,120.000,120.000,120.000,120.000,120.000,120.000,120.000,120.000,120.000,120.000,120.000,120.000,120.000,120.000,120.000,120.000,120.000,120.000,120.000,120.000,120.000,120.000,120.000,120.000,120.000,120.000,120.000,120.000,120.000,120.000,120.000,120.000,120.000,120.000,120.000,120.000,120.000,120.000,120.000,120.000,120.000,119.994,119.847,119.699,119.549,119.399,119.248,119.096,118.943,118.788,118.633,118.477,118.319,118.161,118.002,117.842,117.680,117.518,117.355,117.191,117.025,116.859,116.692,116.524,116.355,116.184,116.013,115.841,115.668,115.495,115.320,115.144,114.967,114.789,114.611,114.431,114.251,114.070,113.887,113.704,113.520,113.335,113.149,112.963,112.775,112.587,112.397,112.207,112.016,111.824,111.632,111.438,111.244,111.048,110.852,110.656,110.458,110.259,110.060,109.860,109.659,109.457,109.255,109.052,108.848,108.643,108.437,108.231,108.024,107.816,107.608,107.399,107.189,106.978,106.767,106.555,106.342,106.128,105.914,105.699,105.483,105.267,105.050,104.833,104.614,104.395,104.176,103.956,103.735,103.513,103.291,103.068,102.845,102.621,102.396,102.171,101.945,101.719,101.492,101.264,101.036,100.807,100.578,100.348,100.117,99.886,99.654,99.422,99.189,98.956,98.722,98.488,98.253,98.017,97.781,97.544,97.307,97.070,96.831,96.593,96.354,96.114,95.874,95.633,95.392,95.150,94.908,94.665,94.422,94.178,93.934,93.689,93.443,93.198,92.951,92.705,92.458,92.210,91.962,91.713,91.464,91.214,90.964,90.713,90.462,90.210,89.958,89.705,89.452,89.198,88.944,88.689,88.434,88.179,87.922,87.665,87.408,87.150,86.892,86.633,86.373,86.113,85.853,85.592,85.330,85.068,84.805,84.541,84.277,84.012,83.747,83.481,83.214,82.947,82.679,82.410,82.140,81.870,81.599,81.328,81.055,80.782,80.508,80.233,79.957,79.681,79.403,79.125,78.846,78.565,78.284,78.002,77.718,77.416,77.114,76.812,76.509,76.205,75.902,75.598,75.293,74.989,74.683,74.378,74.072,73.765,73.459,73.151,72.844,72.536,72.227,71.919,71.609,71.300,70.990,70.679,70.368,70.057,69.745,69.433,69.121,68.808,68.495,68.181,67.866,67.552,67.237,66.921,66.605,66.289,65.972,65.655,65.337,65.019,64.700,64.381,64.062,63.742,63.421,63.101,62.779,62.457,62.135,61.813,61.489,61.166,60.842,60.517,60.192,60.000,60.000,60.000,60.000,60.000,60.000,60.000,60.000,60.000,60.000,60.000,60.000,60.000,60.000,60.000,60.000,60.000,60.000,60.000,60.000,60.000,60.000,60.000,60.000,60.000,60.000,60.000,60.000,60.000,60.000,60.000,60.000
120.000,120.000,120.000,120.000,120.000,120.000,120.000,120.000,120.000,120.000,120.000,120.000,120.000,120.000,120.000,120.000,120.000,120.000,120.000,120.000,120.000,120.000,120.000,120.000,120.000,120.000,120.000,120.000,120.000,120.000,120.000,120.000,120.000,120.000,120.000,120.000,120.000,120.000,120.000,120.000,120.000,120.000,120.000,120.000,120.000,120.000,120.000,120.000,120.000,120.000,120.000,120.000,120.000,120.000,120.000,120.000,120.000,120.000,120.000,120.000,120.000,120.000,120.000,120.000,120.000,120.000,120.000,120.000,120.000,120.000,120.000,120.000,120.000,120.000,120.000,120.000,120.000,120.000,120.000,120.000,120.000,120.000,120.000,120.000,120.000,120.000,120.000,120.000,120.000,120.000,120.000,120.000,120.000,120.000,120.000,120.000,120.000,120.000,120.000,120.000,120.000,120.000,120.000,120.000,120.000,120.000,120.000,120.000,120.000,120.000,120.000,120.000,120.000,120.000,120.000,120.000,120.000,120.000,120.000,120.000,120.000,120.000,120.000,120.000,120.000,120.000,120.000,120.000,120.000,120.000,120.000,120.000,120.000,120.000,120.000,120.000,120.000,120.000,120.000,120.000,120.000,120.000,120.000,120.000,120.000,120.000,120.000,120.000,120.000,120.000,120.000,120.000,120.000,120.000,120.000,120.000,120.000,120.000,120.000,120.000,120.000,120.000,120.000,120.000,120.000,120.000,120.000,120.000,120.000,120.000,120.000,120.000,120.000,120.000,120.000,120.000,120.000,120.000,120.000,120.000,120.000,120.000,120.000,120.000,120.000,120.000,120.000,120.000,120.000,120.000,120.000,120.000,120.000,120.000,120.000,120.000,120.000,120.000,120.000,120.000,120.000,120.000,120.000,120.000,120.000,120.000,120.000,120.000,120.000,120.000,120.000,120.000,120.000,120.000,120.000,120.000,119.910,119.754,119.597,119.438,119.279,119.118,118.957,118.795,118.631,118.467,118.301,118.135,117.967,117.799,117.629,117.459,117.287,117.115,116.942,116.767,116.592,116.416,116.239,116.061,115.881,115.701,115.521,115.339,115.156,114.972,114.788,114.602,114.416,114.228,114.040,113.851,113.661,113.470,113.278,113.086,112.892,112.698,112.503,112.307,112.110,111.912,111.714,111.514,111.314,111.113,110.912,110.709,110.506,110.301,110.097,109.891,109.684,109.477,109.269,109.060,108.851,108.640,108.429,108.218,108.005,107.792,107.578,107.363,107.148,106.932,106.715,106.498,106.280,106.061,105.841,105.621,105.400,105.179,104.956,104.734,104.510,104.286,104.061,103.836,103.610,103.383,103.156,102.928,102.699,102.470,102.241,102.010,101.779,101.548,101.316,101.083,100.850,100.616,100.382,100.147,99.911,99.675,99.438,99.201,98.963,98.725,98.486,98.247,98.007,97.766,97.525,97.283,97.041,96.799,96.556,96.312,96.068,95.823,95.578,95.332,95.086,94.839,94.591,94.344,94.095,93.846,93.597,93.347,93.097,92.846,92.594,92.342,92.090,91.837,91.583,91.329,91.075,90.820,90.564,90.308,90.051,89.794,89.537,89.278,89.020,88.760,88.500,88.240,87.979,87.717,87.455,87.192,86.929,86.665,86.401,86.136,85.870,85.604,85.337,85.069,84.801,84.532,84.262,83.992,83.721,83.449,83.177,82.903,82.630,82.355,82.079,81.803,81.526,81.248,80.969,80.689,80.408,80.118,79.820,79.521,79.221,78.921,78.621,78.321,78.020,77.718,77.417,77.114,76.812,76.509,76.206,75.902,75.598,75.294,74.989,74.684,74.378,74.072,73.766,73.459,73.152,72.844,72.536,72.228,71.919,71.610,71.300,70.990,70.680,70.369,70.058,69.746,69.434,69.121,68.808,68.495,68.181,67.867,67.552,67.237,66.922,66.606,66.289,65.973,65.655,65.338,65.019,64.701,64.382,64.062,63.742,63.422,63.101,62.780,62.458,62.136,61.813,61.490,61.167,60.842,60.518,60.193,60.000,60.000,60.000,60.000,60.000,60.000,60.000,60.000,60.000,60.000,60.000,60.000,60.000,60.000,60.000,60.000,60.000,60.000,60.000,60.000,60.000,60.000,60.000,60.000,60.000,60.000,60.000,60.000,60.000,60.000,60.000,60.000
120.000,120.000,120.000,120.000,120.000,120.000,120.000,120.000,120.000,120.000,120.000,120.000,120.000,120.000,120.000,120.000,120.000,120.000,120.000,120.000,120.000,120.000,120.000,120.000,120.000,120.000,120.000,120.000,120.000,120.000,120.000,120.000,120.000,120.000,120.000,120.000,120.000,120.000,120.000,120.000,120.000,120.000,120.000,120.000,120.000,120.000,120.000,120.000,120.000,120.000,120.000,120.000,120.000,120.000,120.000,120.000,120.000,120.000,120.000,120.000,120.000,120.000,120.000,120.000,120.000,120.000,120.000,120.000,120.000,120.000,120.000,120.000,120.000,120.000,120.000,120.000,120.000,120.000,120.000,120.000,120.000,120.000,120.000,120.000,120.000,120.000,120.000,120.000,120.000,120.000,120.000,120.000,120.000,120.000,120.000,120.000,120.000,120.000,120.000,120.000,120.000,120.000,120.000,120.000,120.000,120.000,120.000,120.000,120.000,120.000,120.000,120.000,120.000,120.000,120.000,120.000,120.000,120.000,120.000,120.000,120.000,120.000,120.000,120.000,120.000,120.000,120.000,120.000,120.000,120.000,120.000,120.000,120.000,120.000,120.000,120.000,120.000,120.000,120.000,120.000,120.000,120.000,120.000,120.000,120.000,120.000,120.000,120.000,120.000,120.000,120.000,120.000,120.000,120.000,120.000,120.000,120.000,120.000,120.000,120.000,120.000,120.000,120.000,120.000,120.000,120.000,120.000,120.000,120.000,120.000,120.000,120.000,120.000,120.000,120.000,120.000,120.000,120.000,120.000,120.000,120.000,120.000,120.000,120.000,120.000,120.000,120.000,120.000,120.000,120.000,120.000,120.000,120.000,120.000,120.000,120.000,120.000,120.000,120.000,120.000,120.000,120.000,120.000,120.000,120.000,120.000,120.000,120.000,120.000,120.000,120.000,120.000,120.000,120.000,120.000,120.000,120.000,120.000,120.000,120.000,120.000,119.871,119.707,119.541,119.374,119.206,119.038,118.868,118.697,118.525,118.352,118.179,118.004,117.828,117.652,117.474,117.295,117.116,116.935,116.754,116.571,116.388,116.204,116.018,115.832,115.645,115.457,115.268,115.079,114.888,114.696,114.504,114.311,114.116,113.921,113.725,113.529,113.331,113.132,112.933,112.733,112.532,112.330,112.127,111.924,111.720,111.515,111.309,111.102,110.895,110.686,110.477,110.268,110.057,109.846,109.634,109.421,109.207,108.993,108.778,108.562,108.346,108.129,107.911,107.692,107.473,107.253,107.032,106.811,106.589,106.366,106.143,105.918,105.694,105.468,105.242,105.015,104.788,104.560,104.331,104.102,103.872,103.642,103.411,103.179,102.947,102.714,102.480,102.246,102.011,101.776,101.540,101.303,101.066,100.828,100.590,100.351,100.112,99.872,99.631,99.390,99.149,98.906,98.664,98.420,98.177,97.932,97.687,97.442,97.196,96.949,96.702,96.454,96.206,95.957,95.708,95.458,95.208,94.957,94.706,94.454,94.201,93.948,93.695,93.441,93.186,92.931,92.676,92.419,92.163,91.905,91.648,91.389,91.130,90.871,90.611,90.350,90.089,89.827,89.565,89.302,89.039,88.775,88.510,88.245,87.979,87.713,87.446,87.178,86.910,86.641,86.371,86.101,85.830,85.558,85.286,85.013,84.739,84.465,84.189,83.913,83.637,83.359,83.081,82.791,82.495,82.200,81.903,81.607,81.310,81.013,80.715,80.417,80.119,79.820,79.521,79.222,78.922,78.622,78.321,78.020,77.719,77.417,77.115,76.812,76.510,76.206,75.903,75.599,75.294,74.989,74.684,74.379,74.073,73.766,73.459,73.152,72.845,72.537,72.228,71.920,71.610,71.301,70.991,70.680,70.369,70.058,69.746,69.434,69.122,68.809,68.496,68.182,67.868,67.553,67.238,66.922,66.606,66.290,65.973,65.656,65.338,65.020,64.701,64.382,64.063,63.743,63.423,63.102,62.781,62.459,62.137,61.814,61.491,61.167,60.843,60.519,60.194,60.000,60.000,60.000,60.000,60.000,60.000,60.000,60.000,60.000,60.000,60.000,60.000,60.000,60.000,60.000,60.000,60.000,60.000,60.000,60.000,60.000,60.000,60.000,60.000,60.000,60.000,60.000,60.000,60.000,60.000,60.000,60.000
120.000,120.000,120.000,120.000,120.000,120.000,120.000,120.000,120.000,120.000,120.000,120.000,120.000,120.000,120.000,120.000,120.000,120.000,120.000,120.000,120.000,120.000,120.000,120.000,120.000,120.000,120.000,120.000,120.000,120.000,120.000,120.000,120.000,120.000,120.000,120.000,120.000,120.000,120.000,120.000,120.000,120.000,120.000,120.000,120.000,120.000,120.000,120.000,120.000,120.000,120.000,120.000,120.000,120.000,120.000,120.000,120.000,120.000,120.000,120.000,120.000,120.000,120.000,120.000,120.000,120.000,120.000,120.000,120.000,120.000,120.000,120.000,120.000,120.000,120.000,120.000,120.000,120.000,120.000,120.000,120.000,120.000,120.000,120.000,120.000,120.000,120.000,120.000,120.000,120.000,120.000,120.000,120.000,120.000,120.000,120.000,120.000,120.000,120.000,120.000,120.000,120.000,120.000,120.000,120.000,120.000,120.000,120.000,120.000,120.000,120.000,120.000,120.000,120.000,120.000,120.000,120.000,120.000,120.000,120.000,120.000,120.000,120.000,120.000,120.000,120.000,120.000,120.000,120.000,120.000,120.000,120.000,120.000,120.000,120.000,120.000,120.000,120.000,120.000,120.000,120.000,120.000,120.000,120.000,120.000,120.000,120.000,120.000,120.000,120.000,120.000,120.000,120.000,120.000,120.000,120.000,120.000,120.000,120.000,120.000,120.000,120.000,120.000,120.000,120.000,120.000,120.000,120.000,120.000,120.000,120.000,120.000,120.000,120.000,120.000,120.000,120.000,120.000,120.000,120.000,120.000,120.000,120.000,120.000,120.000,120.000,120.000,120.000,120.000,120.000,120.000,120.000,120.000,120.000,120.000,120.000,120.000,120.000,120.000,120.000,120.000,120.000,120.000,120.000,120.000,120.000,120.000,120.000,120.000,120.000,120.000,120.000,120.000,120.000,120.000,120.000,120.000,120.000,120.000,120.000,120.000,120.000,120.000,120.000,120.000,119.901,119.729,119.556,119.381,119.206,119.030,118.853,118.675,118.496,118.316,118.134,117.952,117.769,117.585,117.401,117.215,117.028,116.840,116.652,116.462,116.272,116.080,115.888,115.695,115.501,115.306,115.110,114.913,114.716,114.517,114.318,114.118,113.917,113.715,113.512,113.309,113.105,112.899,112.693,112.487,112.279,112.071,111.862,111.652,111.441,111.229,111.017,110.804,110.590,110.376,110.160,109.944,109.727,109.510,109.291,109.072,108.853,108.632,108.411,108.189,107.967,107.744,107.520,107.295,107.070,106.844,106.617,106.390,106.162,105.933,105.704,105.474,105.243,105.012,104.780,104.548,104.315,104.081,103.847,103.612,103.376,103.140,102.903,102.666,102.428,102.189,101.950,101.710,101.470,101.229,100.987,100.745,100.503,100.259,100.016,99.771,99.526,99.281,99.035,98.788,98.541,98.293,98.045,97.796,97.547,97.297,97.046,96.795,96.543,96.291,96.039,95.785,95.532,95.277,95.022,94.767,94.511,94.254,93.997,93.740,93.481,93.223,92.963,92.703,92.443,92.182,91.920,91.658,91.395,91.132,90.868,90.604,90.338,90.073,89.806,89.540,89.272,89.004,88.735,88.466,88.196,87.925,87.654,87.381,87.109,86.835,86.561,86.286,86.011,85.726,85.434,85.142,84.849,84.556,84.263,83.969,83.675,83.381,83.086,82.791,82.496,82.200,81.904,81.607,81.310,81.013,80.715,80.417,80.119,79.820,79.521,79.222,78.922,78.622,78.321,78.020,77.719,77.417,77.115,76.813,76.510,76.207,75.903,75.599,75.295,74.990,74.685,74.379,74.073,73.767,73.460,73.153,72.845,72.537,72.229,71.920,71.611,71.301,70.991,70.681,70.370,70.059,69.747,69.435,69.122,68.809,68.496,68.182,67.868,67.553,67.238,66.923,66.607,66.291,65.974,65.656,65.339,65.021,64.702,64.383,64.064,63.744,63.423,63.102,62.781,62.459,62.137,61.815,61.492,61.168,60.844,60.519,60.194,60.000,60.000,60.000,60.000,60.000,60.000,60.000,60.000,60.000,60.000,60.000,60.000,60.000,60.000,60.000,60.000,60.000,60.000,60.000,60.000,60.000,60.000,60.000,60.000,60.000,60.000,60.000,60.000,60.000,60.000,60.000,60.000
120.000,120.000,120.000,120.000,120.000,120.000,120.000,120.000,120.000,120.000,120.000,120.000,120.000,120.000,120.000,120.000,120.000,120.000,120.000,120.000,120.000,120.000,120.000,120.000,120.000,120.000,120.000,120.000,120.000,120.000,120.000,120.000,120.000,120.000,120.000,120.000,120.000,120.000,120.000,120.000,120.000,120.000,120.000,120.000,120.000,120.000,120.000,120.000,120.000,120.000,120.000,120.000,120.000,120.000,120.000,120.000,120.000,120.000,120.000,120.000,120.000,120.000,120.000,120.000,120.000,120.000,120.000,120.000,120.000,120.000,120.000,120.000,120.000,120.000,120.000,120.000,120.000,120.000,120.000,120.000,120.000,120.000,120.000,120.000,120.000,120.000,120.000,120.000,120.000,120.000,120.000,120.000,120.000,120.000,120.000,120.000,120.000,120.000,120.000,120.000,120.000,120.000,120.000,120.000,120.000,120.000,120.000,120.000,120.000,120.000,120.000,120.000,120.000,120.000,120.000,120.000,120.000,120.000,120.000,120.000,120.000,120.000,120.000,120.000,120.000,120.000,120.000,120.000,120.000,120.000,120.000,120.000,120.000,120.000,120.000,120.000,120.000,120.000,120.000,120.000,120.000,120.000,120.000,120.000,120.000,120.000,120.000,120.000,120.000,120.000,120.000,120.000,120.000,120.000,120.000,120.000,120.000,120.000,120.000,120.000,120.000,120.000,120.000,120.000,120.000,120.000,120.000,120.000,120.000,120.000,120.000,120.000,120.000,120.000,120.000,120.000,120.000,120.000,120.000,120.000,120.000,120.000,120.000,120.000,120.000,120.000,120.000,120.000,120.000,120.000,120.000,120.000,120.000,120.000,120.000,120.000,120.000,120.000,120.000,120.000,120.000,120.000,120.000,120.000,120.000,120.000,120.000,120.000,120.000,120.000,120.000,120.000,120.000,120.000,120.000,120.000,120.000,120.000,120.000,120.000,120.000,120.000,120.000,120.000,120.000,120.000,120.000,120.000,120.000,119.843,119.664,119.483,119.301,119.119,118.935,118.751,118.565,118.379,118.191,118.003,117.814,117.624,117.433,117.240,117.047,116.854,116.659,116.463,116.267,116.069,115.871,115.672,115.471,115.270,115.069,114.866,114.662,114.458,114.253,114.047,113.840,113.632,113.424,113.215,113.004,112.793,112.582,112.369,112.156,111.942,111.727,111.512,111.295,111.078,110.860,110.642,110.422,110.202,109.981,109.760,109.538,109.315,109.091,108.867,108.642,108.416,108.189,107.962,107.734,107.506,107.277,107.047,106.816,106.585,106.353,106.121,105.888,105.654,105.420,105.185,104.949,104.713,104.476,104.238,104.000,103.761,103.522,103.282,103.041,102.800,102.558,102.316,102.073,101.829,101.585,101.340,101.095,100.849,100.603,100.356,100.108,99.860,99.611,99.362,99.112,98.861,98.610,98.359,98.106,97.854,97.600,97.346,97.092,96.837,96.581,96.325,96.069,95.811,95.553,95.295,95.036,94.777,94.516,94.256,93.995,93.733,93.470,93.207,92.944,92.680,92.415,92.149,91.883,91.617,91.350,91.082,90.813,90.544,90.275,90.004,89.733,89.462,89.190,88.915,88.627,88.338,88.049,87.760,87.471,87.181,86.891,86.600,86.309,86.018,85.726,85.434,85.142,84.850,84.557,84.263,83.970,83.676,83.381,83.086,82.791,82.496,82.200,81.904,81.608,81.311,81.013,80.716,80.418,80.119,79.821,79.522,79.222,78.922,78.622,78.322,78.021,77.719,77.418,77.116,76.813,76.510,76.207,75.903,75.599,75.295,74.990,74.685,74.379,74.073,73.767,73.460,73.153,72.846,72.538,72.229,71.920,71.611,71.302,70.992,70.681,70.370,70.059,69.747,69.435,69.123,68.810,68.497,68.183,67.869,67.554,67.239,66.923,66.607,66.291,65.974,65.657,65.339,65.021,64.703,64.384,64.064,63.744,63.424,63.103,62.782,62.460,62.138,61.815,61.492,61.169,60.845,60.520,60.195,60.000,60.000,60.000,60.000,60.000,60.000,60.000,60.000,60.000,60.000,60.000,60.000,60.000,60.000,60.000,60.000,60.000,60.000,60.000,60.000,60.000,60.000,60.000,60.000,60.000,60.000,60.000,60.000,60.000,60.000,60.000,60.000
