60.000,60.000,60.000,60.000,60.000,60.000,60.000,60.000,60.000,60.000,60.000,60.000,60.000,60.000,60.000,60.000,60.000,60.000,60.000,60.000,60.000,60.000,60.000,60.000,60.000,60.000,60.000,60.000,60.000,60.000,60.000,60.000,60.000,60.000,60.000,60.000,60.000,60.000,60.000,60.000,60.000,60.000,60.000,60.000,60.000,60.000,60.000,60.000,60.000,60.000,60.000,60.000,60.000,60.000,60.000,60.000,60.000,60.000,60.000,60.000,60.000,60.000,60.000,60.000,60.000,60.000,60.000,60.000,60.000,60.000,60.000,60.000,60.000,60.000,60.000,60.000,60.000,60.000,60.000,60.000,60.000,60.000,60.000,60.000,60.000,60.000,60.000,60.000,60.000,60.000,60.000,60.000,60.000,60.000,60.000,60.000,60.000,60.000,60.000,60.000,60.000,60.000,60.000,60.000,60.000,60.000,60.000,60.000,60.000,60.000,60.000,60.000,60.000,60.000,60.000,60.000,60.000,60.000,60.000,60.000,60.000,60.000,60.000,60.000,60.000,60.000,60.000,60.000,60.000,60.000,60.000,60.000,60.000,60.000,60.000,60.000,60.000,60.000,60.000,60.000,60.000,60.000,60.000,60.000,60.000,60.000,60.000,60.000,60.000,60.000,60.000,60.000,60.000,60.000,60.000,60.000,60.000,60.000,60.000,60.000,60.000,60.000,60.000,60.000,60.000,60.000,60.000,60.000,60.000,60.000,60.000,60.000,60.000,60.000,60.000,60.000,60.000,60.000,60.000,60.000,60.000,60.000,60.000,60.000,60.000,60.000,60.000,60.000,60.000,60.000,60.000,60.000,60.000,60.000,60.000,60.000,60.000,60.000,60.000,60.000,60.000,60.000,60.000,60.000,60.000,60.000,60.000,60.000,60.000,60.000,60.000,60.000,60.000,60.000,60.000,60.000,60.000,60.000,60.000,60.000,60.000,60.000,60.000,60.000,60.000,60.000,60.000,60.000,60.000,60.000,60.000,60.000,60.000,60.000,60.000,60.000,60.000,60.000,60.000,60.121,60.262,60.404,60.546,60.688,60.831,60.974,61.117,61.260,61.404,61.549,61.693,61.838,61.984,62.129,62.275,62.422,62.568,62.716,62.863,63.011,63.159,63.308,63.457,63.606,63.756,63.906,64.057,64.207,64.359,64.510,64.663,64.815,64.968,65.121,65.275,65.429,65.584,65.739,65.894,66.050,66.207,66.363,66.521,66.678,66.836,66.995,67.154,67.313,67.473,67.634,67.795,67.956,68.118,68.280,68.443,68.607,68.770,68.935,69.100,69.265,69.431,69.597,69.764,69.932,70.100,70.268,70.438,70.607,70.778,70.948,71.120,71.292,71.464,71.638,71.811,71.986,72.161,72.336,72.513,72.689,72.867,73.045,73.224,73.403,73.583,73.764,73.946,74.128,74.311,74.494,74.679,74.864,75.049,75.236,75.423,75.611,75.800,75.989,76.180,76.371,76.563,76.755,76.949,77.143,77.338,77.535,77.732,77.929,78.128,78.328,78.528,78.730,78.932,79.136,79.340,79.545,79.752,79.959,80.168,80.377,80.588,80.799,81.012,81.226,81.441,81.657,81.874,82.092,82.312,82.533,82.755,82.978,83.203,83.429,83.656,83.885,84.115,84.347,84.579,84.814,85.050,85.287,85.526,85.766,86.008,86.252,86.498,86.745,86.994,87.244,87.497,87.751,88.007,88.266,88.526,88.788,89.052,89.319,89.588,89.859,90.132,90.407,90.685,90.966,91.249,91.535,91.823,92.115,92.409,92.706,93.006,93.309,93.616,93.925,94.239,94.556,94.876,95.201,95.529,95.862,96.198,96.540,96.886,97.236,97.592,97.953,98.320,98.692,99.070,99.455,99.847,100.245,100.651,101.064,101.486,101.917,102.358,102.808,103.269,103.742,104.227,104.725,105.239,105.768,106.315,106.882,107.470,108.083,108.724,109.396,110.104,110.856,111.660,112.527,113.474,114.524,115.711,117.078,118.599,119.894,120.000,120.000,120.000,120.000,120.000,120.000,120.000,120.000,120.000,120.000,120.000,120.000,120.000,120.000,120.000,120.000,120.000,120.000,120.000,120.000,120.000,120.000,120.000,120.000,120.000,120.000,120.000,120.000,120.000,120.000
60.000,60.000,60.000,60.000,60.000,60.000,60.000,60.000,60.000,60.000,60.000,60.000,60.000,60.000,60.000,60.000,60.000,60.000,60.000,60.000,60.000,60.000,60.000,60.000,60.000,60.000,60.000,60.000,60.000,60.000,60.000,60.000,60.000,60.000,60.000,60.000,60.000,60.000,60.000,60.000,60.000,60.000,60.000,60.000,60.000,60.000,60.000,60.000,60.000,60.000,60.000,60.000,60.000,60.000,60.000,60.000,60.000,60.000,60.000,60.000,60.000,60.000,60.000,60.000,60.000,60.000,60.000,60.000,60.000,60.000,60.000,60.000,60.000,60.000,60.000,60.000,60.000,60.000,60.000,60.000,60.000,60.000,60.000,60.000,60.000,60.000,60.000,60.000,60.000,60.000,60.000,60.000,60.000,60.000,60.000,60.000,60.000,60.000,60.000,60.000,60.000,60.000,60.000,60.000,60.000,60.000,60.000,60.000,60.000,60.000,60.000,60.000,60.000,60.000,60.000,60.000,60.000,60.000,60.000,60.000,60.000,60.000,60.000,60.000,60.000,60.000,60.000,60.000,60.000,60.000,60.000,60.000,60.000,60.000,60.000,60.000,60.000,60.000,60.000,60.000,60.000,60.000,60.000,60.000,60.000,60.000,60.000,60.000,60.000,60.000,60.000,60.000,60.000,60.000,60.000,60.000,60.000,60.000,60.000,60.000,60.000,60.000,60.000,60.000,60.000,60.000,60.000,60.000,60.000,60.000,60.000,60.000,60.000,60.000,60.000,60.000,60.000,60.000,60.000,60.000,60.000,60.000,60.000,60.000,60.000,60.000,60.000,60.000,60.000,60.000,60.000,60.000,60.000,60.000,60.000,60.000,60.000,60.000,60.000,60.000,60.000,60.000,60.000,60.000,60.000,60.000,60.000,60.000,60.000,60.000,60.000,60.000,60.000,60.000,60.000,60.000,60.000,60.000,60.000,60.000,60.000,60.000,60.000,60.000,60.000,60.000,60.000,60.000,60.000,60.000,60.000,60.000,60.000,60.000,60.000,60.000,60.000,60.000,60.000,60.121,60.263,60.404,60.546,60.688,60.831,60.974,61.117,61.261,61.405,61.549,61.694,61.838,61.984,62.129,62.276,62.422,62.569,62.716,62.863,63.011,63.159,63.308,63.457,63.606,63.756,63.906,64.057,64.208,64.359,64.511,64.663,64.815,64.968,65.122,65.275,65.430,65.584,65.739,65.895,66.051,66.207,66.364,66.521,66.679,66.837,66.995,67.154,67.314,67.474,67.634,67.795,67.956,68.118,68.281,68.443,68.607,68.771,68.935,69.100,69.265,69.431,69.598,69.765,69.932,70.100,70.269,70.438,70.608,70.778,70.949,71.120,71.292,71.465,71.638,71.812,71.986,72.161,72.337,72.513,72.690,72.867,73.045,73.224,73.404,73.584,73.764,73.946,74.128,74.311,74.495,74.679,74.864,75.050,75.236,75.423,75.611,75.800,75.990,76.180,76.371,76.563,76.756,76.949,77.144,77.339,77.535,77.732,77.930,78.128,78.328,78.529,78.730,78.933,79.136,79.340,79.546,79.752,79.960,80.168,80.377,80.588,80.800,81.012,81.226,81.441,81.657,81.874,82.093,82.312,82.533,82.755,82.979,83.203,83.429,83.657,83.885,84.115,84.347,84.580,84.814,85.050,85.287,85.526,85.767,86.009,86.253,86.498,86.745,86.994,87.245,87.497,87.752,88.008,88.266,88.526,88.789,89.053,89.319,89.588,89.859,90.132,90.408,90.686,90.966,91.250,91.535,91.824,92.115,92.409,92.706,93.006,93.310,93.616,93.926,94.239,94.556,94.877,95.201,95.530,95.862,96.199,96.540,96.886,97.237,97.593,97.954,98.320,98.693,99.071,99.456,99.847,100.246,100.652,101.065,101.487,101.918,102.359,102.809,103.270,103.743,104.228,104.727,105.240,105.770,106.317,106.884,107.472,108.085,108.726,109.398,110.107,110.860,111.664,112.532,113.479,114.531,115.721,117.094,118.623,119.921,120.000,120.000,120.000,120.000,120.000,120.000,120.000,120.000,120.000,120.000,120.000,120.000,120.000,120.000,120.000,120.000,120.000,120.000,120.000,120.000,120.000,120.000,120.000,120.000,120.000,120.000,120.000,120.000,120.000,120.000
60.000,60.000,60.000,60.000,60.000,60.000,60.000,60.000,60.000,60.000,60.000,60.000,60.000,60.000,60.000,60.000,60.000,60.000,60.000,60.000,60.000,60.000,60.000,60.000,60.000,60.000,60.000,60.000,60.000,60.000,60.000,60.000,60.000,60.000,60.000,60.000,60.000,60.000,60.000,60.000,60.000,60.000,60.000,60.000,60.000,60.000,60.000,60.000,60.000,60.000,60.000,60.000,60.000,60.000,60.000,60.000,60.000,60.000,60.000,60.000,60.000,60.000,60.000,60.000,60.000,60.000,60.000,60.000,60.000,60.000,60.000,60.000,60.000,60.000,60.000,60.000,60.000,60.000,60.000,60.000,60.000,60.000,60.000,60.000,60.000,60.000,60.000,60.000,60.000,60.000,60.000,60.000,60.000,60.000,60.000,60.000,60.000,60.000,60.000,60.000,60.000,60.000,60.000,60.000,60.000,60.000,60.000,60.000,60.000,60.000,60.000,60.000,60.000,60.000,60.000,60.000,60.000,60.000,60.000,60.000,60.000,60.000,60.000,60.000,60.000,60.000,60.000,60.000,60.000,60.000,60.000,60.000,60.000,60.000,60.000,60.000,60.000,60.000,60.000,60.000,60.000,60.000,60.000,60.000,60.000,60.000,60.000,60.000,60.000,60.000,60.000,60.000,60.000,60.000,60.000,60.000,60.000,60.000,60.000,60.000,60.000,60.000,60.000,60.000,60.000,60.000,60.000,60.000,60.000,60.000,60.000,60.000,60.000,60.000,60.000,60.000,60.000,60.000,60.000,60.000,60.000,60.000,60.000,60.000,60.000,60.000,60.000,60.000,60.000,60.000,60.000,60.000,60.000,60.000,60.000,60.000,60.000,60.000,60.000,60.000,60.000,60.000,60.000,60.000,60.000,60.000,60.000,60.000,60.000,60.000,60.000,60.000,60.000,60.000,60.000,60.000,60.000,60.000,60.000,60.000,60.000,60.000,60.000,60.000,60.000,60.000,60.000,60.000,60.000,60.000,60.000,60.000,60.000,60.000,60.000,60.000,60.000,60.000,60.000,60.121,60.263,60.404,60.546,60.689,60.831,60.974,61.117,61.261,61.405,61.549,61.694,61.839,61.984,62.130,62.276,62.422,62.569,62.716,62.864,63.011,63.160,63.308,63.457,63.607,63.756,63.906,64.057,64.208,64.359,64.511,64.663,64.816,64.969,65.122,65.276,65.430,65.584,65.739,65.895,66.051,66.207,66.364,66.521,66.679,66.837,66.995,67.154,67.314,67.474,67.634,67.795,67.957,68.119,68.281,68.444,68.607,68.771,68.935,69.100,69.266,69.431,69.598,69.765,69.932,70.100,70.269,70.438,70.608,70.778,70.949,71.120,71.292,71.465,71.638,71.812,71.986,72.161,72.337,72.513,72.690,72.867,73.046,73.224,73.404,73.584,73.765,73.946,74.128,74.311,74.495,74.679,74.864,75.050,75.236,75.424,75.612,75.800,75.990,76.180,76.371,76.563,76.756,76.949,77.144,77.339,77.535,77.732,77.930,78.129,78.328,78.529,78.730,78.933,79.136,79.341,79.546,79.752,79.960,80.168,80.378,80.588,80.800,81.013,81.226,81.441,81.657,81.875,82.093,82.313,82.534,82.756,82.979,83.204,83.430,83.657,83.886,84.116,84.347,84.580,84.814,85.050,85.288,85.527,85.767,86.009,86.253,86.498,86.746,86.994,87.245,87.498,87.752,88.008,88.267,88.527,88.789,89.053,89.320,89.589,89.859,90.133,90.408,90.686,90.967,91.250,91.536,91.824,92.116,92.410,92.707,93.007,93.310,93.617,93.926,94.240,94.557,94.877,95.202,95.530,95.863,96.200,96.541,96.887,97.238,97.594,97.955,98.321,98.694,99.072,99.457,99.848,100.247,100.653,101.066,101.488,101.919,102.360,102.810,103.271,103.744,104.229,104.728,105.242,105.771,106.319,106.886,107.474,108.087,108.728,109.401,110.110,110.863,111.668,112.536,113.485,114.539,115.732,117.109,118.648,119.949,120.000,120.000,120.000,120.000,120.000,120.000,120.000,120.000,120.000,120.000,120.000,120.000,120.000,120.000,120.000,120.000,120.000,120.000,120.000,120.000,120.000,120.000,120.000,120.000,120.000,120.000,120.000,120.000,120.000,120.000
60.000,60.000,60.000,60.000,60.000,60.000,60.000,60.000,60.000,60.000,60.000,60.000,60.000,60.000,60.000,60.000,60.000,60.000,60.000,60.000,60.000,60.000,60.000,60.000,60.000,60.000,60.000,60.000,60.000,60.000,60.000,60.000,60.000,60.000,60.000,60.000,60.000,60.000,60.000,60.000,60.000,60.000,60.000,60.000,60.000,60.000,60.000,60.000,60.000,60.000,60.000,60.000,60.000,60.000,60.000,60.000,60.000,60.000,60.000,60.000,60.000,60.000,60.000,60.000,60.000,60.000,60.000,60.000,60.000,60.000,60.000,60.000,60.000,60.000,60.000,60.000,60.000,60.000,60.000,60.000,60.000,60.000,60.000,60.000,60.000,60.000,60.000,60.000,60.000,60.000,60.000,60.000,60.000,60.000,60.000,60.000,60.000,60.000,60.000,60.000,60.000,60.000,60.000,60.000,60.000,60.000,60.000,60.000,60.000,60.000,60.000,60.000,60.000,60.000,60.000,60.000,60.000,60.000,60.000,60.000,60.000,60.000,60.000,60.000,60.000,60.000,60.000,60.000,60.000,60.000,60.000,60.000,60.000,60.000,60.000,60.000,60.000,60.000,60.000,60.000,60.000,60.000,60.000,60.000,60.000,60.000,60.000,60.000,60.000,60.000,60.000,60.000,60.000,60.000,60.000,60.000,60.000,60.000,60.000,60.000,60.000,60.000,60.000,60.000,60.000,60.000,60.000,60.000,60.000,60.000,60.000,60.000,60.000,60.000,60.000,60.000,60.000,60.000,60.000,60.000,60.000,60.000,60.000,60.000,60.000,60.000,60.000,60.000,60.000,60.000,60.000,60.000,60.000,60.000,60.000,60.000,60.000,60.000,60.000,60.000,60.000,60.000,60.000,60.000,60.000,60.000,60.000,60.000,60.000,60.000,60.000,60.000,60.000,60.000,60.000,60.000,60.000,60.000,60.000,60.000,60.000,60.000,60.000,60.000,60.000,60.000,60.000,60.000,60.000,60.000,60.000,60.000,60.000,60.000,60.000,60.000,60.000,60.000,60.000,60.122,60.263,60.405,60.547,60.689,60.831,60.974,61.118,61.261,61.405,61.549,61.694,61.839,61.984,62.130,62.276,62.422,62.569,62.716,62.864,63.012,63.160,63.309,63.458,63.607,63.757,63.907,64.057,64.208,64.360,64.511,64.663,64.816,64.969,65.122,65.276,65.430,65.585,65.740,65.895,66.051,66.207,66.364,66.521,66.679,66.837,66.996,67.155,67.314,67.474,67.635,67.796,67.957,68.119,68.281,68.444,68.607,68.771,68.936,69.100,69.266,69.432,69.598,69.765,69.933,70.101,70.269,70.438,70.608,70.778,70.949,71.121,71.293,71.465,71.638,71.812,71.987,72.162,72.337,72.513,72.690,72.868,73.046,73.225,73.404,73.584,73.765,73.947,74.129,74.312,74.495,74.679,74.864,75.050,75.237,75.424,75.612,75.801,75.990,76.180,76.372,76.563,76.756,76.950,77.144,77.339,77.535,77.732,77.930,78.129,78.329,78.529,78.731,78.933,79.137,79.341,79.546,79.753,79.960,80.169,80.378,80.589,80.800,81.013,81.227,81.442,81.658,81.875,82.093,82.313,82.534,82.756,82.979,83.204,83.430,83.657,83.886,84.116,84.348,84.580,84.815,85.051,85.288,85.527,85.768,86.010,86.253,86.499,86.746,86.995,87.246,87.498,87.752,88.009,88.267,88.527,88.789,89.054,89.320,89.589,89.860,90.133,90.409,90.687,90.967,91.251,91.536,91.825,92.116,92.410,92.707,93.007,93.311,93.617,93.927,94.240,94.557,94.878,95.202,95.531,95.863,96.200,96.542,96.888,97.238,97.594,97.955,98.322,98.694,99.073,99.458,99.849,100.248,100.653,101.067,101.489,101.920,102.361,102.811,103.272,103.745,104.231,104.729,105.243,105.773,106.320,106.887,107.476,108.089,108.731,109.403,110.113,110.866,111.672,112.541,113.491,114.546,115.742,117.125,118.673,119.976,120.000,120.000,120.000,120.000,120.000,120.000,120.000,120.000,120.000,120.000,120.000,120.000,120.000,120.000,120.000,120.000,120.000,120.000,120.000,120.000,120.000,120.000,120.000,120.000,120.000,120.000,120.000,120.000,120.000,120.000
60.000,60.000,60.000,60.000,60.000,60.000,60.000,60.000,60.000,60.000,60.000,60.000,60.000,60.000,60.000,60.000,60.000,60.000,60.000,60.000,60.000,60.000,60.000,60.000,60.000,60.000,60.000,60.000,60.000,60.000,60.000,60.000,60.000,60.000,60.000,60.000,60.000,60.000,60.000,60.000,60.000,60.000,60.000,60.000,60.000,60.000,60.000,60.000,60.000,60.000,60.000,60.000,60.000,60.000,60.000,60.000,60.000,60.000,60.000,60.000,60.000,60.000,60.000,60.000,60.000,60.000,60.000,60.000,60.000,60.000,60.000,60.000,60.000,60.000,60.000,60.000,60.000,60.000,60.000,60.000,60.000,60.000,60.000,60.000,60.000,60.000,60.000,60.000,60.000,60.000,60.000,60.000,60.000,60.000,60.000,60.000,60.000,60.000,60.000,60.000,60.000,60.000,60.000,60.000,60.000,60.000,60.000,60.000,60.000,60.000,60.000,60.000,60.000,60.000,60.000,60.000,60.000,60.000,60.000,60.000,60.000,60.000,60.000,60.000,60.000,60.000,60.000,60.000,60.000,60.000,60.000,60.000,60.000,60.000,60.000,60.000,60.000,60.000,60.000,60.000,60.000,60.000,60.000,60.000,60.000,60.000,60.000,60.000,60.000,60.000,60.000,60.000,60.000,60.000,60.000,60.000,60.000,60.000,60.000,60.000,60.000,60.000,60.000,60.000,60.000,60.000,60.000,60.000,60.000,60.000,60.000,60.000,60.000,60.000,60.000,60.000,60.000,60.000,60.000,60.000,60.000,60.000,60.000,60.000,60.000,60.000,60.000,60.000,60.000,60.000,60.000,60.000,60.000,60.000,60.000,60.000,60.000,60.000,60.000,60.000,60.000,60.000,60.000,60.000,60.000,60.000,60.000,60.000,60.000,60.000,60.000,60.000,60.000,60.000,60.000,60.000,60.000,60.000,60.000,60.000,60.000,60.000,60.000,60.000,60.000,60.000,60.000,60.000,60.000,60.000,60.000,60.000,60.000,60.000,60.000,60.000,60.000,60.000,60.000,60.122,60.263,60.405,60.547,60.689,60.832,60.975,61.118,61.261,61.405,61.550,61.694,61.839,61.985,62.130,62.276,62.423,62.569,62.717,62.864,63.012,63.160,63.309,63.458,63.607,63.757,63.907,64.058,64.208,64.360,64.511,64.664,64.816,64.969,65.122,65.276,65.430,65.585,65.740,65.895,66.051,66.208,66.364,66.522,66.679,66.837,66.996,67.155,67.314,67.474,67.635,67.796,67.957,68.119,68.281,68.444,68.608,68.771,68.936,69.101,69.266,69.432,69.598,69.765,69.933,70.101,70.270,70.439,70.608,70.779,70.949,71.121,71.293,71.465,71.639,71.812,71.987,72.162,72.337,72.514,72.690,72.868,73.046,73.225,73.404,73.585,73.765,73.947,74.129,74.312,74.495,74.680,74.865,75.050,75.237,75.424,75.612,75.801,75.990,76.181,76.372,76.564,76.756,76.950,77.144,77.340,77.536,77.733,77.931,78.129,78.329,78.530,78.731,78.934,79.137,79.341,79.547,79.753,79.960,80.169,80.378,80.589,80.801,81.013,81.227,81.442,81.658,81.875,82.094,82.313,82.534,82.756,82.980,83.204,83.430,83.658,83.886,84.116,84.348,84.581,84.815,85.051,85.288,85.527,85.768,86.010,86.254,86.499,86.746,86.995,87.246,87.498,87.753,88.009,88.267,88.528,88.790,89.054,89.321,89.589,89.860,90.134,90.409,90.687,90.968,91.251,91.537,91.825,92.117,92.411,92.708,93.008,93.311,93.618,93.928,94.241,94.558,94.878,95.203,95.531,95.864,96.201,96.542,96.888,97.239,97.595,97.956,98.323,98.695,99.074,99.458,99.850,100.248,100.654,101.068,101.490,101.921,102.362,102.812,103.274,103.746,104.232,104.731,105.245,105.774,106.322,106.889,107.478,108.092,108.733,109.406,110.116,110.870,111.675,112.546,113.497,114.554,115.753,117.142,118.699,120.000,120.000,120.000,120.000,120.000,120.000,120.000,120.000,120.000,120.000,120.000,120.000,120.000,120.000,120.000,120.000,120.000,120.000,120.000,120.000,120.000,120.000,120.000,120.000,120.000,120.000,120.000,120.000,120.000,120.000,120.000
60.000,60.000,60.000,60.000,60.000,60.000,60.000,60.000,60.000,60.000,60.000,60.000,60.000,60.000,60.000,60.000,60.000,60.000,60.000,60.000,60.000,60.000,60.000,60.000,60.000,60.000,60.000,60.000,60.000,60.000,60.000,60.000,60.000,60.000,60.000,60.000,60.000,60.000,60.000,60.000,60.000,60.000,60.000,60.000,60.000,60.000,60.000,60.000,60.000,60.000,60.000,60.000,60.000,60.000,60.000,60.000,60.000,60.000,60.000,60.000,60.000,60.000,60.000,60.000,60.000,60.000,60.000,60.000,60.000,60.000,60.000,60.000,60.000,60.000,60.000,60.000,60.000,60.000,60.000,60.000,60.000,60.000,60.000,60.000,60.000,60.000,60.000,60.000,60.000,60.000,60.000,60.000,60.000,60.000,60.000,60.000,60.000,60.000,60.000,60.000,60.000,60.000,60.000,60.000,60.000,60.000,60.000,60.000,60.000,60.000,60.000,60.000,60.000,60.000,60.000,60.000,60.000,60.000,60.000,60.000,60.000,60.000,60.000,60.000,60.000,60.000,60.000,60.000,60.000,60.000,60.000,60.000,60.000,60.000,60.000,60.000,60.000,60.000,60.000,60.000,60.000,60.000,60.000,60.000,60.000,60.000,60.000,60.000,60.000,60.000,60.000,60.000,60.000,60.000,60.000,60.000,60.000,60.000,60.000,60.000,60.000,60.000,60.000,60.000,60.000,60.000,60.000,60.000,60.000,60.000,60.000,60.000,60.000,60.000,60.000,60.000,60.000,60.000,60.000,60.000,60.000,60.000,60.000,60.000,60.000,60.000,60.000,60.000,60.000,60.000,60.000,60.000,60.000,60.000,60.000,60.000,60.000,60.000,60.000,60.000,60.000,60.000,60.000,60.000,60.000,60.000,60.000,60.000,60.000,60.000,60.000,60.000,60.000,60.000,60.000,60.000,60.000,60.000,60.000,60.000,60.000,60.000,60.000,60.000,60.000,60.000,60.000,60.000,60.000,60.000,60.000,60.000,60.000,60.000,60.000,60.000,60.000,60.000,60.000,60.122,60.264,60.405,60.547,60.689,60.832,60.975,61.118,61.262,61.406,61.550,61.695,61.840,61.985,62.131,62.277,62.423,62.570,62.717,62.864,63.012,63.160,63.309,63.458,63.607,63.757,63.907,64.058,64.209,64.360,64.512,64.664,64.816,64.969,65.123,65.276,65.431,65.585,65.740,65.896,66.052,66.208,66.365,66.522,66.680,66.838,66.996,67.155,67.315,67.475,67.635,67.796,67.957,68.119,68.282,68.445,68.608,68.772,68.936,69.101,69.266,69.432,69.599,69.766,69.933,70.101,70.270,70.439,70.609,70.779,70.950,71.121,71.293,71.466,71.639,71.813,71.987,72.162,72.338,72.514,72.691,72.868,73.046,73.225,73.405,73.585,73.766,73.947,74.129,74.312,74.496,74.680,74.865,75.051,75.237,75.424,75.612,75.801,75.991,76.181,76.372,76.564,76.757,76.950,77.145,77.340,77.536,77.733,77.931,78.130,78.329,78.530,78.731,78.934,79.137,79.342,79.547,79.753,79.961,80.169,80.379,80.589,80.801,81.014,81.227,81.442,81.658,81.876,82.094,82.314,82.535,82.757,82.980,83.205,83.431,83.658,83.887,84.117,84.348,84.581,84.816,85.051,85.289,85.528,85.768,86.010,86.254,86.500,86.747,86.996,87.246,87.499,87.753,88.010,88.268,88.528,88.790,89.055,89.321,89.590,89.861,90.134,90.410,90.688,90.968,91.251,91.537,91.826,92.117,92.411,92.708,93.008,93.312,93.618,93.928,94.241,94.558,94.879,95.204,95.532,95.865,96.202,96.543,96.889,97.240,97.596,97.957,98.323,98.696,99.074,99.459,99.851,100.249,100.655,101.069,101.491,101.922,102.363,102.813,103.275,103.748,104.233,104.732,105.246,105.776,106.324,106.891,107.480,108.094,108.735,109.408,110.119,110.873,111.679,112.550,113.502,114.561,115.763,117.158,118.725,120.000,120.000,120.000,120.000,120.000,120.000,120.000,120.000,120.000,120.000,120.000,120.000,120.000,120.000,120.000,120.000,120.000,120.000,120.000,120.000,120.000,120.000,120.000,120.000,120.000,120.000,120.000,120.000,120.000,120.000,120.000
60.000,60.000,60.000,60.000,60.000,60.000,60.000,60.000,60.000,60.000,60.000,60.000,60.000,60.000,60.000,60.000,60.000,60.000,60.000,60.000,60.000,60.000,60.000,60.000,60.000,60.000,60.000,60.000,60.000,60.000,60.000,60.000,60.000,60.000,60.000,60.000,60.000,60.000,60.000,60.000,60.000,60.000,60.000,60.000,60.000,60.000,60.000,60.000,60.000,60.000,60.000,60.000,60.000,60.000,60.000,60.000,60.000,60.000,60.000,60.000,60.000,60.000,60.000,60.000,60.000,60.000,60.000,60.000,60.000,60.000,60.000,60.000,60.000,60.000,60.000,60.000,60.000,60.000,60.000,60.000,60.000,60.000,60.000,60.000,60.000,60.000,60.000,60.000,60.000,60.000,60.000,60.000,60.000,60.000,60.000,60.000,60.000,60.000,60.000,60.000,60.000,60.000,60.000,60.000,60.000,60.000,60.000,60.000,60.000,60.000,60.000,60.000,60.000,60.000,60.000,60.000,60.000,60.000,60.000,60.000,60.000,60.000,60.000,60.000,60.000,60.000,60.000,60.000,60.000,60.000,60.000,60.000,60.000,60.000,60.000,60.000,60.000,60.000,60.000,60.000,60.000,60.000,60.000,60.000,60.000,60.000,60.000,60.000,60.000,60.000,60.000,60.000,60.000,60.000,60.000,60.000,60.000,60.000,60.000,60.000,60.000,60.000,60.000,60.000,60.000,60.000,60.000,60.000,60.000,60.000,60.000,60.000,60.000,60.000,60.000,60.000,60.000,60.000,60.000,60.000,60.000,60.000,60.000,60.000,60.000,60.000,60.000,60.000,60.000,60.000,60.000,60.000,60.000,60.000,60.000,60.000,60.000,60.000,60.000,60.000,60.000,60.000,60.000,60.000,60.000,60.000,60.000,60.000,60.000,60.000,60.000,60.000,60.000,60.000,60.000,60.000,60.000,60.000,60.000,60.000,60.000,60.000,60.000,60.000,60.000,60.000,60.000,60.000,60.000,60.000,60.000,60.000,60.000,60.000,60.000,60.000,60.000,60.000,60.000,60.122,60.264,60.405,60.547,60.690,60.832,60.975,61.118,61.262,61.406,61.550,61.695,61.840,61.985,62.131,62.277,62.423,62.570,62.717,62.865,63.012,63.161,63.309,63.458,63.608,63.757,63.908,64.058,64.209,64.360,64.512,64.664,64.817,64.970,65.123,65.277,65.431,65.585,65.741,65.896,66.052,66.208,66.365,66.522,66.680,66.838,66.997,67.156,67.315,67.475,67.635,67.796,67.958,68.120,68.282,68.445,68.608,68.772,68.936,69.101,69.267,69.433,69.599,69.766,69.933,70.101,70.270,70.439,70.609,70.779,70.950,71.121,71.293,71.466,71.639,71.813,71.987,72.162,72.338,72.514,72.691,72.869,73.047,73.226,73.405,73.585,73.766,73.947,74.130,74.312,74.496,74.680,74.865,75.051,75.238,75.425,75.613,75.801,75.991,76.181,76.372,76.564,76.757,76.951,77.145,77.340,77.536,77.733,77.931,78.130,78.330,78.530,78.732,78.934,79.138,79.342,79.547,79.754,79.961,80.170,80.379,80.590,80.801,81.014,81.228,81.443,81.659,81.876,82.094,82.314,82.535,82.757,82.980,83.205,83.431,83.658,83.887,84.117,84.349,84.582,84.816,85.052,85.289,85.528,85.769,86.011,86.255,86.500,86.747,86.996,87.247,87.499,87.754,88.010,88.268,88.528,88.791,89.055,89.322,89.590,89.861,90.135,90.410,90.688,90.969,91.252,91.538,91.826,92.117,92.412,92.709,93.009,93.312,93.619,93.929,94.242,94.559,94.880,95.204,95.533,95.865,96.202,96.544,96.890,97.240,97.596,97.957,98.324,98.697,99.075,99.460,99.851,100.250,100.656,101.070,101.492,101.923,102.364,102.814,103.276,103.749,104.234,104.734,105.247,105.777,106.325,106.893,107.482,108.096,108.737,109.411,110.122,110.876,111.683,112.555,113.508,114.569,115.774,117.174,118.751,120.000,120.000,120.000,120.000,120.000,120.000,120.000,120.000,120.000,120.000,120.000,120.000,120.000,120.000,120.000,120.000,120.000,120.000,120.000,120.000,120.000,120.000,120.000,120.000,120.000,120.000,120.000,120.000,120.000,120.000,120.000
60.000,60.000,60.000,60.000,60.000,60.000,60.000,60.000,60.000,60.000,60.000,60.000,60.000,60.000,60.000,60.000,60.000,60.000,60.000,60.000,60.000,60.000,60.000,60.000,60.000,60.000,60.000,60.000,60.000,60.000,60.000,60.000,60.000,60.000,60.000,60.000,60.000,60.000,60.000,60.000,60.000,60.000,60.000,60.000,60.000,60.000,60.000,60.000,60.000,60.000,60.000,60.000,60.000,60.000,60.000,60.000,60.000,60.000,60.000,60.000,60.000,60.000,60.000,60.000,60.000,60.000,60.000,60.000,60.000,60.000,60.000,60.000,60.000,60.000,60.000,60.000,60.000,60.000,60.000,60.000,60.000,60.000,60.000,60.000,60.000,60.000,60.000,60.000,60.000,60.000,60.000,60.000,60.000,60.000,60.000,60.000,60.000,60.000,60.000,60.000,60.000,60.000,60.000,60.000,60.000,60.000,60.000,60.000,60.000,60.000,60.000,60.000,60.000,60.000,60.000,60.000,60.000,60.000,60.000,60.000,60.000,60.000,60.000,60.000,60.000,60.000,60.000,60.000,60.000,60.000,60.000,60.000,60.000,60.000,60.000,60.000,60.000,60.000,60.000,60.000,60.000,60.000,60.000,60.000,60.000,60.000,60.000,60.000,60.000,60.000,60.000,60.000,60.000,60.000,60.000,60.000,60.000,60.000,60.000,60.000,60.000,60.000,60.000,60.000,60.000,60.000,60.000,60.000,60.000,60.000,60.000,60.000,60.000,60.000,60.000,60.000,60.000,60.000,60.000,60.000,60.000,60.000,60.000,60.000,60.000,60.000,60.000,60.000,60.000,60.000,60.000,60.000,60.000,60.000,60.000,60.000,60.000,60.000,60.000,60.000,60.000,60.000,60.000,60.000,60.000,60.000,60.000,60.000,60.000,60.000,60.000,60.000,60.000,60.000,60.000,60.000,60.000,60.000,60.000,60.000,60.000,60.000,60.000,60.000,60.000,60.000,60.000,60.000,60.000,60.000,60.000,60.000,60.000,60.000,60.000,60.000,60.000,60.000,60.000,60.123,60.264,60.406,60.548,60.690,60.832,60.975,61.119,61.262,61.406,61.550,61.695,61.840,61.985,62.131,62.277,62.423,62.570,62.717,62.865,63.013,63.161,63.310,63.459,63.608,63.758,63.908,64.058,64.209,64.361,64.512,64.664,64.817,64.970,65.123,65.277,65.431,65.586,65.741,65.896,66.052,66.208,66.365,66.522,66.680,66.838,66.997,67.156,67.315,67.475,67.636,67.797,67.958,68.120,68.282,68.445,68.608,68.772,68.937,69.102,69.267,69.433,69.599,69.766,69.934,70.102,70.270,70.440,70.609,70.779,70.950,71.122,71.294,71.466,71.639,71.813,71.988,72.163,72.338,72.514,72.691,72.869,73.047,73.226,73.405,73.585,73.766,73.948,74.130,74.313,74.496,74.681,74.866,75.051,75.238,75.425,75.613,75.802,75.991,76.182,76.373,76.565,76.757,76.951,77.145,77.341,77.537,77.734,77.932,78.130,78.330,78.531,78.732,78.935,79.138,79.342,79.548,79.754,79.961,80.170,80.379,80.590,80.801,81.014,81.228,81.443,81.659,81.876,82.095,82.314,82.535,82.757,82.981,83.205,83.431,83.659,83.887,84.118,84.349,84.582,84.816,85.052,85.290,85.529,85.769,86.011,86.255,86.500,86.748,86.996,87.247,87.500,87.754,88.010,88.269,88.529,88.791,89.055,89.322,89.591,89.862,90.135,90.411,90.689,90.969,91.252,91.538,91.827,92.118,92.412,92.709,93.009,93.313,93.619,93.929,94.243,94.560,94.880,95.205,95.533,95.866,96.203,96.544,96.890,97.241,97.597,97.958,98.325,98.697,99.076,99.461,99.852,100.251,100.657,101.071,101.493,101.924,102.365,102.815,103.277,103.750,104.236,104.735,105.249,105.779,106.327,106.894,107.484,108.098,108.740,109.414,110.125,110.880,111.687,112.560,113.514,114.576,115.785,117.191,118.778,120.000,120.000,120.000,120.000,120.000,120.000,120.000,120.000,120.000,120.000,120.000,120.000,120.000,120.000,120.000,120.000,120.000,120.000,120.000,120.000,120.000,120.000,120.000,120.000,120.000,120.000,120.000,120.000,120.000,120.000,120.000
60.000,60.000,60.000,60.000,60.000,60.000,60.000,60.000,60.000,60.000,60.000,60.000,60.000,60.000,60.000,60.000,60.000,60.000,60.000,60.000,60.000,60.000,60.000,60.000,60.000,60.000,60.000,60.000,60.000,60.000,60.000,60.000,60.000,60.000,60.000,60.000,60.000,60.000,60.000,60.000,60.000,60.000,60.000,60.000,60.000,60.000,60.000,60.000,60.000,60.000,60.000,60.000,60.000,60.000,60.000,60.000,60.000,60.000,60.000,60.000,60.000,60.000,60.000,60.000,60.000,60.000,60.000,60.000,60.000,60.000,60.000,60.000,60.000,60.000,60.000,60.000,60.000,60.000,60.000,60.000,60.000,60.000,60.000,60.000,60.000,60.000,60.000,60.000,60.000,60.000,60.000,60.000,60.000,60.000,60.000,60.000,60.000,60.000,60.000,60.000,60.000,60.000,60.000,60.000,60.000,60.000,60.000,60.000,60.000,60.000,60.000,60.000,60.000,60.000,60.000,60.000,60.000,60.000,60.000,60.000,60.000,60.000,60.000,60.000,60.000,60.000,60.000,60.000,60.000,60.000,60.000,60.000,60.000,60.000,60.000,60.000,60.000,60.000,60.000,60.000,60.000,60.000,60.000,60.000,60.000,60.000,60.000,60.000,60.000,60.000,60.000,60.000,60.000,60.000,60.000,60.000,60.000,60.000,60.000,60.000,60.000,60.000,60.000,60.000,60.000,60.000,60.000,60.000,60.000,60.000,60.000,60.000,60.000,60.000,60.000,60.000,60.000,60.000,60.000,60.000,60.000,60.000,60.000,60.000,60.000,60.000,60.000,60.000,60.000,60.000,60.000,60.000,60.000,60.000,60.000,60.000,60.000,60.000,60.000,60.000,60.000,60.000,60.000,60.000,60.000,60.000,60.000,60.000,60.000,60.000,60.000,60.000,60.000,60.000,60.000,60.000,60.000,60.000,60.000,60.000,60.000,60.000,60.000,60.000,60.000,60.000,60.000,60.000,60.000,60.000,60.000,60.000,60.000,60.000,60.000,60.000,60.000,60.000,60.000,60.123,60.264,60.406,60.548,60.690,60.833,60.976,61.119,61.262,61.406,61.551,61.695,61.840,61.986,62.131,62.277,62.424,62.570,62.718,62.865,63.013,63.161,63.310,63.459,63.608,63.758,63.908,64.059,64.209,64.361,64.513,64.665,64.817,64.970,65.123,65.277,65.431,65.586,65.741,65.896,66.052,66.209,66.365,66.523,66.680,66.838,66.997,67.156,67.316,67.476,67.636,67.797,67.958,68.120,68.282,68.445,68.609,68.773,68.937,69.102,69.267,69.433,69.600,69.766,69.934,70.102,70.271,70.440,70.609,70.780,70.951,71.122,71.294,71.467,71.640,71.814,71.988,72.163,72.339,72.515,72.692,72.869,73.047,73.226,73.406,73.586,73.766,73.948,74.130,74.313,74.497,74.681,74.866,75.052,75.238,75.425,75.613,75.802,75.992,76.182,76.373,76.565,76.758,76.951,77.146,77.341,77.537,77.734,77.932,78.131,78.330,78.531,78.732,78.935,79.138,79.343,79.548,79.754,79.962,80.170,80.380,80.590,80.802,81.015,81.228,81.443,81.659,81.877,82.095,82.315,82.536,82.758,82.981,83.206,83.432,83.659,83.888,84.118,84.349,84.582,84.817,85.053,85.290,85.529,85.769,86.012,86.255,86.501,86.748,86.997,87.248,87.500,87.754,88.011,88.269,88.529,88.792,89.056,89.322,89.591,89.862,90.135,90.411,90.689,90.970,91.253,91.539,91.827,92.118,92.413,92.710,93.010,93.313,93.620,93.930,94.243,94.560,94.881,95.205,95.534,95.866,96.203,96.545,96.891,97.242,97.598,97.959,98.326,98.698,99.077,99.462,99.853,100.252,100.658,101.072,101.494,101.925,102.366,102.817,103.278,103.751,104.237,104.736,105.250,105.780,106.328,106.896,107.486,108.100,108.742,109.416,110.128,110.883,111.691,112.564,113.520,114.584,115.796,117.208,118.805,120.000,120.000,120.000,120.000,120.000,120.000,120.000,120.000,120.000,120.000,120.000,120.000,120.000,120.000,120.000,120.000,120.000,120.000,120.000,120.000,120.000,120.000,120.000,120.000,120.000,120.000,120.000,120.000,120.000,120.000,120.000
60.000,60.000,60.000,60.000,60.000,60.000,60.000,60.000,60.000,60.000,60.000,60.000,60.000,60.000,60.000,60.000,60.000,60.000,60.000,60.000,60.000,60.000,60.000,60.000,60.000,60.000,60.000,60.000,60.000,60.000,60.000,60.000,60.000,60.000,60.000,60.000,60.000,60.000,60.000,60.000,60.000,60.000,60.000,60.000,60.000,60.000,60.000,60.000,60.000,60.000,60.000,60.000,60.000,60.000,60.000,60.000,60.000,60.000,60.000,60.000,60.000,60.000,60.000,60.000,60.000,60.000,60.000,60.000,60.000,60.000,60.000,60.000,60.000,60.000,60.000,60.000,60.000,60.000,60.000,60.000,60.000,60.000,60.000,60.000,60.000,60.000,60.000,60.000,60.000,60.000,60.000,60.000,60.000,60.000,60.000,60.000,60.000,60.000,60.000,60.000,60.000,60.000,60.000,60.000,60.000,60.000,60.000,60.000,60.000,60.000,60.000,60.000,60.000,60.000,60.000,60.000,60.000,60.000,60.000,60.000,60.000,60.000,60.000,60.000,60.000,60.000,60.000,60.000,60.000,60.000,60.000,60.000,60.000,60.000,60.000,60.000,60.000,60.000,60.000,60.000,60.000,60.000,60.000,60.000,60.000,60.000,60.000,60.000,60.000,60.000,60.000,60.000,60.000,60.000,60.000,60.000,60.000,60.000,60.000,60.000,60.000,60.000,60.000,60.000,60.000,60.000,60.000,60.000,60.000,60.000,60.000,60.000,60.000,60.000,60.000,60.000,60.000,60.000,60.000,60.000,60.000,60.000,60.000,60.000,60.000,60.000,60.000,60.000,60.000,60.000,60.000,60.000,60.000,60.000,60.000,60.000,60.000,60.000,60.000,60.000,60.000,60.000,60.000,60.000,60.000,60.000,60.000,60.000,60.000,60.000,60.000,60.000,60.000,60.000,60.000,60.000,60.000,60.000,60.000,60.000,60.000,60.000,60.000,60.000,60.000,60.000,60.000,60.000,60.000,60.000,60.000,60.000,60.000,60.000,60.000,60.000,60.000,60.000,60.000,60.123,60.265,60.406,60.548,60.690,60.833,60.976,61.119,61.263,61.407,61.551,61.696,61.841,61.986,62.132,62.278,62.424,62.571,62.718,62.865,63.013,63.161,63.310,63.459,63.608,63.758,63.908,64.059,64.210,64.361,64.513,64.665,64.817,64.970,65.124,65.277,65.432,65.586,65.741,65.897,66.053,66.209,66.366,66.523,66.681,66.839,66.997,67.156,67.316,67.476,67.636,67.797,67.959,68.120,68.283,68.446,68.609,68.773,68.937,69.102,69.267,69.433,69.600,69.767,69.934,70.102,70.271,70.440,70.610,70.780,70.951,71.122,71.294,71.467,71.640,71.814,71.988,72.163,72.339,72.515,72.692,72.869,73.048,73.226,73.406,73.586,73.767,73.948,74.130,74.313,74.497,74.681,74.866,75.052,75.238,75.426,75.614,75.802,75.992,76.182,76.373,76.565,76.758,76.952,77.146,77.341,77.537,77.734,77.932,78.131,78.331,78.531,78.733,78.935,79.139,79.343,79.548,79.755,79.962,80.171,80.380,80.591,80.802,81.015,81.229,81.444,81.660,81.877,82.095,82.315,82.536,82.758,82.981,83.206,83.432,83.660,83.888,84.118,84.350,84.583,84.817,85.053,85.290,85.529,85.770,86.012,86.256,86.501,86.748,86.997,87.248,87.500,87.755,88.011,88.269,88.530,88.792,89.056,89.323,89.592,89.863,90.136,90.412,90.690,90.970,91.253,91.539,91.828,92.119,92.413,92.710,93.010,93.314,93.620,93.930,94.244,94.561,94.881,95.206,95.534,95.867,96.204,96.545,96.891,97.242,97.598,97.960,98.326,98.699,99.077,99.462,99.854,100.253,100.659,101.073,101.495,101.926,102.367,102.818,103.279,103.752,104.238,104.738,105.252,105.782,106.330,106.898,107.488,108.102,108.744,109.419,110.131,110.886,111.695,112.569,113.526,114.592,115.806,117.224,118.833,120.000,120.000,120.000,120.000,120.000,120.000,120.000,120.000,120.000,120.000,120.000,120.000,120.000,120.000,120.000,120.000,120.000,120.000,120.000,120.000,120.000,120.000,120.000,120.000,120.000,120.000,120.000,120.000,120.000,120.000,120.000
60.000,60.000,60.000,60.000,60.000,60.000,60.000,60.000,60.000,60.000,60.000,60.000,60.000,60.000,60.000,60.000,60.000,60.000,60.000,60.000,60.000,60.000,60.000,60.000,60.000,60.000,60.000,60.000,60.000,60.000,60.000,60.000,60.000,60.000,60.000,60.000,60.000,60.000,60.000,60.000,60.000,60.000,60.000,60.000,60.000,60.000,60.000,60.000,60.000,60.000,60.000,60.000,60.000,60.000,60.000,60.000,60.000,60.000,60.000,60.000,60.000,60.000,60.000,60.000,60.000,60.000,60.000,60.000,60.000,60.000,60.000,60.000,60.000,60.000,60.000,60.000,60.000,60.000,60.000,60.000,60.000,60.000,60.000,60.000,60.000,60.000,60.000,60.000,60.000,60.000,60.000,60.000,60.000,60.000,60.000,60.000,60.000,60.000,60.000,60.000,60.000,60.000,60.000,60.000,60.000,60.000,60.000,60.000,60.000,60.000,60.000,60.000,60.000,60.000,60.000,60.000,60.000,60.000,60.000,60.000,60.000,60.000,60.000,60.000,60.000,60.000,60.000,60.000,60.000,60.000,60.000,60.000,60.000,60.000,60.000,60.000,60.000,60.000,60.000,60.000,60.000,60.000,60.000,60.000,60.000,60.000,60.000,60.000,60.000,60.000,60.000,60.000,60.000,60.000,60.000,60.000,60.000,60.000,60.000,60.000,60.000,60.000,60.000,60.000,60.000,60.000,60.000,60.000,60.000,60.000,60.000,60.000,60.000,60.000,60.000,60.000,60.000,60.000,60.000,60.000,60.000,60.000,60.000,60.000,60.000,60.000,60.000,60.000,60.000,60.000,60.000,60.000,60.000,60.000,60.000,60.000,60.000,60.000,60.000,60.000,60.000,60.000,60.000,60.000,60.000,60.000,60.000,60.000,60.000,60.000,60.000,60.000,60.000,60.000,60.000,60.000,60.000,60.000,60.000,60.000,60.000,60.000,60.000,60.000,60.000,60.000,60.000,60.000,60.000,60.000,60.000,60.000,60.000,60.000,60.000,60.000,60.000,60.000,60.000,60.123,60.265,60.406,60.548,60.691,60.833,60.976,61.119,61.263,61.407,61.551,61.696,61.841,61.986,62.132,62.278,62.424,62.571,62.718,62.866,63.013,63.162,63.310,63.459,63.609,63.758,63.909,64.059,64.210,64.361,64.513,64.665,64.818,64.971,65.124,65.278,65.432,65.587,65.742,65.897,66.053,66.209,66.366,66.523,66.681,66.839,66.998,67.157,67.316,67.476,67.636,67.797,67.959,68.121,68.283,68.446,68.609,68.773,68.937,69.102,69.268,69.434,69.600,69.767,69.935,70.103,70.271,70.440,70.610,70.780,70.951,71.123,71.295,71.467,71.640,71.814,71.988,72.163,72.339,72.515,72.692,72.870,73.048,73.227,73.406,73.586,73.767,73.949,74.131,74.314,74.497,74.681,74.866,75.052,75.239,75.426,75.614,75.803,75.992,76.183,76.374,76.566,76.758,76.952,77.146,77.342,77.538,77.735,77.932,78.131,78.331,78.531,78.733,78.935,79.139,79.343,79.549,79.755,79.962,80.171,80.380,80.591,80.802,81.015,81.229,81.444,81.660,81.877,82.096,82.315,82.536,82.758,82.982,83.207,83.433,83.660,83.889,84.119,84.350,84.583,84.817,85.053,85.291,85.530,85.770,86.012,86.256,86.502,86.749,86.998,87.248,87.501,87.755,88.012,88.270,88.530,88.792,89.057,89.323,89.592,89.863,90.136,90.412,90.690,90.971,91.254,91.540,91.828,92.119,92.414,92.711,93.011,93.314,93.621,93.931,94.244,94.561,94.882,95.206,95.535,95.868,96.205,96.546,96.892,97.243,97.599,97.960,98.327,98.700,99.078,99.463,99.855,100.253,100.660,101.074,101.496,101.927,102.368,102.819,103.280,103.754,104.239,104.739,105.253,105.784,106.332,106.900,107.490,108.104,108.747,109.421,110.133,110.890,111.699,112.574,113.532,114.599,115.817,117.242,118.861,120.000,120.000,120.000,120.000,120.000,120.000,120.000,120.000,120.000,120.000,120.000,120.000,120.000,120.000,120.000,120.000,120.000,120.000,120.000,120.000,120.000,120.000,120.000,120.000,120.000,120.000,120.000,120.000,120.000,120.000,120.000
60.000,60.000,60.000,60.000,60.000,60.000,60.000,60.000,60.000,60.000,60.000,60.000,60.000,60.000,60.000,60.000,60.000,60.000,60.000,60.000,60.000,60.000,60.000,60.000,60.000,60.000,60.000,60.000,60.000,60.000,60.000,60.000,60.000,60.000,60.000,60.000,60.000,60.000,60.000,60.000,60.000,60.000,60.000,60.000,60.000,60.000,60.000,60.000,60.000,60.000,60.000,60.000,60.000,60.000,60.000,60.000,60.000,60.000,60.000,60.000,60.000,60.000,60.000,60.000,60.000,60.000,60.000,60.000,60.000,60.000,60.000,60.000,60.000,60.000,60.000,60.000,60.000,60.000,60.000,60.000,60.000,60.000,60.000,60.000,60.000,60.000,60.000,60.000,60.000,60.000,60.000,60.000,60.000,60.000,60.000,60.000,60.000,60.000,60.000,60.000,60.000,60.000,60.000,60.000,60.000,60.000,60.000,60.000,60.000,60.000,60.000,60.000,60.000,60.000,60.000,60.000,60.000,60.000,60.000,60.000,60.000,60.000,60.000,60.000,60.000,60.000,60.000,60.000,60.000,60.000,60.000,60.000,60.000,60.000,60.000,60.000,60.000,60.000,60.000,60.000,60.000,60.000,60.000,60.000,60.000,60.000,60.000,60.000,60.000,60.000,60.000,60.000,60.000,60.000,60.000,60.000,60.000,60.000,60.000,60.000,60.000,60.000,60.000,60.000,60.000,60.000,60.000,60.000,60.000,60.000,60.000,60.000,60.000,60.000,60.000,60.000,60.000,60.000,60.000,60.000,60.000,60.000,60.000,60.000,60.000,60.000,60.000,60.000,60.000,60.000,60.000,60.000,60.000,60.000,60.000,60.000,60.000,60.000,60.000,60.000,60.000,60.000,60.000,60.000,60.000,60.000,60.000,60.000,60.000,60.000,60.000,60.000,60.000,60.000,60.000,60.000,60.000,60.000,60.000,60.000,60.000,60.000,60.000,60.000,60.000,60.000,60.000,60.000,60.000,60.000,60.000,60.000,60.000,60.000,60.000,60.000,60.000,60.002,60.076,60.150,60.265,60.407,60.549,60.691,60.833,60.976,61.120,61.263,61.407,61.551,61.696,61.841,61.986,62.132,62.278,62.424,62.571,62.718,62.866,63.014,63.162,63.311,63.460,63.609,63.759,63.909,64.059,64.210,64.362,64.513,64.665,64.818,64.971,65.124,65.278,65.432,65.587,65.742,65.897,66.053,66.210,66.366,66.523,66.681,66.839,66.998,67.157,67.316,67.476,67.637,67.798,67.959,68.121,68.283,68.446,68.609,68.773,68.938,69.103,69.268,69.434,69.600,69.767,69.935,70.103,70.271,70.441,70.610,70.781,70.951,71.123,71.295,71.467,71.641,71.814,71.989,72.164,72.339,72.516,72.692,72.870,73.048,73.227,73.406,73.587,73.767,73.949,74.131,74.314,74.497,74.682,74.867,75.052,75.239,75.426,75.614,75.803,75.993,76.183,76.374,76.566,76.759,76.952,77.147,77.342,77.538,77.735,77.933,78.132,78.331,78.532,78.733,78.936,79.139,79.344,79.549,79.755,79.963,80.171,80.381,80.591,80.803,81.016,81.229,81.444,81.660,81.878,82.096,82.316,82.537,82.759,82.982,83.207,83.433,83.660,83.889,84.119,84.350,84.583,84.818,85.054,85.291,85.530,85.771,86.013,86.256,86.502,86.749,86.998,87.249,87.501,87.756,88.012,88.270,88.530,88.793,89.057,89.324,89.592,89.863,90.137,90.412,90.691,90.971,91.254,91.540,91.829,92.120,92.414,92.711,93.011,93.315,93.621,93.931,94.245,94.562,94.882,95.207,95.536,95.868,96.205,96.547,96.893,97.244,97.600,97.961,98.328,98.700,99.079,99.464,99.856,100.254,100.661,101.075,101.497,101.928,102.369,102.820,103.282,103.755,104.241,104.740,105.255,105.785,106.333,106.901,107.491,108.106,108.749,109.424,110.136,110.893,111.703,112.578,113.538,114.607,115.828,117.259,118.889,120.000,120.000,120.000,120.000,120.000,120.000,120.000,120.000,120.000,120.000,120.000,120.000,120.000,120.000,120.000,120.000,120.000,120.000,120.000,120.000,120.000,120.000,120.000,120.000,120.000,120.000,120.000,120.000,120.000,120.000,120.000
60.000,60.000,60.000,60.000,60.000,60.000,60.000,60.000,60.000,60.000,60.000,60.000,60.000,60.000,60.000,60.000,60.000,60.000,60.000,60.000,60.000,60.000,60.000,60.000,60.000,60.000,60.000,60.000,60.000,60.000,60.000,60.000,60.000,60.000,60.000,60.000,60.000,60.000,60.000,60.000,60.000,60.000,60.000,60.000,60.000,60.000,60.000,60.000,60.000,60.000,60.000,60.000,60.000,60.000,60.000,60.000,60.000,60.000,60.000,60.000,60.000,60.000,60.000,60.000,60.000,60.000,60.000,60.000,60.000,60.000,60.000,60.000,60.000,60.000,60.000,60.000,60.000,60.000,60.000,60.000,60.000,60.000,60.000,60.000,60.000,60.000,60.000,60.000,60.000,60.000,60.000,60.000,60.000,60.000,60.000,60.000,60.000,60.000,60.000,60.000,60.000,60.000,60.000,60.000,60.000,60.000,60.000,60.000,60.000,60.000,60.000,60.000,60.000,60.000,60.000,60.000,60.000,60.000,60.000,60.000,60.000,60.000,60.000,60.000,60.000,60.000,60.000,60.000,60.000,60.000,60.000,60.000,60.000,60.000,60.000,60.000,60.000,60.000,60.000,60.000,60.000,60.000,60.000,60.000,60.000,60.000,60.000,60.000,60.000,60.000,60.000,60.000,60.000,60.000,60.000,60.000,60.000,60.000,60.000,60.000,60.000,60.000,60.000,60.000,60.000,60.000,60.000,60.000,60.000,60.000,60.000,60.000,60.000,60.000,60.000,60.000,60.000,60.000,60.000,60.000,60.000,60.000,60.000,60.000,60.000,60.000,60.000,60.000,60.000,60.000,60.000,60.000,60.000,60.000,60.000,60.000,60.000,60.000,60.000,60.000,60.000,60.000,60.000,60.000,60.000,60.000,60.000,60.000,60.000,60.000,60.000,60.000,60.000,60.000,60.000,60.000,60.000,60.000,60.000,60.000,60.000,60.000,60.000,60.000,60.000,60.000,60.000,60.000,60.000,60.000,60.000,60.000,60.016,60.089,60.163,60.236,60.309,60.383,60.457,60.531,60.605,60.679,60.754,60.828,60.903,60.978,61.120,61.263,61.407,61.552,61.696,61.841,61.987,62.132,62.278,62.425,62.572,62.719,62.866,63.014,63.162,63.311,63.460,63.609,63.759,63.909,64.060,64.211,64.362,64.514,64.666,64.818,64.971,65.125,65.278,65.432,65.587,65.742,65.898,66.053,66.210,66.367,66.524,66.681,66.840,66.998,67.157,67.317,67.477,67.637,67.798,67.959,68.121,68.284,68.446,68.610,68.774,68.938,69.103,69.268,69.434,69.601,69.768,69.935,70.103,70.272,70.441,70.611,70.781,70.952,71.123,71.295,71.468,71.641,71.815,71.989,72.164,72.340,72.516,72.693,72.870,73.048,73.227,73.407,73.587,73.768,73.949,74.131,74.314,74.498,74.682,74.867,75.053,75.239,75.427,75.615,75.803,75.993,76.183,76.374,76.566,76.759,76.952,77.147,77.342,77.538,77.735,77.933,78.132,78.332,78.532,78.734,78.936,79.140,79.344,79.549,79.756,79.963,80.171,80.381,80.592,80.803,81.016,81.230,81.445,81.661,81.878,82.096,82.316,82.537,82.759,82.983,83.207,83.433,83.661,83.889,84.119,84.351,84.584,84.818,85.054,85.291,85.530,85.771,86.013,86.257,86.502,86.749,86.998,87.249,87.502,87.756,88.012,88.271,88.531,88.793,89.058,89.324,89.593,89.864,90.137,90.413,90.691,90.972,91.255,91.541,91.829,92.120,92.415,92.712,93.012,93.315,93.622,93.932,94.245,94.562,94.883,95.208,95.536,95.869,96.206,96.547,96.893,97.244,97.600,97.962,98.329,98.701,99.080,99.465,99.856,100.255,100.661,101.075,101.498,101.929,102.370,102.821,103.283,103.756,104.242,104.742,105.256,105.787,106.335,106.903,107.493,108.108,108.751,109.427,110.139,110.896,111.707,112.583,113.543,114.615,115.839,117.276,118.918,120.000,120.000,120.000,120.000,120.000,120.000,120.000,120.000,120.000,120.000,120.000,120.000,120.000,120.000,120.000,120.000,120.000,120.000,120.000,120.000,120.000,120.000,120.000,120.000,120.000,120.000,120.000,120.000,120.000,120.000,120.000
60.000,60.000,60.000,60.000,60.000,60.000,60.000,60.000,60.000,60.000,60.000,60.000,60.000,60.000,60.000,60.000,60.000,60.000,60.000,60.000,60.000,60.000,60.000,60.000,60.000,60.000,60.000,60.000,60.000,60.000,60.000,60.000,60.000,60.000,60.000,60.000,60.000,60.000,60.000,60.000,60.000,60.000,60.000,60.000,60.000,60.000,60.000,60.000,60.000,60.000,60.000,60.000,60.000,60.000,60.000,60.000,60.000,60.000,60.000,60.000,60.000,60.000,60.000,60.000,60.000,60.000,60.000,60.000,60.000,60.000,60.000,60.000,60.000,60.000,60.000,60.000,60.000,60.000,60.000,60.000,60.000,60.000,60.000,60.000,60.000,60.000,60.000,60.000,60.000,60.000,60.000,60.000,60.000,60.000,60.000,60.000,60.000,60.000,60.000,60.000,60.000,60.000,60.000,60.000,60.000,60.000,60.000,60.000,60.000,60.000,60.000,60.000,60.000,60.000,60.000,60.000,60.000,60.000,60.000,60.000,60.000,60.000,60.000,60.000,60.000,60.000,60.000,60.000,60.000,60.000,60.000,60.000,60.000,60.000,60.000,60.000,60.000,60.000,60.000,60.000,60.000,60.000,60.000,60.000,60.000,60.000,60.000,60.000,60.000,60.000,60.000,60.000,60.000,60.000,60.000,60.000,60.000,60.000,60.000,60.000,60.000,60.000,60.000,60.000,60.000,60.000,60.000,60.000,60.000,60.000,60.000,60.000,60.000,60.000,60.000,60.000,60.000,60.000,60.000,60.000,60.000,60.000,60.000,60.000,60.000,60.000,60.000,60.000,60.000,60.000,60.000,60.000,60.000,60.000,60.000,60.000,60.000,60.000,60.000,60.000,60.000,60.000,60.000,60.000,60.000,60.000,60.000,60.000,60.000,60.000,60.000,60.000,60.000,60.000,60.000,60.000,60.000,60.000,60.000,60.000,60.000,60.000,60.000,60.000,60.000,60.000,60.000,60.044,60.116,60.188,60.261,60.333,60.406,60.479,60.552,60.625,60.699,60.772,60.846,60.920,60.994,61.069,61.143,61.218,61.292,61.367,61.443,61.518,61.593,61.669,61.745,61.842,61.987,62.133,62.279,62.425,62.572,62.719,62.866,63.014,63.162,63.311,63.460,63.609,63.759,63.909,64.060,64.211,64.362,64.514,64.666,64.818,64.971,65.125,65.279,65.433,65.587,65.742,65.898,66.054,66.210,66.367,66.524,66.682,66.840,66.998,67.157,67.317,67.477,67.637,67.798,67.960,68.121,68.284,68.447,68.610,68.774,68.938,69.103,69.269,69.434,69.601,69.768,69.935,70.103,70.272,70.441,70.611,70.781,70.952,71.123,71.295,71.468,71.641,71.815,71.989,72.164,72.340,72.516,72.693,72.871,73.049,73.227,73.407,73.587,73.768,73.949,74.132,74.314,74.498,74.682,74.867,75.053,75.240,75.427,75.615,75.804,75.993,76.183,76.375,76.566,76.759,76.953,77.147,77.342,77.539,77.736,77.933,78.132,78.332,78.532,78.734,78.936,79.140,79.344,79.550,79.756,79.963,80.172,80.381,80.592,80.803,81.016,81.230,81.445,81.661,81.878,82.097,82.316,82.537,82.759,82.983,83.208,83.434,83.661,83.890,84.120,84.351,84.584,84.819,85.054,85.292,85.531,85.771,86.013,86.257,86.503,86.750,86.999,87.250,87.502,87.756,88.013,88.271,88.531,88.794,89.058,89.325,89.593,89.864,90.138,90.413,90.691,90.972,91.255,91.541,91.830,92.121,92.415,92.712,93.013,93.316,93.622,93.932,94.246,94.563,94.884,95.208,95.537,95.870,96.207,96.548,96.894,97.245,97.601,97.962,98.329,98.702,99.081,99.466,99.857,100.256,100.662,101.076,101.499,101.930,102.371,102.822,103.284,103.757,104.243,104.743,105.257,105.788,106.337,106.905,107.495,108.110,108.754,109.429,110.142,110.900,111.711,112.588,113.549,114.623,115.850,117.294,118.948,120.000,120.000,120.000,120.000,120.000,120.000,120.000,120.000,120.000,120.000,120.000,120.000,120.000,120.000,120.000,120.000,120.000,120.000,120.000,120.000,120.000,120.000,120.000,120.000,120.000,120.000,120.000,120.000,120.000,120.000,120.000
60.000,60.000,60.000,60.000,60.000,60.000,60.000,60.000,60.000,60.000,60.000,60.000,60.000,60.000,60.000,60.000,60.000,60.000,60.000,60.000,60.000,60.000,60.000,60.000,60.000,60.000,60.000,60.000,60.000,60.000,60.000,60.000,60.000,60.000,60.000,60.000,60.000,60.000,60.000,60.000,60.000,60.000,60.000,60.000,60.000,60.000,60.000,60.000,60.000,60.000,60.000,60.000,60.000,60.000,60.000,60.000,60.000,60.000,60.000,60.000,60.000,60.000,60.000,60.000,60.000,60.000,60.000,60.000,60.000,60.000,60.000,60.000,60.000,60.000,60.000,60.000,60.000,60.000,60.000,60.000,60.000,60.000,60.000,60.000,60.000,60.000,60.000,60.000,60.000,60.000,60.000,60.000,60.000,60.000,60.000,60.000,60.000,60.000,60.000,60.000,60.000,60.000,60.000,60.000,60.000,60.000,60.000,60.000,60.000,60.000,60.000,60.000,60.000,60.000,60.000,60.000,60.000,60.000,60.000,60.000,60.000,60.000,60.000,60.000,60.000,60.000,60.000,60.000,60.000,60.000,60.000,60.000,60.000,60.000,60.000,60.000,60.000,60.000,60.000,60.000,60.000,60.000,60.000,60.000,60.000,60.000,60.000,60.000,60.000,60.000,60.000,60.000,60.000,60.000,60.000,60.000,60.000,60.000,60.000,60.000,60.000,60.000,60.000,60.000,60.000,60.000,60.000,60.000,60.000,60.000,60.000,60.000,60.000,60.000,60.000,60.000,60.000,60.000,60.000,60.000,60.000,60.000,60.000,60.000,60.000,60.000,60.000,60.000,60.000,60.000,60.000,60.000,60.000,60.000,60.000,60.000,60.000,60.000,60.000,60.000,60.000,60.000,60.000,60.000,60.000,60.000,60.000,60.000,60.000,60.000,60.000,60.000,60.000,60.000,60.000,60.000,60.000,60.000,60.000,60.000,60.000,60.013,60.084,60.156,60.227,60.299,60.371,60.443,60.515,60.587,60.660,60.732,60.805,60.878,60.951,61.024,61.098,61.171,61.245,61.319,61.393,61.467,61.542,61.616,61.691,61.766,61.841,61.916,61.992,62.067,62.143,62.219,62.295,62.372,62.448,62.525,62.602,62.719,62.867,63.014,63.163,63.311,63.460,63.610,63.759,63.910,64.060,64.211,64.362,64.514,64.666,64.819,64.972,65.125,65.279,65.433,65.588,65.743,65.898,66.054,66.210,66.367,66.524,66.682,66.840,66.999,67.158,67.317,67.477,67.638,67.798,67.960,68.122,68.284,68.447,68.610,68.774,68.939,69.103,69.269,69.435,69.601,69.768,69.936,70.104,70.272,70.441,70.611,70.781,70.952,71.124,71.296,71.468,71.641,71.815,71.990,72.165,72.340,72.516,72.693,72.871,73.049,73.228,73.407,73.587,73.768,73.950,74.132,74.315,74.498,74.683,74.868,75.053,75.240,75.427,75.615,75.804,75.993,76.184,76.375,76.567,76.760,76.953,77.147,77.343,77.539,77.736,77.934,78.132,78.332,78.533,78.734,78.937,79.140,79.345,79.550,79.756,79.964,80.172,80.382,80.592,80.804,81.016,81.230,81.445,81.661,81.879,82.097,82.317,82.538,82.760,82.983,83.208,83.434,83.661,83.890,84.120,84.352,84.584,84.819,85.055,85.292,85.531,85.772,86.014,86.258,86.503,86.750,86.999,87.250,87.502,87.757,88.013,88.271,88.532,88.794,89.058,89.325,89.594,89.865,90.138,90.414,90.692,90.973,91.256,91.542,91.830,92.121,92.416,92.713,93.013,93.316,93.623,93.933,94.246,94.563,94.884,95.209,95.537,95.870,96.207,96.549,96.895,97.246,97.602,97.963,98.330,98.703,99.081,99.466,99.858,100.257,100.663,101.077,101.500,101.931,102.372,102.823,103.285,103.758,104.245,104.744,105.259,105.790,106.338,106.907,107.497,108.113,108.756,109.432,110.145,110.903,111.715,112.593,113.555,114.630,115.861,117.312,118.978,120.000,120.000,120.000,120.000,120.000,120.000,120.000,120.000,120.000,120.000,120.000,120.000,120.000,120.000,120.000,120.000,120.000,120.000,120.000,120.000,120.000,120.000,120.000,120.000,120.000,120.000,120.000,120.000,120.000,120.000,120.000
60.000,60.000,60.000,60.000,60.000,60.000,60.000,60.000,60.000,60.000,60.000,60.000,60.000,60.000,60.000,60.000,60.000,60.000,60.000,60.000,60.000,60.000,60.000,60.000,60.000,60.000,60.000,60.000,60.000,60.000,60.000,60.000,60.000,60.000,60.000,60.000,60.000,60.000,60.000,60.000,60.000,60.000,60.000,60.000,60.000,60.000,60.000,60.000,60.000,60.000,60.000,60.000,60.000,60.000,60.000,60.000,60.000,60.000,60.000,60.000,60.000,60.000,60.000,60.000,60.000,60.000,60.000,60.000,60.000,60.000,60.000,60.000,60.000,60.000,60.000,60.000,60.000,60.000,60.000,60.000,60.000,60.000,60.000,60.000,60.000,60.000,60.000,60.000,60.000,60.000,60.000,60.000,60.000,60.000,60.000,60.000,60.000,60.000,60.000,60.000,60.000,60.000,60.000,60.000,60.000,60.000,60.000,60.000,60.000,60.000,60.000,60.000,60.000,60.000,60.000,60.000,60.000,60.000,60.000,60.000,60.000,60.000,60.000,60.000,60.000,60.000,60.000,60.000,60.000,60.000,60.000,60.000,60.000,60.000,60.000,60.000,60.000,60.000,60.000,60.000,60.000,60.000,60.000,60.000,60.000,60.000,60.000,60.000,60.000,60.000,60.000,60.000,60.000,60.000,60.000,60.000,60.000,60.000,60.000,60.000,60.000,60.000,60.000,60.000,60.000,60.000,60.000,60.000,60.000,60.000,60.000,60.000,60.000,60.000,60.000,60.000,60.000,60.000,60.000,60.000,60.000,60.000,60.000,60.000,60.000,60.000,60.000,60.000,60.000,60.000,60.000,60.000,60.000,60.000,60.000,60.000,60.000,60.000,60.000,60.000,60.000,60.000,60.000,60.000,60.000,60.000,60.000,60.000,60.000,60.000,60.000,60.000,60.000,60.000,60.000,60.000,60.068,60.138,60.209,60.280,60.351,60.422,60.493,60.564,60.636,60.708,60.779,60.851,60.923,60.996,61.068,61.141,61.213,61.286,61.359,61.433,61.506,61.580,61.653,61.727,61.801,61.875,61.950,62.024,62.099,62.174,62.249,62.324,62.400,62.475,62.551,62.627,62.703,62.780,62.856,62.933,63.010,63.087,63.164,63.242,63.320,63.397,63.476,63.610,63.760,63.910,64.060,64.211,64.363,64.514,64.666,64.819,64.972,65.125,65.279,65.433,65.588,65.743,65.898,66.054,66.211,66.367,66.525,66.682,66.840,66.999,67.158,67.317,67.477,67.638,67.799,67.960,68.122,68.284,68.447,68.611,68.774,68.939,69.104,69.269,69.435,69.601,69.768,69.936,70.104,70.273,70.442,70.611,70.782,70.953,71.124,71.296,71.469,71.642,71.815,71.990,72.165,72.340,72.517,72.694,72.871,73.049,73.228,73.408,73.588,73.768,73.950,74.132,74.315,74.499,74.683,74.868,75.054,75.240,75.427,75.615,75.804,75.994,76.184,76.375,76.567,76.760,76.953,77.148,77.343,77.539,77.736,77.934,78.133,78.332,78.533,78.735,78.937,79.140,79.345,79.550,79.757,79.964,80.172,80.382,80.592,80.804,81.017,81.231,81.446,81.662,81.879,82.097,82.317,82.538,82.760,82.984,83.208,83.434,83.662,83.890,84.120,84.352,84.585,84.819,85.055,85.293,85.532,85.772,86.014,86.258,86.503,86.751,87.000,87.250,87.503,87.757,88.014,88.272,88.532,88.794,89.059,89.325,89.594,89.865,90.139,90.414,90.692,90.973,91.256,91.542,91.831,92.122,92.416,92.713,93.014,93.317,93.624,93.934,94.247,94.564,94.885,95.209,95.538,95.871,96.208,96.549,96.895,97.246,97.602,97.964,98.331,98.703,99.082,99.467,99.859,100.258,100.664,101.078,101.501,101.932,102.373,102.824,103.286,103.760,104.246,104.746,105.260,105.791,106.340,106.909,107.499,108.115,108.758,109.434,110.148,110.906,111.719,112.597,113.561,114.638,115.872,117.329,119.009,120.000,120.000,120.000,120.000,120.000,120.000,120.000,120.000,120.000,120.000,120.000,120.000,120.000,120.000,120.000,120.000,120.000,120.000,120.000,120.000,120.000,120.000,120.000,120.000,120.000,120.000,120.000,120.000,120.000,120.000,120.000
60.000,60.000,60.000,60.000,60.000,60.000,60.000,60.000,60.000,60.000,60.000,60.000,60.000,60.000,60.000,60.000,60.000,60.000,60.000,60.000,60.000,60.000,60.000,60.000,60.000,60.000,60.000,60.000,60.000,60.000,60.000,60.000,60.000,60.000,60.000,60.000,60.000,60.000,60.000,60.000,60.000,60.000,60.000,60.000,60.000,60.000,60.000,60.000,60.000,60.000,60.000,60.000,60.000,60.000,60.000,60.000,60.000,60.000,60.000,60.000,60.000,60.000,60.000,60.000,60.000,60.000,60.000,60.000,60.000,60.000,60.000,60.000,60.000,60.000,60.000,60.000,60.000,60.000,60.000,60.000,60.000,60.000,60.000,60.000,60.000,60.000,60.000,60.000,60.000,60.000,60.000,60.000,60.000,60.000,60.000,60.000,60.000,60.000,60.000,60.000,60.000,60.000,60.000,60.000,60.000,60.000,60.000,60.000,60.000,60.000,60.000,60.000,60.000,60.000,60.000,60.000,60.000,60.000,60.000,60.000,60.000,60.000,60.000,60.000,60.000,60.000,60.000,60.000,60.000,60.000,60.000,60.000,60.000,60.000,60.000,60.000,60.000,60.000,60.000,60.000,60.000,60.000,60.000,60.000,60.000,60.000,60.000,60.000,60.000,60.000,60.000,60.000,60.000,60.000,60.000,60.000,60.000,60.000,60.000,60.000,60.000,60.000,60.000,60.000,60.000,60.000,60.000,60.000,60.000,60.000,60.000,60.000,60.000,60.000,60.000,60.000,60.000,60.000,60.000,60.000,60.000,60.000,60.000,60.000,60.000,60.000,60.000,60.000,60.000,60.000,60.000,60.000,60.000,60.000,60.000,60.000,60.000,60.000,60.000,60.000,60.000,60.000,60.000,60.000,60.000,60.000,60.000,60.000,60.000,60.000,60.066,60.135,60.205,60.275,60.346,60.416,60.486,60.557,60.627,60.698,60.769,60.840,60.912,60.983,61.054,61.126,61.198,61.270,61.342,61.414,61.487,61.559,61.632,61.705,61.778,61.851,61.924,61.998,62.072,62.146,62.220,62.294,62.368,62.443,62.517,62.592,62.667,62.742,62.818,62.893,62.969,63.045,63.121,63.198,63.274,63.351,63.428,63.505,63.582,63.660,63.737,63.815,63.893,63.971,64.050,64.129,64.207,64.287,64.366,64.515,64.667,64.819,64.972,65.126,65.279,65.433,65.588,65.743,65.899,66.054,66.211,66.368,66.525,66.682,66.841,66.999,67.158,67.318,67.478,67.638,67.799,67.960,68.122,68.285,68.447,68.611,68.775,68.939,69.104,69.269,69.435,69.602,69.769,69.936,70.104,70.273,70.442,70.612,70.782,70.953,71.124,71.296,71.469,71.642,71.816,71.990,72.165,72.341,72.517,72.694,72.871,73.050,73.228,73.408,73.588,73.769,73.950,74.132,74.315,74.499,74.683,74.868,75.054,75.240,75.428,75.616,75.804,75.994,76.184,76.375,76.567,76.760,76.954,77.148,77.343,77.539,77.736,77.934,78.133,78.333,78.533,78.735,78.937,79.141,79.345,79.551,79.757,79.964,80.173,80.382,80.593,80.804,81.017,81.231,81.446,81.662,81.879,82.098,82.317,82.538,82.761,82.984,83.209,83.435,83.662,83.891,84.121,84.352,84.585,84.820,85.056,85.293,85.532,85.772,86.015,86.258,86.504,86.751,87.000,87.251,87.503,87.758,88.014,88.272,88.533,88.795,89.059,89.326,89.595,89.866,90.139,90.415,90.693,90.973,91.257,91.543,91.831,92.122,92.417,92.714,93.014,93.317,93.624,93.934,94.248,94.565,94.885,95.210,95.539,95.871,96.208,96.550,96.896,97.247,97.603,97.965,98.331,98.704,99.083,99.468,99.860,100.259,100.665,101.079,101.502,101.933,102.374,102.825,103.287,103.761,104.247,104.747,105.262,105.793,106.342,106.910,107.501,108.117,108.761,109.437,110.151,110.910,111.722,112.602,113.567,114.646,115.883,117.348,119.040,120.000,120.000,120.000,120.000,120.000,120.000,120.000,120.000,120.000,120.000,120.000,120.000,120.000,120.000,120.000,120.000,120.000,120.000,120.000,120.000,120.000,120.000,120.000,120.000,120.000,120.000,120.000,120.000,120.000,120.000,120.000
60.000,60.000,60.000,60.000,60.000,60.000,60.000,60.000,60.000,60.000,60.000,60.000,60.000,60.000,60.000,60.000,60.000,60.000,60.000,60.000,60.000,60.000,60.000,60.000,60.000,60.000,60.000,60.000,60.000,60.000,60.000,60.000,60.000,60.000,60.000,60.000,60.000,60.000,60.000,60.000,60.000,60.000,60.000,60.000,60.000,60.000,60.000,60.000,60.000,60.000,60.000,60.000,60.000,60.000,60.000,60.000,60.000,60.000,60.000,60.000,60.000,60.000,60.000,60.000,60.000,60.000,60.000,60.000,60.000,60.000,60.000,60.000,60.000,60.000,60.000,60.000,60.000,60.000,60.000,60.000,60.000,60.000,60.000,60.000,60.000,60.000,60.000,60.000,60.000,60.000,60.000,60.000,60.000,60.000,60.000,60.000,60.000,60.000,60.000,60.000,60.000,60.000,60.000,60.000,60.000,60.000,60.000,60.000,60.000,60.000,60.000,60.000,60.000,60.000,60.000,60.000,60.000,60.000,60.000,60.000,60.000,60.000,60.000,60.000,60.000,60.000,60.000,60.000,60.000,60.000,60.000,60.000,60.000,60.000,60.000,60.000,60.000,60.000,60.000,60.000,60.000,60.000,60.000,60.000,60.000,60.000,60.000,60.000,60.000,60.000,60.000,60.000,60.000,60.000,60.000,60.000,60.000,60.000,60.000,60.000,60.000,60.000,60.000,60.000,60.000,60.000,60.000,60.000,60.000,60.000,60.000,60.000,60.000,60.000,60.000,60.000,60.000,60.000,60.000,60.000,60.000,60.000,60.000,60.000,60.000,60.000,60.000,60.000,60.000,60.000,60.000,60.000,60.000,60.000,60.000,60.000,60.000,60.000,60.000,60.000,60.000,60.000,60.000,60.009,60.078,60.147,60.217,60.286,60.355,60.425,60.495,60.564,60.634,60.704,60.774,60.845,60.915,60.986,61.056,61.127,61.198,61.269,61.341,61.412,61.483,61.555,61.627,61.699,61.771,61.843,61.916,61.988,62.061,62.134,62.207,62.280,62.353,62.427,62.501,62.574,62.648,62.723,62.797,62.871,62.946,63.021,63.096,63.171,63.247,63.322,63.398,63.474,63.550,63.626,63.703,63.779,63.856,63.933,64.010,64.088,64.165,64.243,64.321,64.400,64.478,64.557,64.635,64.715,64.794,64.873,64.953,65.033,65.113,65.193,65.280,65.434,65.588,65.743,65.899,66.055,66.211,66.368,66.525,66.683,66.841,66.999,67.158,67.318,67.478,67.638,67.799,67.961,68.123,68.285,68.448,68.611,68.775,68.939,69.104,69.270,69.436,69.602,69.769,69.936,70.104,70.273,70.442,70.612,70.782,70.953,71.125,71.297,71.469,71.642,71.816,71.990,72.165,72.341,72.517,72.694,72.872,73.050,73.229,73.408,73.588,73.769,73.951,74.133,74.316,74.499,74.683,74.868,75.054,75.241,75.428,75.616,75.805,75.994,76.185,76.376,76.568,76.760,76.954,77.148,77.344,77.540,77.737,77.935,78.133,78.333,78.534,78.735,78.938,79.141,79.345,79.551,79.757,79.965,80.173,80.383,80.593,80.805,81.017,81.231,81.446,81.662,81.880,82.098,82.318,82.539,82.761,82.984,83.209,83.435,83.662,83.891,84.121,84.353,84.586,84.820,85.056,85.293,85.532,85.773,86.015,86.259,86.504,86.751,87.000,87.251,87.504,87.758,88.014,88.273,88.533,88.795,89.060,89.326,89.595,89.866,90.139,90.415,90.693,90.974,91.257,91.543,91.832,92.123,92.417,92.714,93.015,93.318,93.625,93.935,94.248,94.565,94.886,95.211,95.539,95.872,96.209,96.551,96.897,97.248,97.604,97.965,98.332,98.705,99.084,99.469,99.861,100.259,100.666,101.080,101.503,101.934,102.375,102.826,103.288,103.762,104.248,104.748,105.263,105.794,106.343,106.912,107.503,108.119,108.763,109.440,110.154,110.913,111.726,112.607,113.573,114.654,115.895,117.366,119.071,120.000,120.000,120.000,120.000,120.000,120.000,120.000,120.000,120.000,120.000,120.000,120.000,120.000,120.000,120.000,120.000,120.000,120.000,120.000,120.000,120.000,120.000,120.000,120.000,120.000,120.000,120.000,120.000,120.000,120.000,120.000
60.000,60.000,60.000,60.000,60.000,60.000,60.000,60.000,60.000,60.000,60.000,60.000,60.000,60.000,60.000,60.000,60.000,60.000,60.000,60.000,60.000,60.000,60.000,60.000,60.000,60.000,60.000,60.000,60.000,60.000,60.000,60.000,60.000,60.000,60.000,60.000,60.000,60.000,60.000,60.000,60.000,60.000,60.000,60.000,60.000,60.000,60.000,60.000,60.000,60.000,60.000,60.000,60.000,60.000,60.000,60.000,60.000,60.000,60.000,60.000,60.000,60.000,60.000,60.000,60.000,60.000,60.000,60.000,60.000,60.000,60.000,60.000,60.000,60.000,60.000,60.000,60.000,60.000,60.000,60.000,60.000,60.000,60.000,60.000,60.000,60.000,60.000,60.000,60.000,60.000,60.000,60.000,60.000,60.000,60.000,60.000,60.000,60.000,60.000,60.000,60.000,60.000,60.000,60.000,60.000,60.000,60.000,60.000,60.000,60.000,60.000,60.000,60.000,60.000,60.000,60.000,60.000,60.000,60.000,60.000,60.000,60.000,60.000,60.000,60.000,60.000,60.000,60.000,60.000,60.000,60.000,60.000,60.000,60.000,60.000,60.000,60.000,60.000,60.000,60.000,60.000,60.000,60.000,60.000,60.000,60.000,60.000,60.000,60.000,60.000,60.000,60.000,60.000,60.000,60.000,60.000,60.000,60.000,60.000,60.000,60.000,60.000,60.000,60.000,60.000,60.000,60.000,60.000,60.000,60.000,60.000,60.000,60.000,60.000,60.000,60.000,60.000,60.000,60.000,60.000,60.000,60.000,60.000,60.000,60.000,60.000,60.000,60.000,60.000,60.000,60.000,60.000,60.000,60.000,60.000,60.000,60.000,60.037,60.105,60.174,60.242,60.311,60.380,60.449,60.518,60.587,60.656,60.725,60.795,60.864,60.934,61.004,61.074,61.144,61.214,61.285,61.355,61.426,61.496,61.567,61.638,61.709,61.781,61.852,61.923,61.995,62.067,62.139,62.211,62.283,62.356,62.428,62.501,62.574,62.647,62.720,62.793,62.867,62.941,63.014,63.088,63.162,63.237,63.311,63.386,63.461,63.536,63.611,63.686,63.762,63.838,63.913,63.990,64.066,64.142,64.219,64.296,64.373,64.450,64.527,64.605,64.683,64.761,64.839,64.917,64.996,65.075,65.154,65.233,65.312,65.392,65.472,65.552,65.632,65.713,65.793,65.874,65.956,66.037,66.119,66.211,66.368,66.525,66.683,66.841,67.000,67.159,67.318,67.478,67.639,67.800,67.961,68.123,68.285,68.448,68.611,68.775,68.940,69.104,69.270,69.436,69.602,69.769,69.937,70.105,70.273,70.443,70.612,70.783,70.953,71.125,71.297,71.469,71.643,71.816,71.991,72.166,72.341,72.518,72.694,72.872,73.050,73.229,73.408,73.589,73.769,73.951,74.133,74.316,74.499,74.684,74.869,75.055,75.241,75.428,75.616,75.805,75.995,76.185,76.376,76.568,76.761,76.954,77.149,77.344,77.540,77.737,77.935,78.134,78.333,78.534,78.735,78.938,79.141,79.346,79.551,79.758,79.965,80.173,80.383,80.593,80.805,81.018,81.232,81.447,81.663,81.880,82.098,82.318,82.539,82.761,82.985,83.209,83.435,83.663,83.891,84.121,84.353,84.586,84.820,85.056,85.294,85.533,85.773,86.015,86.259,86.505,86.752,87.001,87.252,87.504,87.758,88.015,88.273,88.533,88.796,89.060,89.327,89.596,89.867,90.140,90.416,90.694,90.974,91.258,91.543,91.832,92.123,92.418,92.715,93.015,93.318,93.625,93.935,94.249,94.566,94.887,95.211,95.540,95.873,96.210,96.551,96.897,97.248,97.605,97.966,98.333,98.706,99.084,99.470,99.861,100.260,100.667,101.081,101.504,101.935,102.376,102.827,103.290,103.763,104.250,104.750,105.265,105.796,106.345,106.914,107.505,108.121,108.765,109.442,110.157,110.916,111.730,112.612,113.579,114.662,115.906,117.384,119.104,120.000,120.000,120.000,120.000,120.000,120.000,120.000,120.000,120.000,120.000,120.000,120.000,120.000,120.000,120.000,120.000,120.000,120.000,120.000,120.000,120.000,120.000,120.000,120.000,120.000,120.000,120.000,120.000,120.000,120.000,120.000
60.000,60.000,60.000,60.000,60.000,60.000,60.000,60.000,60.000,60.000,60.000,60.000,60.000,60.000,60.000,60.000,60.000,60.000,60.000,60.000,60.000,60.000,60.000,60.000,60.000,60.000,60.000,60.000,60.000,60.000,60.000,60.000,60.000,60.000,60.000,60.000,60.000,60.000,60.000,60.000,60.000,60.000,60.000,60.000,60.000,60.000,60.000,60.000,60.000,60.000,60.000,60.000,60.000,60.000,60.000,60.000,60.000,60.000,60.000,60.000,60.000,60.000,60.000,60.000,60.000,60.000,60.000,60.000,60.000,60.000,60.000,60.000,60.000,60.000,60.000,60.000,60.000,60.000,60.000,60.000,60.000,60.000,60.000,60.000,60.000,60.000,60.000,60.000,60.000,60.000,60.000,60.000,60.000,60.000,60.000,60.000,60.000,60.000,60.000,60.000,60.000,60.000,60.000,60.000,60.000,60.000,60.000,60.000,60.000,60.000,60.000,60.000,60.000,60.000,60.000,60.000,60.000,60.000,60.000,60.000,60.000,60.000,60.000,60.000,60.000,60.000,60.000,60.000,60.000,60.000,60.000,60.000,60.000,60.000,60.000,60.000,60.000,60.000,60.000,60.000,60.000,60.000,60.000,60.000,60.000,60.000,60.000,60.000,60.000,60.000,60.000,60.000,60.000,60.000,60.000,60.000,60.000,60.000,60.000,60.000,60.000,60.000,60.000,60.000,60.000,60.000,60.000,60.000,60.000,60.000,60.000,60.000,60.000,60.000,60.000,60.000,60.000,60.000,60.000,60.000,60.000,60.000,60.000,60.000,60.000,60.000,60.000,60.000,60.000,60.000,60.011,60.078,60.146,60.214,60.282,60.350,60.419,60.487,60.555,60.624,60.693,60.761,60.830,60.899,60.968,61.037,61.107,61.176,61.246,61.315,61.385,61.455,61.525,61.595,61.665,61.736,61.806,61.877,61.948,62.018,62.089,62.161,62.232,62.303,62.375,62.447,62.518,62.590,62.663,62.735,62.807,62.880,62.952,63.025,63.098,63.172,63.245,63.318,63.392,63.466,63.540,63.614,63.688,63.763,63.837,63.912,63.987,64.062,64.138,64.213,64.289,64.365,64.441,64.517,64.593,64.670,64.747,64.824,64.901,64.978,65.056,65.134,65.212,65.290,65.368,65.447,65.525,65.604,65.684,65.763,65.843,65.922,66.003,66.083,66.163,66.244,66.325,66.406,66.487,66.569,66.651,66.733,66.815,66.898,66.981,67.064,67.159,67.318,67.478,67.639,67.800,67.961,68.123,68.285,68.448,68.612,68.775,68.940,69.105,69.270,69.436,69.602,69.769,69.937,70.105,70.274,70.443,70.613,70.783,70.954,71.125,71.297,71.470,71.643,71.817,71.991,72.166,72.342,72.518,72.695,72.872,73.050,73.229,73.409,73.589,73.770,73.951,74.133,74.316,74.500,74.684,74.869,75.055,75.241,75.429,75.617,75.805,75.995,76.185,76.376,76.568,76.761,76.955,77.149,77.344,77.540,77.737,77.935,78.134,78.334,78.534,78.736,78.938,79.142,79.346,79.552,79.758,79.965,80.174,80.383,80.594,80.805,81.018,81.232,81.447,81.663,81.880,82.099,82.318,82.539,82.762,82.985,83.210,83.436,83.663,83.892,84.122,84.353,84.586,84.821,85.057,85.294,85.533,85.774,86.016,86.260,86.505,86.752,87.001,87.252,87.504,87.759,88.015,88.274,88.534,88.796,89.061,89.327,89.596,89.867,90.140,90.416,90.694,90.975,91.258,91.544,91.833,92.124,92.418,92.715,93.016,93.319,93.626,93.936,94.249,94.566,94.887,95.212,95.540,95.873,96.210,96.552,96.898,97.249,97.605,97.967,98.334,98.706,99.085,99.470,99.862,100.261,100.668,101.082,101.505,101.936,102.377,102.829,103.291,103.764,104.251,104.751,105.266,105.797,106.347,106.916,107.507,108.123,108.768,109.445,110.160,110.920,111.734,112.616,113.585,114.670,115.917,117.403,119.137,120.000,120.000,120.000,120.000,120.000,120.000,120.000,120.000,120.000,120.000,120.000,120.000,120.000,120.000,120.000,120.000,120.000,120.000,120.000,120.000,120.000,120.000,120.000,120.000,120.000,120.000,120.000,120.000,120.000,120.000,120.000
60.000,60.000,60.000,60.000,60.000,60.000,60.000,60.000,60.000,60.000,60.000,60.000,60.000,60.000,60.000,60.000,60.000,60.000,60.000,60.000,60.000,60.000,60.000,60.000,60.000,60.000,60.000,60.000,60.000,60.000,60.000,60.000,60.000,60.000,60.000,60.000,60.000,60.000,60.000,60.000,60.000,60.000,60.000,60.000,60.000,60.000,60.000,60.000,60.000,60.000,60.000,60.000,60.000,60.000,60.000,60.000,60.000,60.000,60.000,60.000,60.000,60.000,60.000,60.000,60.000,60.000,60.000,60.000,60.000,60.000,60.000,60.000,60.000,60.000,60.000,60.000,60.000,60.000,60.000,60.000,60.000,60.000,60.000,60.000,60.000,60.000,60.000,60.000,60.000,60.000,60.000,60.000,60.000,60.000,60.000,60.000,60.000,60.000,60.000,60.000,60.000,60.000,60.000,60.000,60.000,60.000,60.000,60.000,60.000,60.000,60.000,60.000,60.000,60.000,60.000,60.000,60.000,60.000,60.000,60.000,60.000,60.000,60.000,60.000,60.000,60.000,60.000,60.000,60.000,60.000,60.000,60.000,60.000,60.000,60.000,60.000,60.000,60.000,60.000,60.000,60.000,60.000,60.000,60.000,60.000,60.000,60.000,60.000,60.000,60.000,60.000,60.000,60.000,60.000,60.000,60.000,60.000,60.000,60.000,60.000,60.000,60.000,60.000,60.000,60.000,60.000,60.000,60.000,60.000,60.000,60.000,60.000,60.000,60.000,60.000,60.000,60.000,60.000,60.000,60.000,60.000,60.000,60.000,60.000,60.066,60.133,60.201,60.268,60.336,60.404,60.471,60.539,60.607,60.675,60.743,60.812,60.880,60.948,61.017,61.086,61.154,61.223,61.292,61.361,61.430,61.500,61.569,61.639,61.708,61.778,61.848,61.918,61.988,62.058,62.128,62.199,62.269,62.340,62.411,62.482,62.553,62.624,62.695,62.767,62.838,62.910,62.982,63.054,63.126,63.198,63.271,63.343,63.416,63.489,63.562,63.635,63.709,63.782,63.856,63.930,64.003,64.078,64.152,64.226,64.301,64.376,64.451,64.526,64.601,64.677,64.752,64.828,64.904,64.981,65.057,65.133,65.210,65.287,65.364,65.442,65.519,65.597,65.675,65.753,65.831,65.910,65.989,66.068,66.147,66.226,66.306,66.385,66.465,66.546,66.626,66.707,66.788,66.869,66.950,67.032,67.113,67.196,67.278,67.360,67.443,67.526,67.609,67.693,67.776,67.860,67.945,68.029,68.123,68.286,68.449,68.612,68.776,68.940,69.105,69.270,69.436,69.603,69.770,69.937,70.105,70.274,70.443,70.613,70.783,70.954,71.125,71.297,71.470,71.643,71.817,71.991,72.166,72.342,72.518,72.695,72.873,73.051,73.229,73.409,73.589,73.770,73.951,74.134,74.316,74.500,74.684,74.869,75.055,75.242,75.429,75.617,75.806,75.995,76.186,76.377,76.569,76.761,76.955,77.149,77.345,77.541,77.738,77.936,78.134,78.334,78.535,78.736,78.939,79.142,79.346,79.552,79.758,79.966,80.174,80.384,80.594,80.806,81.018,81.232,81.447,81.663,81.881,82.099,82.319,82.540,82.762,82.985,83.210,83.436,83.663,83.892,84.122,84.354,84.587,84.821,85.057,85.294,85.533,85.774,86.016,86.260,86.505,86.753,87.002,87.252,87.505,87.759,88.016,88.274,88.534,88.797,89.061,89.328,89.596,89.867,90.141,90.417,90.695,90.975,91.259,91.544,91.833,92.124,92.419,92.716,93.016,93.320,93.626,93.936,94.250,94.567,94.888,95.212,95.541,95.874,96.211,96.552,96.899,97.250,97.606,97.967,98.334,98.707,99.086,99.471,99.863,100.262,100.668,101.083,101.506,101.937,102.378,102.830,103.292,103.766,104.252,104.752,105.267,105.799,106.348,106.917,107.509,108.125,108.770,109.447,110.163,110.923,111.738,112.621,113.591,114.678,115.929,117.422,119.171,120.000,120.000,120.000,120.000,120.000,120.000,120.000,120.000,120.000,120.000,120.000,120.000,120.000,120.000,120.000,120.000,120.000,120.000,120.000,120.000,120.000,120.000,120.000,120.000,120.000,120.000,120.000,120.000,120.000,120.000,120.000
60.000,60.000,60.000,60.000,60.000,60.000,60.000,60.000,60.000,60.000,60.000,60.000,60.000,60.000,60.000,60.000,60.000,60.000,60.000,60.000,60.000,60.000,60.000,60.000,60.000,60.000,60.000,60.000,60.000,60.000,60.000,60.000,60.000,60.000,60.000,60.000,60.000,60.000,60.000,60.000,60.000,60.000,60.000,60.000,60.000,60.000,60.000,60.000,60.000,60.000,60.000,60.000,60.000,60.000,60.000,60.000,60.000,60.000,60.000,60.000,60.000,60.000,60.000,60.000,60.000,60.000,60.000,60.000,60.000,60.000,60.000,60.000,60.000,60.000,60.000,60.000,60.000,60.000,60.000,60.000,60.000,60.000,60.000,60.000,60.000,60.000,60.000,60.000,60.000,60.000,60.000,60.000,60.000,60.000,60.000,60.000,60.000,60.000,60.000,60.000,60.000,60.000,60.000,60.000,60.000,60.000,60.000,60.000,60.000,60.000,60.000,60.000,60.000,60.000,60.000,60.000,60.000,60.000,60.000,60.000,60.000,60.000,60.000,60.000,60.000,60.000,60.000,60.000,60.000,60.000,60.000,60.000,60.000,60.000,60.000,60.000,60.000,60.000,60.000,60.000,60.000,60.000,60.000,60.000,60.000,60.000,60.000,60.000,60.000,60.000,60.000,60.000,60.000,60.000,60.000,60.000,60.000,60.000,60.000,60.000,60.000,60.000,60.000,60.000,60.000,60.000,60.000,60.000,60.000,60.000,60.000,60.000,60.000,60.000,60.000,60.000,60.000,60.067,60.134,60.201,60.268,60.335,60.403,60.470,60.538,60.605,60.673,60.740,60.808,60.876,60.944,61.012,61.080,61.148,61.217,61.285,61.354,61.422,61.491,61.560,61.628,61.697,61.766,61.836,61.905,61.974,62.044,62.113,62.183,62.253,62.323,62.393,62.463,62.533,62.604,62.674,62.745,62.815,62.886,62.957,63.028,63.100,63.171,63.243,63.314,63.386,63.458,63.530,63.602,63.674,63.747,63.820,63.892,63.965,64.038,64.112,64.185,64.258,64.332,64.406,64.480,64.554,64.628,64.703,64.777,64.852,64.927,65.002,65.078,65.153,65.229,65.305,65.381,65.457,65.533,65.610,65.687,65.763,65.841,65.918,65.995,66.073,66.151,66.229,66.307,66.386,66.465,66.544,66.623,66.702,66.782,66.861,66.941,67.022,67.102,67.183,67.263,67.344,67.426,67.507,67.589,67.671,67.753,67.836,67.918,68.001,68.085,68.168,68.252,68.336,68.420,68.504,68.589,68.674,68.759,68.845,68.930,69.016,69.105,69.271,69.437,69.603,69.770,69.938,70.106,70.274,70.443,70.613,70.783,70.954,71.126,71.298,71.470,71.643,71.817,71.992,72.167,72.342,72.518,72.695,72.873,73.051,73.230,73.409,73.589,73.770,73.952,74.134,74.317,74.500,74.685,74.870,75.055,75.242,75.429,75.617,75.806,75.995,76.186,76.377,76.569,76.762,76.955,77.150,77.345,77.541,77.738,77.936,78.135,78.334,78.535,78.736,78.939,79.142,79.347,79.552,79.759,79.966,80.174,80.384,80.594,80.806,81.019,81.233,81.448,81.664,81.881,82.099,82.319,82.540,82.762,82.986,83.210,83.436,83.664,83.892,84.123,84.354,84.587,84.821,85.057,85.295,85.534,85.774,86.016,86.260,86.506,86.753,87.002,87.253,87.505,87.760,88.016,88.274,88.535,88.797,89.061,89.328,89.597,89.868,90.141,90.417,90.695,90.976,91.259,91.545,91.833,92.125,92.419,92.716,93.017,93.320,93.627,93.937,94.250,94.567,94.888,95.213,95.542,95.874,96.212,96.553,96.899,97.250,97.607,97.968,98.335,98.708,99.087,99.472,99.864,100.263,100.669,101.084,101.507,101.938,102.379,102.831,103.293,103.767,104.253,104.754,105.269,105.800,106.350,106.919,107.511,108.127,108.772,109.450,110.166,110.927,111.742,112.626,113.597,114.686,115.940,117.441,119.206,120.000,120.000,120.000,120.000,120.000,120.000,120.000,120.000,120.000,120.000,120.000,120.000,120.000,120.000,120.000,120.000,120.000,120.000,120.000,120.000,120.000,120.000,120.000,120.000,120.000,120.000,120.000,120.000,120.000,120.000,120.000
60.000,60.000,60.000,60.000,60.000,60.000,60.000,60.000,60.000,60.000,60.000,60.000,60.000,60.000,60.000,60.000,60.000,60.000,60.000,60.000,60.000,60.000,60.000,60.000,60.000,60.000,60.000,60.000,60.000,60.000,60.000,60.000,60.000,60.000,60.000,60.000,60.000,60.000,60.000,60.000,60.000,60.000,60.000,60.000,60.000,60.000,60.000,60.000,60.000,60.000,60.000,60.000,60.000,60.000,60.000,60.000,60.000,60.000,60.000,60.000,60.000,60.000,60.000,60.000,60.000,60.000,60.000,60.000,60.000,60.000,60.000,60.000,60.000,60.000,60.000,60.000,60.000,60.000,60.000,60.000,60.000,60.000,60.000,60.000,60.000,60.000,60.000,60.000,60.000,60.000,60.000,60.000,60.000,60.000,60.000,60.000,60.000,60.000,60.000,60.000,60.000,60.000,60.000,60.000,60.000,60.000,60.000,60.000,60.000,60.000,60.000,60.000,60.000,60.000,60.000,60.000,60.000,60.000,60.000,60.000,60.000,60.000,60.000,60.000,60.000,60.000,60.000,60.000,60.000,60.000,60.000,60.000,60.000,60.000,60.000,60.000,60.000,60.000,60.000,60.000,60.000,60.000,60.000,60.000,60.000,60.000,60.000,60.000,60.000,60.000,60.000,60.000,60.000,60.000,60.000,60.000,60.000,60.000,60.000,60.000,60.000,60.000,60.000,60.000,60.000,60.000,60.000,60.000,60.000,60.014,60.080,60.147,60.214,60.281,60.348,60.415,60.482,60.549,60.617,60.684,60.751,60.819,60.886,60.954,61.022,61.089,61.157,61.225,61.293,61.361,61.429,61.497,61.566,61.634,61.702,61.771,61.840,61.908,61.977,62.046,62.115,62.184,62.253,62.323,62.392,62.462,62.531,62.601,62.671,62.741,62.811,62.881,62.951,63.021,63.092,63.163,63.233,63.304,63.375,63.446,63.517,63.589,63.660,63.732,63.803,63.875,63.947,64.019,64.091,64.164,64.236,64.309,64.382,64.455,64.528,64.601,64.675,64.748,64.822,64.896,64.970,65.044,65.118,65.193,65.267,65.342,65.417,65.492,65.567,65.643,65.719,65.794,65.870,65.947,66.023,66.100,66.176,66.253,66.330,66.408,66.485,66.563,66.641,66.719,66.797,66.876,66.954,67.033,67.112,67.192,67.271,67.351,67.431,67.511,67.591,67.672,67.753,67.834,67.915,67.997,68.078,68.160,68.242,68.325,68.408,68.490,68.574,68.657,68.741,68.825,68.909,68.993,69.078,69.163,69.248,69.333,69.419,69.505,69.591,69.678,69.765,69.852,69.939,70.027,70.114,70.274,70.444,70.613,70.784,70.954,71.126,71.298,71.470,71.644,71.817,71.992,72.167,72.342,72.519,72.696,72.873,73.051,73.230,73.410,73.590,73.770,73.952,74.134,74.317,74.501,74.685,74.870,75.056,75.242,75.429,75.617,75.806,75.996,76.186,76.377,76.569,76.762,76.955,77.150,77.345,77.541,77.738,77.936,78.135,78.335,78.535,78.737,78.939,79.143,79.347,79.552,79.759,79.966,80.175,80.384,80.595,80.806,81.019,81.233,81.448,81.664,81.881,82.100,82.320,82.540,82.763,82.986,83.211,83.437,83.664,83.893,84.123,84.354,84.587,84.822,85.058,85.295,85.534,85.775,86.017,86.261,86.506,86.753,87.002,87.253,87.506,87.760,88.016,88.275,88.535,88.797,89.062,89.328,89.597,89.868,90.142,90.417,90.696,90.976,91.260,91.545,91.834,92.125,92.420,92.717,93.017,93.321,93.627,93.937,94.251,94.568,94.889,95.214,95.542,95.875,96.212,96.554,96.900,97.251,97.607,97.969,98.336,98.709,99.087,99.473,99.865,100.264,100.670,101.085,101.507,101.939,102.380,102.832,103.294,103.768,104.255,104.755,105.270,105.802,106.351,106.921,107.513,108.129,108.775,109.453,110.169,110.930,111.746,112.631,113.603,114.694,115.952,117.461,119.241,120.000,120.000,120.000,120.000,120.000,120.000,120.000,120.000,120.000,120.000,120.000,120.000,120.000,120.000,120.000,120.000,120.000,120.000,120.000,120.000,120.000,120.000,120.000,120.000,120.000,120.000,120.000,120.000,120.000,120.000,120.000
60.000,60.000,60.000,60.000,60.000,60.000,60.000,60.000,60.000,60.000,60.000,60.000,60.000,60.000,60.000,60.000,60.000,60.000,60.000,60.000,60.000,60.000,60.000,60.000,60.000,60.000,60.000,60.000,60.000,60.000,60.000,60.000,60.000,60.000,60.000,60.000,60.000,60.000,60.000,60.000,60.000,60.000,60.000,60.000,60.000,60.000,60.000,60.000,60.000,60.000,60.000,60.000,60.000,60.000,60.000,60.000,60.000,60.000,60.000,60.000,60.000,60.000,60.000,60.000,60.000,60.000,60.000,60.000,60.000,60.000,60.000,60.000,60.000,60.000,60.000,60.000,60.000,60.000,60.000,60.000,60.000,60.000,60.000,60.000,60.000,60.000,60.000,60.000,60.000,60.000,60.000,60.000,60.000,60.000,60.000,60.000,60.000,60.000,60.000,60.000,60.000,60.000,60.000,60.000,60.000,60.000,60.000,60.000,60.000,60.000,60.000,60.000,60.000,60.000,60.000,60.000,60.000,60.000,60.000,60.000,60.000,60.000,60.000,60.000,60.000,60.000,60.000,60.000,60.000,60.000,60.000,60.000,60.000,60.000,60.000,60.000,60.000,60.000,60.000,60.000,60.000,60.000,60.000,60.000,60.000,60.000,60.000,60.000,60.000,60.000,60.000,60.000,60.000,60.000,60.000,60.000,60.000,60.000,60.000,60.000,60.000,60.000,60.038,60.105,60.172,60.239,60.306,60.372,60.439,60.506,60.574,60.641,60.708,60.775,60.842,60.910,60.977,61.044,61.112,61.180,61.247,61.315,61.383,61.450,61.518,61.586,61.654,61.723,61.791,61.859,61.927,61.996,62.064,62.133,62.201,62.270,62.339,62.408,62.477,62.546,62.615,62.684,62.754,62.823,62.893,62.962,63.032,63.102,63.172,63.242,63.312,63.383,63.453,63.523,63.594,63.665,63.735,63.806,63.877,63.949,64.020,64.091,64.163,64.235,64.306,64.378,64.450,64.522,64.595,64.667,64.740,64.813,64.885,64.958,65.032,65.105,65.178,65.252,65.326,65.399,65.473,65.548,65.622,65.697,65.771,65.846,65.921,65.996,66.072,66.147,66.223,66.299,66.375,66.451,66.527,66.604,66.680,66.757,66.834,66.912,66.989,67.067,67.145,67.223,67.301,67.380,67.458,67.537,67.616,67.695,67.775,67.855,67.935,68.015,68.095,68.176,68.256,68.337,68.419,68.500,68.582,68.664,68.746,68.828,68.911,68.994,69.077,69.160,69.244,69.328,69.412,69.496,69.581,69.666,69.751,69.836,69.922,70.008,70.094,70.181,70.267,70.354,70.442,70.529,70.617,70.705,70.794,70.883,70.972,71.061,71.151,71.298,71.471,71.644,71.818,71.992,72.167,72.343,72.519,72.696,72.873,73.052,73.230,73.410,73.590,73.771,73.952,74.134,74.317,74.501,74.685,74.870,75.056,75.242,75.430,75.618,75.807,75.996,76.186,76.378,76.569,76.762,76.956,77.150,77.345,77.542,77.739,77.936,78.135,78.335,78.536,78.737,78.940,79.143,79.347,79.553,79.759,79.967,80.175,80.385,80.595,80.807,81.019,81.233,81.448,81.664,81.882,82.100,82.320,82.541,82.763,82.986,83.211,83.437,83.664,83.893,84.123,84.355,84.588,84.822,85.058,85.296,85.535,85.775,86.017,86.261,86.507,86.754,87.003,87.253,87.506,87.761,88.017,88.275,88.536,88.798,89.062,89.329,89.598,89.869,90.142,90.418,90.696,90.977,91.260,91.546,91.834,92.126,92.420,92.717,93.018,93.321,93.628,93.938,94.251,94.569,94.889,95.214,95.543,95.876,96.213,96.554,96.901,97.252,97.608,97.970,98.337,98.709,99.088,99.474,99.866,100.265,100.671,101.086,101.508,101.940,102.381,102.833,103.295,103.769,104.256,104.756,105.272,105.803,106.353,106.923,107.515,108.132,108.777,109.455,110.172,110.933,111.750,112.636,113.609,114.702,115.964,117.480,119.277,120.000,120.000,120.000,120.000,120.000,120.000,120.000,120.000,120.000,120.000,120.000,120.000,120.000,120.000,120.000,120.000,120.000,120.000,120.000,120.000,120.000,120.000,120.000,120.000,120.000,120.000,120.000,120.000,120.000,120.000,120.000
60.000,60.000,60.000,60.000,60.000,60.000,60.000,60.000,60.000,60.000,60.000,60.000,60.000,60.000,60.000,60.000,60.000,60.000,60.000,60.000,60.000,60.000,60.000,60.000,60.000,60.000,60.000,60.000,60.000,60.000,60.000,60.000,60.000,60.000,60.000,60.000,60.000,60.000,60.000,60.000,60.000,60.000,60.000,60.000,60.000,60.000,60.000,60.000,60.000,60.000,60.000,60.000,60.000,60.000,60.000,60.000,60.000,60.000,60.000,60.000,60.000,60.000,60.000,60.000,60.000,60.000,60.000,60.000,60.000,60.000,60.000,60.000,60.000,60.000,60.000,60.000,60.000,60.000,60.000,60.000,60.000,60.000,60.000,60.000,60.000,60.000,60.000,60.000,60.000,60.000,60.000,60.000,60.000,60.000,60.000,60.000,60.000,60.000,60.000,60.000,60.000,60.000,60.000,60.000,60.000,60.000,60.000,60.000,60.000,60.000,60.000,60.000,60.000,60.000,60.000,60.000,60.000,60.000,60.000,60.000,60.000,60.000,60.000,60.000,60.000,60.000,60.000,60.000,60.000,60.000,60.000,60.000,60.000,60.000,60.000,60.000,60.000,60.000,60.000,60.000,60.000,60.000,60.000,60.000,60.000,60.000,60.000,60.000,60.000,60.000,60.000,60.000,60.000,60.000,60.006,60.073,60.140,60.207,60.274,60.341,60.408,60.475,60.542,60.609,60.676,60.743,60.810,60.878,60.945,61.012,61.080,61.147,61.215,61.282,61.350,61.417,61.485,61.553,61.621,61.688,61.756,61.824,61.892,61.961,62.029,62.097,62.165,62.234,62.302,62.371,62.439,62.508,62.577,62.645,62.714,62.783,62.852,62.921,62.991,63.060,63.129,63.199,63.268,63.338,63.408,63.477,63.547,63.617,63.688,63.758,63.828,63.898,63.969,64.040,64.110,64.181,64.252,64.323,64.394,64.466,64.537,64.609,64.680,64.752,64.824,64.896,64.968,65.040,65.113,65.185,65.258,65.331,65.404,65.477,65.550,65.623,65.697,65.770,65.844,65.918,65.992,66.066,66.141,66.215,66.290,66.365,66.440,66.515,66.590,66.666,66.742,66.817,66.894,66.970,67.046,67.123,67.199,67.276,67.353,67.431,67.508,67.586,67.664,67.742,67.820,67.899,67.977,68.056,68.135,68.214,68.294,68.373,68.453,68.534,68.614,68.694,68.775,68.856,68.937,69.019,69.100,69.182,69.265,69.347,69.429,69.512,69.595,69.679,69.762,69.846,69.930,70.015,70.099,70.184,70.269,70.355,70.440,70.526,70.612,70.699,70.786,70.873,70.960,71.047,71.135,71.223,71.312,71.401,71.490,71.579,71.668,71.758,71.849,71.939,72.030,72.121,72.213,72.343,72.519,72.696,72.874,73.052,73.231,73.410,73.590,73.771,73.953,74.135,74.318,74.501,74.686,74.871,75.056,75.243,75.430,75.618,75.807,75.996,76.187,76.378,76.570,76.763,76.956,77.151,77.346,77.542,77.739,77.937,78.136,78.335,78.536,78.737,78.940,79.143,79.348,79.553,79.760,79.967,80.175,80.385,80.595,80.807,81.020,81.234,81.449,81.665,81.882,82.101,82.320,82.541,82.763,82.987,83.211,83.437,83.665,83.894,84.124,84.355,84.588,84.823,85.058,85.296,85.535,85.775,86.018,86.261,86.507,86.754,87.003,87.254,87.506,87.761,88.017,88.276,88.536,88.798,89.063,89.329,89.598,89.869,90.143,90.418,90.697,90.977,91.260,91.546,91.835,92.126,92.421,92.718,93.018,93.322,93.628,93.938,94.252,94.569,94.890,95.215,95.543,95.876,96.213,96.555,96.901,97.252,97.609,97.970,98.337,98.710,99.089,99.474,99.866,100.265,100.672,101.087,101.509,101.941,102.383,102.834,103.296,103.770,104.257,104.758,105.273,105.805,106.355,106.924,107.517,108.134,108.779,109.458,110.175,110.937,111.754,112.640,113.615,114.710,115.975,117.500,119.314,120.000,120.000,120.000,120.000,120.000,120.000,120.000,120.000,120.000,120.000,120.000,120.000,120.000,120.000,120.000,120.000,120.000,120.000,120.000,120.000,120.000,120.000,120.000,120.000,120.000,120.000,120.000,120.000,120.000,120.000,120.000
60.000,60.000,60.000,60.000,60.000,60.000,60.000,60.000,60.000,60.000,60.000,60.000,60.000,60.000,60.000,60.000,60.000,60.000,60.000,60.000,60.000,60.000,60.000,60.000,60.000,60.000,60.000,60.000,60.000,60.000,60.000,60.000,60.000,60.000,60.000,60.000,60.000,60.000,60.000,60.000,60.000,60.000,60.000,60.000,60.000,60.000,60.000,60.000,60.000,60.000,60.000,60.000,60.000,60.000,60.000,60.000,60.000,60.000,60.000,60.000,60.000,60.000,60.000,60.000,60.000,60.000,60.000,60.000,60.000,60.000,60.000,60.000,60.000,60.000,60.000,60.000,60.000,60.000,60.000,60.000,60.000,60.000,60.000,60.000,60.000,60.000,60.000,60.000,60.000,60.000,60.000,60.000,60.000,60.000,60.000,60.000,60.000,60.000,60.000,60.000,60.000,60.000,60.000,60.000,60.000,60.000,60.000,60.000,60.000,60.000,60.000,60.000,60.000,60.000,60.000,60.000,60.000,60.000,60.000,60.000,60.000,60.000,60.000,60.000,60.000,60.000,60.000,60.000,60.000,60.000,60.000,60.000,60.000,60.000,60.000,60.000,60.000,60.000,60.000,60.000,60.000,60.000,60.000,60.000,60.000,60.000,60.000,60.049,60.116,60.183,60.250,60.318,60.385,60.452,60.519,60.587,60.654,60.721,60.788,60.856,60.923,60.991,61.058,61.126,61.193,61.261,61.328,61.396,61.464,61.532,61.599,61.667,61.735,61.803,61.871,61.939,62.007,62.075,62.143,62.211,62.280,62.348,62.416,62.485,62.553,62.622,62.690,62.759,62.828,62.897,62.965,63.034,63.103,63.172,63.242,63.311,63.380,63.449,63.519,63.588,63.658,63.728,63.797,63.867,63.937,64.007,64.077,64.148,64.218,64.288,64.359,64.429,64.500,64.571,64.642,64.713,64.784,64.855,64.926,64.998,65.069,65.141,65.213,65.285,65.357,65.429,65.501,65.573,65.646,65.719,65.791,65.864,65.937,66.010,66.084,66.157,66.231,66.304,66.378,66.452,66.526,66.601,66.675,66.750,66.824,66.899,66.974,67.050,67.125,67.201,67.276,67.352,67.428,67.504,67.581,67.657,67.734,67.811,67.888,67.966,68.043,68.121,68.199,68.277,68.355,68.433,68.512,68.591,68.670,68.749,68.829,68.908,68.988,69.068,69.149,69.229,69.310,69.391,69.472,69.553,69.635,69.717,69.799,69.881,69.964,70.047,70.130,70.213,70.297,70.381,70.465,70.549,70.633,70.718,70.803,70.889,70.974,71.060,71.146,71.233,71.320,71.406,71.494,71.581,71.669,71.757,71.846,71.934,72.023,72.113,72.202,72.292,72.382,72.473,72.564,72.655,72.746,72.838,72.930,73.023,73.115,73.209,73.302,73.410,73.591,73.771,73.953,74.135,74.318,74.501,74.686,74.871,75.057,75.243,75.430,75.618,75.807,75.997,76.187,76.378,76.570,76.763,76.956,77.151,77.346,77.542,77.739,77.937,78.136,78.336,78.536,78.738,78.940,79.144,79.348,79.553,79.760,79.967,80.176,80.385,80.596,80.807,81.020,81.234,81.449,81.665,81.882,82.101,82.321,82.541,82.764,82.987,83.212,83.438,83.665,83.894,84.124,84.356,84.588,84.823,85.059,85.296,85.535,85.776,86.018,86.262,86.507,86.755,87.004,87.254,87.507,87.761,88.018,88.276,88.536,88.799,89.063,89.330,89.599,89.870,90.143,90.419,90.697,90.978,91.261,91.547,91.835,92.127,92.421,92.718,93.019,93.322,93.629,93.939,94.253,94.570,94.891,95.215,95.544,95.877,96.214,96.556,96.902,97.253,97.609,97.971,98.338,98.711,99.090,99.475,99.867,100.266,100.673,101.087,101.510,101.942,102.384,102.835,103.298,103.772,104.259,104.759,105.275,105.806,106.356,106.926,107.518,108.136,108.782,109.460,110.177,110.940,111.758,112.645,113.621,114.718,115.987,117.520,119.352,120.000,120.000,120.000,120.000,120.000,120.000,120.000,120.000,120.000,120.000,120.000,120.000,120.000,120.000,120.000,120.000,120.000,120.000,120.000,120.000,120.000,120.000,120.000,120.000,120.000,120.000,120.000,120.000,120.000,120.000,120.000
60.000,60.000,60.000,60.000,60.000,60.000,60.000,60.000,60.000,60.000,60.000,60.000,60.000,60.000,60.000,60.000,60.000,60.000,60.000,60.000,60.000,60.000,60.000,60.000,60.000,60.000,60.000,60.000,60.000,60.000,60.000,60.000,60.000,60.000,60.000,60.000,60.000,60.000,60.000,60.000,60.000,60.000,60.000,60.000,60.000,60.000,60.000,60.000,60.000,60.000,60.000,60.000,60.000,60.000,60.000,60.000,60.000,60.000,60.000,60.000,60.000,60.000,60.000,60.000,60.000,60.000,60.000,60.000,60.000,60.000,60.000,60.000,60.000,60.000,60.000,60.000,60.000,60.000,60.000,60.000,60.000,60.000,60.000,60.000,60.000,60.000,60.000,60.000,60.000,60.000,60.000,60.000,60.000,60.000,60.000,60.000,60.000,60.000,60.000,60.000,60.000,60.000,60.000,60.000,60.000,60.000,60.000,60.000,60.000,60.000,60.000,60.000,60.000,60.000,60.000,60.000,60.000,60.000,60.000,60.000,60.000,60.000,60.000,60.000,60.000,60.000,60.000,60.000,60.000,60.000,60.000,60.000,60.000,60.000,60.000,60.000,60.000,60.000,60.000,60.031,60.098,60.166,60.234,60.301,60.369,60.436,60.504,60.572,60.639,60.707,60.775,60.842,60.910,60.978,61.046,61.113,61.181,61.249,61.317,61.385,61.453,61.521,61.588,61.656,61.724,61.792,61.861,61.929,61.997,62.065,62.133,62.201,62.270,62.338,62.406,62.475,62.543,62.612,62.680,62.749,62.817,62.886,62.955,63.024,63.092,63.161,63.230,63.299,63.368,63.437,63.507,63.576,63.645,63.714,63.784,63.853,63.923,63.993,64.062,64.132,64.202,64.272,64.342,64.412,64.482,64.553,64.623,64.693,64.764,64.834,64.905,64.976,65.047,65.118,65.189,65.260,65.331,65.403,65.474,65.546,65.618,65.689,65.761,65.833,65.905,65.978,66.050,66.123,66.195,66.268,66.341,66.414,66.487,66.560,66.634,66.707,66.781,66.855,66.929,67.003,67.077,67.151,67.226,67.300,67.375,67.450,67.525,67.601,67.676,67.752,67.827,67.903,67.979,68.056,68.132,68.209,68.286,68.363,68.440,68.517,68.595,68.672,68.750,68.828,68.906,68.985,69.064,69.142,69.221,69.301,69.380,69.460,69.540,69.620,69.700,69.781,69.861,69.942,70.023,70.105,70.186,70.268,70.350,70.433,70.515,70.598,70.681,70.764,70.848,70.932,71.016,71.100,71.185,71.269,71.354,71.440,71.525,71.611,71.697,71.784,71.870,71.957,72.045,72.132,72.220,72.308,72.396,72.485,72.574,72.663,72.753,72.843,72.933,73.023,73.114,73.205,73.297,73.389,73.481,73.573,73.666,73.759,73.852,73.946,74.040,74.135,74.230,74.325,74.420,74.516,74.686,74.871,75.057,75.243,75.431,75.619,75.807,75.997,76.187,76.378,76.570,76.763,76.957,77.151,77.346,77.543,77.740,77.937,78.136,78.336,78.536,78.738,78.940,79.144,79.348,79.554,79.760,79.968,80.176,80.386,80.596,80.808,81.020,81.234,81.449,81.665,81.883,82.101,82.321,82.542,82.764,82.987,83.212,83.438,83.666,83.894,84.124,84.356,84.589,84.823,85.059,85.297,85.536,85.776,86.018,86.262,86.508,86.755,87.004,87.255,87.507,87.762,88.018,88.276,88.537,88.799,89.064,89.330,89.599,89.870,90.143,90.419,90.697,90.978,91.261,91.547,91.836,92.127,92.422,92.719,93.019,93.323,93.629,93.940,94.253,94.570,94.891,95.216,95.545,95.877,96.215,96.556,96.903,97.254,97.610,97.972,98.339,98.712,99.091,99.476,99.868,100.267,100.674,101.088,101.511,101.943,102.385,102.836,103.299,103.773,104.260,104.760,105.276,105.808,106.358,106.928,107.520,108.138,108.784,109.463,110.180,110.944,111.762,112.650,113.627,114.726,115.999,117.541,119.391,120.000,120.000,120.000,120.000,120.000,120.000,120.000,120.000,120.000,120.000,120.000,120.000,120.000,120.000,120.000,120.000,120.000,120.000,120.000,120.000,120.000,120.000,120.000,120.000,120.000,120.000,120.000,120.000,120.000,120.000,120.000
60.000,60.000,60.000,60.000,60.000,60.000,60.000,60.000,60.000,60.000,60.000,60.000,60.000,60.000,60.000,60.000,60.000,60.000,60.000,60.000,60.000,60.000,60.000,60.000,60.000,60.000,60.000,60.000,60.000,60.000,60.000,60.000,60.000,60.000,60.000,60.000,60.000,60.000,60.000,60.000,60.000,60.000,60.000,60.000,60.000,60.000,60.000,60.000,60.000,60.000,60.000,60.000,60.000,60.000,60.000,60.000,60.000,60.000,60.000,60.000,60.000,60.000,60.000,60.000,60.000,60.000,60.000,60.000,60.000,60.000,60.000,60.000,60.000,60.000,60.000,60.000,60.000,60.000,60.000,60.000,60.000,60.000,60.000,60.000,60.000,60.000,60.000,60.000,60.000,60.000,60.000,60.000,60.000,60.000,60.000,60.000,60.000,60.000,60.000,60.000,60.000,60.000,60.000,60.000,60.000,60.000,60.000,60.000,60.000,60.000,60.000,60.000,60.000,60.000,60.000,60.000,60.000,60.000,60.000,60.000,60.000,60.000,60.000,60.000,60.000,60.000,60.000,60.000,60.000,60.000,60.000,60.016,60.085,60.153,60.221,60.289,60.357,60.426,60.494,60.562,60.630,60.699,60.767,60.835,60.903,60.971,61.040,61.108,61.176,61.244,61.313,61.381,61.449,61.518,61.586,61.654,61.723,61.791,61.859,61.928,61.996,62.065,62.133,62.202,62.270,62.339,62.407,62.476,62.544,62.613,62.682,62.750,62.819,62.888,62.957,63.026,63.094,63.163,63.232,63.301,63.370,63.439,63.509,63.578,63.647,63.716,63.786,63.855,63.924,63.994,64.063,64.133,64.203,64.272,64.342,64.412,64.482,64.552,64.622,64.692,64.762,64.832,64.903,64.973,65.044,65.114,65.185,65.255,65.326,65.397,65.468,65.539,65.610,65.681,65.753,65.824,65.896,65.967,66.039,66.111,66.183,66.255,66.327,66.399,66.471,66.544,66.616,66.689,66.762,66.835,66.908,66.981,67.054,67.127,67.201,67.275,67.348,67.422,67.496,67.570,67.645,67.719,67.794,67.869,67.944,68.019,68.094,68.169,68.245,68.320,68.396,68.472,68.548,68.625,68.701,68.778,68.855,68.932,69.009,69.086,69.164,69.241,69.319,69.397,69.476,69.554,69.633,69.712,69.791,69.870,69.949,70.029,70.109,70.189,70.269,70.350,70.431,70.511,70.593,70.674,70.756,70.837,70.920,71.002,71.084,71.167,71.250,71.333,71.417,71.501,71.585,71.669,71.753,71.838,71.923,72.009,72.094,72.180,72.266,72.352,72.439,72.526,72.613,72.701,72.788,72.876,72.965,73.053,73.142,73.232,73.321,73.411,73.501,73.592,73.683,73.774,73.865,73.957,74.049,74.141,74.234,74.327,74.421,74.514,74.609,74.703,74.798,74.893,74.988,75.084,75.181,75.277,75.374,75.472,75.569,75.667,75.808,75.997,76.188,76.379,76.571,76.763,76.957,77.151,77.347,77.543,77.740,77.938,78.136,78.336,78.537,78.738,78.941,79.144,79.349,79.554,79.760,79.968,80.176,80.386,80.596,80.808,81.021,81.235,81.450,81.666,81.883,82.102,82.321,82.542,82.764,82.988,83.212,83.438,83.666,83.895,84.125,84.356,84.589,84.824,85.060,85.297,85.536,85.777,86.019,86.263,86.508,86.755,87.004,87.255,87.508,87.762,88.019,88.277,88.537,88.800,89.064,89.331,89.599,89.871,90.144,90.420,90.698,90.979,91.262,91.548,91.836,92.128,92.422,92.719,93.020,93.323,93.630,93.940,94.254,94.571,94.892,95.216,95.545,95.878,96.215,96.557,96.903,97.255,97.611,97.972,98.339,98.712,99.091,99.477,99.869,100.268,100.675,101.089,101.512,101.944,102.386,102.837,103.300,103.774,104.261,104.762,105.277,105.810,106.360,106.930,107.522,108.140,108.786,109.466,110.183,110.947,111.766,112.655,113.633,114.734,116.011,117.561,119.431,120.000,120.000,120.000,120.000,120.000,120.000,120.000,120.000,120.000,120.000,120.000,120.000,120.000,120.000,120.000,120.000,120.000,120.000,120.000,120.000,120.000,120.000,120.000,120.000,120.000,120.000,120.000,120.000,120.000,120.000,120.000
60.000,60.000,60.000,60.000,60.000,60.000,60.000,60.000,60.000,60.000,60.000,60.000,60.000,60.000,60.000,60.000,60.000,60.000,60.000,60.000,60.000,60.000,60.000,60.000,60.000,60.000,60.000,60.000,60.000,60.000,60.000,60.000,60.000,60.000,60.000,60.000,60.000,60.000,60.000,60.000,60.000,60.000,60.000,60.000,60.000,60.000,60.000,60.000,60.000,60.000,60.000,60.000,60.000,60.000,60.000,60.000,60.000,60.000,60.000,60.000,60.000,60.000,60.000,60.000,60.000,60.000,60.000,60.000,60.000,60.000,60.000,60.000,60.000,60.000,60.000,60.000,60.000,60.000,60.000,60.000,60.000,60.000,60.000,60.000,60.000,60.000,60.000,60.000,60.000,60.000,60.000,60.000,60.000,60.000,60.000,60.000,60.000,60.000,60.000,60.000,60.000,60.000,60.000,60.000,60.000,60.000,60.000,60.000,60.000,60.000,60.000,60.000,60.000,60.000,60.000,60.000,60.000,60.000,60.000,60.000,60.000,60.000,60.000,60.003,60.072,60.141,60.211,60.280,60.349,60.417,60.486,60.555,60.624,60.693,60.762,60.831,60.900,60.969,61.038,61.107,61.176,61.245,61.314,61.383,61.451,61.520,61.589,61.658,61.727,61.796,61.865,61.934,62.003,62.072,62.141,62.210,62.279,62.348,62.417,62.486,62.555,62.624,62.693,62.762,62.831,62.900,62.969,63.038,63.107,63.176,63.246,63.315,63.384,63.453,63.523,63.592,63.661,63.731,63.800,63.870,63.939,64.009,64.078,64.148,64.218,64.287,64.357,64.427,64.497,64.567,64.637,64.707,64.777,64.847,64.917,64.987,65.057,65.128,65.198,65.269,65.339,65.410,65.480,65.551,65.622,65.693,65.764,65.835,65.906,65.977,66.048,66.119,66.191,66.262,66.334,66.406,66.477,66.549,66.621,66.693,66.765,66.837,66.910,66.982,67.055,67.127,67.200,67.273,67.346,67.419,67.492,67.566,67.639,67.712,67.786,67.860,67.934,68.008,68.082,68.156,68.231,68.305,68.380,68.455,68.530,68.605,68.681,68.756,68.832,68.907,68.983,69.059,69.136,69.212,69.288,69.365,69.442,69.519,69.596,69.674,69.751,69.829,69.907,69.985,70.063,70.142,70.221,70.299,70.379,70.458,70.537,70.617,70.697,70.777,70.857,70.938,71.018,71.099,71.181,71.262,71.344,71.425,71.507,71.590,71.672,71.755,71.838,71.921,72.005,72.088,72.172,72.257,72.341,72.426,72.511,72.596,72.682,72.767,72.854,72.940,73.026,73.113,73.201,73.288,73.376,73.464,73.552,73.641,73.730,73.819,73.908,73.998,74.088,74.179,74.270,74.361,74.452,74.544,74.636,74.728,74.821,74.914,75.008,75.101,75.195,75.290,75.385,75.480,75.575,75.671,75.768,75.864,75.961,76.059,76.156,76.255,76.353,76.452,76.551,76.651,76.751,76.852,76.957,77.152,77.347,77.543,77.740,77.938,78.137,78.336,78.537,78.739,78.941,79.145,79.349,79.554,79.761,79.968,80.177,80.386,80.597,80.808,81.021,81.235,81.450,81.666,81.883,82.102,82.322,82.542,82.765,82.988,83.213,83.439,83.666,83.895,84.125,84.357,84.590,84.824,85.060,85.297,85.536,85.777,86.019,86.263,86.508,86.756,87.005,87.255,87.508,87.763,88.019,88.277,88.538,88.800,89.064,89.331,89.600,89.871,90.144,90.420,90.698,90.979,91.262,91.548,91.837,92.128,92.423,92.720,93.020,93.324,93.630,93.941,94.254,94.571,94.892,95.217,95.546,95.879,96.216,96.558,96.904,97.255,97.611,97.973,98.340,98.713,99.092,99.478,99.870,100.269,100.676,101.090,101.513,101.945,102.387,102.838,103.301,103.775,104.262,104.763,105.279,105.811,106.361,106.932,107.524,108.142,108.789,109.468,110.186,110.950,111.770,112.660,113.639,114.742,116.023,117.582,119.472,120.000,120.000,120.000,120.000,120.000,120.000,120.000,120.000,120.000,120.000,120.000,120.000,120.000,120.000,120.000,120.000,120.000,120.000,120.000,120.000,120.000,120.000,120.000,120.000,120.000,120.000,120.000,120.000,120.000,120.000,120.000
60.000,60.000,60.000,60.000,60.000,60.000,60.000,60.000,60.000,60.000,60.000,60.000,60.000,60.000,60.000,60.000,60.000,60.000,60.000,60.000,60.000,60.000,60.000,60.000,60.000,60.000,60.000,60.000,60.000,60.000,60.000,60.000,60.000,60.000,60.000,60.000,60.000,60.000,60.000,60.000,60.000,60.000,60.000,60.000,60.000,60.000,60.000,60.000,60.000,60.000,60.000,60.000,60.000,60.000,60.000,60.000,60.000,60.000,60.000,60.000,60.000,60.000,60.000,60.000,60.000,60.000,60.000,60.000,60.000,60.000,60.000,60.000,60.000,60.000,60.000,60.000,60.000,60.000,60.000,60.000,60.000,60.000,60.000,60.000,60.000,60.000,60.000,60.000,60.000,60.000,60.000,60.000,60.000,60.000,60.000,60.000,60.000,60.000,60.000,60.000,60.000,60.000,60.000,60.000,60.000,60.000,60.000,60.000,60.000,60.000,60.000,60.000,60.000,60.000,60.000,60.000,60.059,60.129,60.199,60.269,60.339,60.409,60.479,60.549,60.619,60.689,60.759,60.829,60.898,60.968,61.038,61.108,61.178,61.247,61.317,61.387,61.457,61.526,61.596,61.666,61.735,61.805,61.875,61.944,62.014,62.084,62.153,62.223,62.293,62.362,62.432,62.501,62.571,62.641,62.710,62.780,62.850,62.919,62.989,63.059,63.128,63.198,63.268,63.337,63.407,63.477,63.547,63.616,63.686,63.756,63.826,63.895,63.965,64.035,64.105,64.175,64.245,64.315,64.385,64.455,64.525,64.595,64.665,64.735,64.805,64.876,64.946,65.016,65.086,65.157,65.227,65.298,65.368,65.439,65.509,65.580,65.651,65.721,65.792,65.863,65.934,66.005,66.076,66.147,66.218,66.289,66.361,66.432,66.503,66.575,66.646,66.718,66.790,66.862,66.933,67.005,67.077,67.149,67.222,67.294,67.366,67.439,67.511,67.584,67.657,67.730,67.803,67.876,67.949,68.022,68.096,68.169,68.243,68.317,68.390,68.464,68.539,68.613,68.687,68.762,68.836,68.911,68.986,69.061,69.136,69.211,69.287,69.362,69.438,69.514,69.590,69.666,69.742,69.819,69.895,69.972,70.049,70.126,70.203,70.281,70.359,70.436,70.514,70.593,70.671,70.749,70.828,70.907,70.986,71.065,71.145,71.225,71.305,71.385,71.465,71.546,71.626,71.707,71.788,71.870,71.951,72.033,72.115,72.197,72.280,72.363,72.446,72.529,72.612,72.696,72.780,72.864,72.949,73.033,73.118,73.204,73.289,73.375,73.461,73.547,73.634,73.721,73.808,73.895,73.983,74.071,74.159,74.248,74.337,74.426,74.515,74.605,74.695,74.786,74.877,74.968,75.059,75.151,75.243,75.335,75.428,75.521,75.614,75.708,75.802,75.897,75.992,76.087,76.182,76.278,76.374,76.471,76.568,76.665,76.763,76.861,76.960,77.059,77.158,77.258,77.358,77.459,77.560,77.661,77.763,77.865,77.968,78.071,78.175,78.337,78.537,78.739,78.941,79.145,79.349,79.555,79.761,79.969,80.177,80.386,80.597,80.809,81.021,81.235,81.450,81.666,81.884,82.102,82.322,82.543,82.765,82.988,83.213,83.439,83.667,83.895,84.125,84.357,84.590,84.824,85.060,85.298,85.537,85.777,86.020,86.263,86.509,86.756,87.005,87.256,87.508,87.763,88.019,88.278,88.538,88.800,89.065,89.332,89.600,89.871,90.145,90.421,90.699,90.980,91.263,91.549,91.837,92.129,92.423,92.720,93.021,93.324,93.631,93.941,94.255,94.572,94.893,95.218,95.546,95.879,96.217,96.558,96.905,97.256,97.612,97.974,98.341,98.714,99.093,99.478,99.870,100.270,100.676,101.091,101.514,101.946,102.388,102.839,103.302,103.777,104.264,104.764,105.280,105.813,106.363,106.933,107.526,108.144,108.791,109.471,110.189,110.954,111.774,112.665,113.646,114.750,116.035,117.603,119.515,120.000,120.000,120.000,120.000,120.000,120.000,120.000,120.000,120.000,120.000,120.000,120.000,120.000,120.000,120.000,120.000,120.000,120.000,120.000,120.000,120.000,120.000,120.000,120.000,120.000,120.000,120.000,120.000,120.000,120.000,120.000
60.000,60.000,60.000,60.000,60.000,60.000,60.000,60.000,60.000,60.000,60.000,60.000,60.000,60.000,60.000,60.000,60.000,60.000,60.000,60.000,60.000,60.000,60.000,60.000,60.000,60.000,60.000,60.000,60.000,60.000,60.000,60.000,60.000,60.000,60.000,60.000,60.000,60.000,60.000,60.000,60.000,60.000,60.000,60.000,60.000,60.000,60.000,60.000,60.000,60.000,60.000,60.000,60.000,60.000,60.000,60.000,60.000,60.000,60.000,60.000,60.000,60.000,60.000,60.000,60.000,60.000,60.000,60.000,60.000,60.000,60.000,60.000,60.000,60.000,60.000,60.000,60.000,60.000,60.000,60.000,60.000,60.000,60.000,60.000,60.000,60.000,60.000,60.000,60.000,60.000,60.000,60.000,60.000,60.000,60.000,60.000,60.000,60.000,60.000,60.000,60.000,60.000,60.000,60.000,60.000,60.000,60.000,60.000,60.043,60.115,60.186,60.257,60.328,60.399,60.470,60.541,60.612,60.683,60.754,60.825,60.896,60.967,61.038,61.108,61.179,61.250,61.321,61.391,61.462,61.533,61.604,61.674,61.745,61.816,61.886,61.957,62.027,62.098,62.168,62.239,62.310,62.380,62.451,62.521,62.591,62.662,62.732,62.803,62.873,62.944,63.014,63.085,63.155,63.225,63.296,63.366,63.437,63.507,63.577,63.648,63.718,63.788,63.859,63.929,64.000,64.070,64.141,64.211,64.281,64.352,64.422,64.493,64.563,64.634,64.704,64.775,64.845,64.916,64.986,65.057,65.128,65.198,65.269,65.340,65.410,65.481,65.552,65.623,65.694,65.765,65.835,65.906,65.977,66.048,66.120,66.191,66.262,66.333,66.404,66.476,66.547,66.618,66.690,66.761,66.833,66.905,66.976,67.048,67.120,67.192,67.264,67.336,67.408,67.480,67.552,67.624,67.697,67.769,67.842,67.914,67.987,68.060,68.133,68.206,68.279,68.352,68.425,68.498,68.572,68.645,68.719,68.793,68.867,68.941,69.015,69.089,69.163,69.238,69.312,69.387,69.462,69.537,69.612,69.687,69.762,69.837,69.913,69.989,70.065,70.141,70.217,70.293,70.369,70.446,70.523,70.600,70.677,70.754,70.831,70.909,70.987,71.064,71.143,71.221,71.299,71.378,71.457,71.536,71.615,71.694,71.774,71.853,71.933,72.013,72.094,72.174,72.255,72.336,72.417,72.498,72.580,72.662,72.744,72.826,72.909,72.991,73.074,73.158,73.241,73.325,73.409,73.493,73.577,73.662,73.747,73.832,73.918,74.003,74.089,74.176,74.262,74.349,74.436,74.524,74.611,74.699,74.788,74.876,74.965,75.054,75.144,75.233,75.323,75.414,75.505,75.596,75.687,75.779,75.871,75.963,76.056,76.149,76.242,76.336,76.430,76.524,76.619,76.714,76.810,76.906,77.002,77.099,77.196,77.293,77.391,77.489,77.588,77.687,77.786,77.886,77.986,78.087,78.188,78.289,78.391,78.493,78.596,78.699,78.803,78.907,79.011,79.116,79.222,79.328,79.434,79.555,79.761,79.969,80.177,80.387,80.597,80.809,81.022,81.236,81.451,81.667,81.884,82.103,82.322,82.543,82.765,82.989,83.213,83.440,83.667,83.896,84.126,84.357,84.590,84.825,85.061,85.298,85.537,85.778,86.020,86.264,86.509,86.757,87.005,87.256,87.509,87.763,88.020,88.278,88.538,88.801,89.065,89.332,89.601,89.872,90.145,90.421,90.699,90.980,91.263,91.549,91.838,92.129,92.424,92.721,93.021,93.325,93.632,93.942,94.255,94.573,94.893,95.218,95.547,95.880,96.217,96.559,96.905,97.257,97.613,97.974,98.342,98.715,99.094,99.479,99.871,100.271,100.677,101.092,101.515,101.947,102.389,102.841,103.303,103.778,104.265,104.766,105.282,105.814,106.365,106.935,107.528,108.146,108.793,109.473,110.192,110.957,111.778,112.669,113.652,114.758,116.047,117.625,119.558,120.000,120.000,120.000,120.000,120.000,120.000,120.000,120.000,120.000,120.000,120.000,120.000,120.000,120.000,120.000,120.000,120.000,120.000,120.000,120.000,120.000,120.000,120.000,120.000,120.000,120.000,120.000,120.000,120.000,120.000,120.000
60.000,60.000,60.000,60.000,60.000,60.000,60.000,60.000,60.000,60.000,60.000,60.000,60.000,60.000,60.000,60.000,60.000,60.000,60.000,60.000,60.000,60.000,60.000,60.000,60.000,60.000,60.000,60.000,60.000,60.000,60.000,60.000,60.000,60.000,60.000,60.000,60.000,60.000,60.000,60.000,60.000,60.000,60.000,60.000,60.000,60.000,60.000,60.000,60.000,60.000,60.000,60.000,60.000,60.000,60.000,60.000,60.000,60.000,60.000,60.000,60.000,60.000,60.000,60.000,60.000,60.000,60.000,60.000,60.000,60.000,60.000,60.000,60.000,60.000,60.000,60.000,60.000,60.000,60.000,60.000,60.000,60.000,60.000,60.000,60.000,60.000,60.000,60.000,60.000,60.000,60.000,60.000,60.000,60.000,60.000,60.000,60.000,60.000,60.000,60.000,60.022,60.094,60.167,60.239,60.311,60.384,60.456,60.528,60.601,60.673,60.745,60.817,60.889,60.962,61.034,61.106,61.178,61.250,61.322,61.394,61.466,61.537,61.609,61.681,61.753,61.825,61.897,61.968,62.040,62.112,62.183,62.255,62.327,62.398,62.470,62.541,62.613,62.684,62.756,62.827,62.899,62.970,63.042,63.113,63.184,63.256,63.327,63.398,63.470,63.541,63.612,63.684,63.755,63.826,63.897,63.968,64.040,64.111,64.182,64.253,64.325,64.396,64.467,64.538,64.609,64.680,64.752,64.823,64.894,64.965,65.036,65.108,65.179,65.250,65.321,65.392,65.464,65.535,65.606,65.677,65.749,65.820,65.891,65.963,66.034,66.105,66.177,66.248,66.320,66.391,66.463,66.534,66.606,66.677,66.749,66.821,66.892,66.964,67.036,67.108,67.180,67.251,67.323,67.395,67.467,67.540,67.612,67.684,67.756,67.828,67.901,67.973,68.046,68.118,68.191,68.264,68.336,68.409,68.482,68.555,68.628,68.701,68.775,68.848,68.921,68.995,69.068,69.142,69.216,69.289,69.363,69.437,69.512,69.586,69.660,69.735,69.809,69.884,69.959,70.033,70.108,70.184,70.259,70.334,70.410,70.485,70.561,70.637,70.713,70.789,70.865,70.942,71.018,71.095,71.172,71.249,71.326,71.404,71.481,71.559,71.636,71.714,71.793,71.871,71.949,72.028,72.107,72.186,72.265,72.345,72.424,72.504,72.584,72.664,72.744,72.825,72.906,72.987,73.068,73.149,73.231,73.313,73.395,73.477,73.560,73.642,73.725,73.809,73.892,73.976,74.060,74.144,74.228,74.313,74.398,74.483,74.569,74.654,74.740,74.827,74.913,75.000,75.087,75.174,75.262,75.350,75.438,75.527,75.615,75.705,75.794,75.884,75.974,76.064,76.155,76.246,76.337,76.429,76.521,76.613,76.706,76.799,76.892,76.986,77.080,77.174,77.269,77.364,77.460,77.556,77.652,77.749,77.846,77.943,78.041,78.139,78.238,78.337,78.436,78.536,78.636,78.737,78.838,78.939,79.041,79.143,79.246,79.349,79.453,79.557,79.662,79.767,79.872,79.978,80.085,80.192,80.299,80.407,80.515,80.624,80.734,80.844,81.022,81.236,81.451,81.667,81.884,82.103,82.323,82.543,82.766,82.989,83.214,83.440,83.667,83.896,84.126,84.358,84.591,84.825,85.061,85.298,85.537,85.778,86.020,86.264,86.510,86.757,87.006,87.257,87.509,87.764,88.020,88.279,88.539,88.801,89.066,89.332,89.601,89.872,90.146,90.422,90.700,90.980,91.264,91.550,91.838,92.130,92.424,92.721,93.022,93.325,93.632,93.942,94.256,94.573,94.894,95.219,95.548,95.881,96.218,96.560,96.906,97.257,97.614,97.975,98.342,98.715,99.094,99.480,99.872,100.271,100.678,101.093,101.516,101.948,102.390,102.842,103.304,103.779,104.266,104.767,105.283,105.816,106.366,106.937,107.530,108.148,108.796,109.476,110.195,110.961,111.782,112.674,113.658,114.767,116.060,117.646,119.603,120.000,120.000,120.000,120.000,120.000,120.000,120.000,120.000,120.000,120.000,120.000,120.000,120.000,120.000,120.000,120.000,120.000,120.000,120.000,120.000,120.000,120.000,120.000,120.000,120.000,120.000,120.000,120.000,120.000,120.000,120.000
60.000,60.000,60.000,60.000,60.000,60.000,60.000,60.000,60.000,60.000,60.000,60.000,60.000,60.000,60.000,60.000,60.000,60.000,60.000,60.000,60.000,60.000,60.000,60.000,60.000,60.000,60.000,60.000,60.000,60.000,60.000,60.000,60.000,60.000,60.000,60.000,60.000,60.000,60.000,60.000,60.000,60.000,60.000,60.000,60.000,60.000,60.000,60.000,60.000,60.000,60.000,60.000,60.000,60.000,60.000,60.000,60.000,60.000,60.000,60.000,60.000,60.000,60.000,60.000,60.000,60.000,60.000,60.000,60.000,60.000,60.000,60.000,60.000,60.000,60.000,60.000,60.000,60.000,60.000,60.000,60.000,60.000,60.000,60.000,60.000,60.000,60.000,60.000,60.000,60.000,60.000,60.000,60.000,60.066,60.140,60.214,60.288,60.362,60.435,60.509,60.583,60.656,60.730,60.804,60.877,60.951,61.024,61.097,61.171,61.244,61.318,61.391,61.464,61.537,61.611,61.684,61.757,61.830,61.903,61.976,62.049,62.122,62.195,62.268,62.341,62.414,62.487,62.560,62.632,62.705,62.778,62.851,62.923,62.996,63.068,63.141,63.214,63.286,63.359,63.431,63.504,63.576,63.648,63.721,63.793,63.865,63.938,64.010,64.082,64.155,64.227,64.299,64.371,64.443,64.516,64.588,64.660,64.732,64.804,64.876,64.948,65.020,65.092,65.164,65.236,65.308,65.380,65.452,65.524,65.596,65.668,65.740,65.812,65.884,65.956,66.028,66.100,66.172,66.244,66.316,66.388,66.461,66.533,66.605,66.677,66.749,66.821,66.893,66.965,67.037,67.109,67.182,67.254,67.326,67.398,67.471,67.543,67.615,67.688,67.760,67.832,67.905,67.977,68.050,68.123,68.195,68.268,68.341,68.413,68.486,68.559,68.632,68.705,68.778,68.851,68.924,68.997,69.071,69.144,69.217,69.291,69.364,69.438,69.512,69.585,69.659,69.733,69.807,69.881,69.956,70.030,70.104,70.179,70.253,70.328,70.402,70.477,70.552,70.627,70.702,70.778,70.853,70.929,71.004,71.080,71.156,71.232,71.308,71.384,71.460,71.537,71.613,71.690,71.767,71.844,71.921,71.999,72.076,72.154,72.232,72.310,72.388,72.466,72.544,72.623,72.702,72.781,72.860,72.939,73.019,73.098,73.178,73.258,73.338,73.419,73.499,73.580,73.661,73.742,73.824,73.906,73.987,74.069,74.152,74.234,74.317,74.400,74.483,74.567,74.650,74.734,74.818,74.903,74.988,75.072,75.158,75.243,75.329,75.415,75.501,75.587,75.674,75.761,75.849,75.936,76.024,76.112,76.201,76.290,76.379,76.468,76.558,76.648,76.738,76.829,76.920,77.011,77.103,77.195,77.287,77.379,77.472,77.566,77.659,77.753,77.848,77.943,78.038,78.133,78.229,78.325,78.422,78.519,78.616,78.714,78.812,78.911,79.010,79.109,79.209,79.309,79.410,79.511,79.612,79.714,79.817,79.920,80.023,80.127,80.231,80.335,80.440,80.546,80.652,80.759,80.866,80.973,81.081,81.190,81.299,81.408,81.518,81.629,81.740,81.852,81.964,82.076,82.190,82.323,82.544,82.766,82.989,83.214,83.440,83.668,83.896,84.127,84.358,84.591,84.825,85.061,85.299,85.538,85.778,86.021,86.265,86.510,86.757,87.006,87.257,87.510,87.764,88.021,88.279,88.539,88.802,89.066,89.333,89.602,89.873,90.146,90.422,90.700,90.981,91.264,91.550,91.839,92.130,92.425,92.722,93.022,93.326,93.633,93.943,94.256,94.574,94.895,95.219,95.548,95.881,96.218,96.560,96.907,97.258,97.614,97.976,98.343,98.716,99.095,99.481,99.873,100.272,100.679,101.094,101.517,101.949,102.391,102.843,103.306,103.780,104.267,104.769,105.285,105.817,106.368,106.939,107.532,108.151,108.798,109.479,110.198,110.964,111.786,112.679,113.664,114.775,116.072,117.669,119.650,120.000,120.000,120.000,120.000,120.000,120.000,120.000,120.000,120.000,120.000,120.000,120.000,120.000,120.000,120.000,120.000,120.000,120.000,120.000,120.000,120.000,120.000,120.000,120.000,120.000,120.000,120.000,120.000,120.000,120.000,120.000
60.000,60.000,60.000,60.000,60.000,60.000,60.000,60.000,60.000,60.000,60.000,60.000,60.000,60.000,60.000,60.000,60.000,60.000,60.000,60.000,60.000,60.000,60.000,60.000,60.000,60.000,60.000,60.000,60.000,60.000,60.000,60.000,60.000,60.000,60.000,60.000,60.000,60.000,60.000,60.000,60.000,60.000,60.000,60.000,60.000,60.000,60.000,60.000,60.000,60.000,60.000,60.000,60.000,60.000,60.000,60.000,60.000,60.000,60.000,60.000,60.000,60.000,60.000,60.000,60.000,60.000,60.000,60.000,60.000,60.000,60.000,60.000,60.000,60.000,60.000,60.000,60.000,60.000,60.000,60.000,60.000,60.000,60.000,60.000,60.000,60.028,60.104,60.179,60.255,60.330,60.405,60.480,60.556,60.631,60.706,60.781,60.856,60.931,61.006,61.081,61.156,61.231,61.306,61.381,61.456,61.530,61.605,61.680,61.754,61.829,61.903,61.978,62.053,62.127,62.201,62.276,62.350,62.424,62.499,62.573,62.647,62.721,62.796,62.870,62.944,63.018,63.092,63.166,63.240,63.314,63.387,63.461,63.535,63.609,63.683,63.756,63.830,63.904,63.977,64.051,64.124,64.198,64.271,64.345,64.418,64.492,64.565,64.638,64.712,64.785,64.858,64.932,65.005,65.078,65.151,65.224,65.297,65.371,65.444,65.517,65.590,65.663,65.736,65.809,65.882,65.955,66.028,66.101,66.174,66.246,66.319,66.392,66.465,66.538,66.611,66.684,66.757,66.829,66.902,66.975,67.048,67.121,67.194,67.266,67.339,67.412,67.485,67.558,67.631,67.704,67.777,67.850,67.922,67.995,68.068,68.141,68.214,68.287,68.360,68.433,68.507,68.580,68.653,68.726,68.799,68.872,68.946,69.019,69.092,69.166,69.239,69.313,69.386,69.460,69.533,69.607,69.681,69.755,69.828,69.902,69.976,70.050,70.124,70.198,70.273,70.347,70.421,70.496,70.570,70.645,70.719,70.794,70.869,70.944,71.019,71.094,71.169,71.244,71.320,71.395,71.471,71.546,71.622,71.698,71.774,71.850,71.926,72.003,72.079,72.156,72.232,72.309,72.386,72.463,72.541,72.618,72.695,72.773,72.851,72.929,73.007,73.085,73.164,73.242,73.321,73.400,73.479,73.558,73.637,73.717,73.797,73.877,73.957,74.037,74.118,74.198,74.279,74.360,74.442,74.523,74.605,74.687,74.769,74.851,74.934,75.016,75.099,75.183,75.266,75.350,75.434,75.518,75.602,75.687,75.772,75.857,75.942,76.028,76.114,76.200,76.287,76.373,76.461,76.548,76.635,76.723,76.811,76.900,76.989,77.078,77.167,77.257,77.347,77.437,77.528,77.618,77.710,77.801,77.893,77.985,78.078,78.171,78.264,78.358,78.452,78.546,78.641,78.736,78.831,78.927,79.023,79.120,79.217,79.314,79.412,79.510,79.609,79.708,79.807,79.907,80.007,80.108,80.209,80.310,80.412,80.515,80.617,80.721,80.825,80.929,81.033,81.139,81.244,81.350,81.457,81.564,81.672,81.780,81.888,81.997,82.107,82.217,82.328,82.439,82.551,82.663,82.776,82.889,83.003,83.118,83.233,83.349,83.465,83.582,83.699,83.897,84.127,84.358,84.591,84.826,85.062,85.299,85.538,85.779,86.021,86.265,86.510,86.758,87.007,87.257,87.510,87.765,88.021,88.279,88.540,88.802,89.067,89.333,89.602,89.873,90.147,90.422,90.701,90.981,91.265,91.551,91.839,92.131,92.425,92.722,93.023,93.326,93.633,93.943,94.257,94.574,94.895,95.220,95.549,95.882,96.219,96.561,96.907,97.259,97.615,97.977,98.344,98.717,99.096,99.482,99.874,100.273,100.680,101.095,101.518,101.950,102.392,102.844,103.307,103.781,104.269,104.770,105.286,105.819,106.370,106.940,107.534,108.153,108.800,109.481,110.201,110.967,111.790,112.684,113.670,114.783,116.084,117.691,119.698,120.000,120.000,120.000,120.000,120.000,120.000,120.000,120.000,120.000,120.000,120.000,120.000,120.000,120.000,120.000,120.000,120.000,120.000,120.000,120.000,120.000,120.000,120.000,120.000,120.000,120.000,120.000,120.000,120.000,120.000,120.000
60.000,60.000,60.000,60.000,60.000,60.000,60.000,60.000,60.000,60.000,60.000,60.000,60.000,60.000,60.000,60.000,60.000,60.000,60.000,60.000,60.000,60.000,60.000,60.000,60.000,60.000,60.000,60.000,60.000,60.000,60.000,60.000,60.000,60.000,60.000,60.000,60.000,60.000,60.000,60.000,60.000,60.000,60.000,60.000,60.000,60.000,60.000,60.000,60.000,60.000,60.000,60.000,60.000,60.000,60.000,60.000,60.000,60.000,60.000,60.000,60.000,60.000,60.000,60.000,60.000,60.000,60.000,60.000,60.000,60.000,60.000,60.000,60.000,60.000,60.000,60.000,60.000,60.000,60.056,60.133,60.210,60.287,60.364,60.441,60.518,60.594,60.671,60.748,60.825,60.901,60.978,61.055,61.131,61.208,61.284,61.361,61.437,61.513,61.590,61.666,61.742,61.819,61.895,61.971,62.047,62.123,62.199,62.275,62.351,62.427,62.503,62.579,62.655,62.730,62.806,62.882,62.958,63.033,63.109,63.184,63.260,63.335,63.411,63.486,63.561,63.637,63.712,63.787,63.862,63.938,64.013,64.088,64.163,64.238,64.313,64.388,64.463,64.537,64.612,64.687,64.762,64.836,64.911,64.986,65.060,65.135,65.209,65.284,65.358,65.433,65.507,65.582,65.656,65.730,65.805,65.879,65.953,66.027,66.101,66.176,66.250,66.324,66.398,66.472,66.546,66.620,66.694,66.768,66.842,66.916,66.990,67.064,67.137,67.211,67.285,67.359,67.433,67.506,67.580,67.654,67.728,67.802,67.875,67.949,68.023,68.096,68.170,68.244,68.318,68.391,68.465,68.539,68.613,68.686,68.760,68.834,68.908,68.981,69.055,69.129,69.203,69.277,69.351,69.424,69.498,69.572,69.646,69.720,69.794,69.868,69.942,70.016,70.091,70.165,70.239,70.313,70.387,70.462,70.536,70.611,70.685,70.760,70.834,70.909,70.984,71.058,71.133,71.208,71.283,71.358,71.433,71.508,71.584,71.659,71.734,71.810,71.885,71.961,72.037,72.113,72.188,72.265,72.341,72.417,72.493,72.570,72.646,72.723,72.799,72.876,72.953,73.030,73.108,73.185,73.262,73.340,73.418,73.496,73.574,73.652,73.730,73.809,73.887,73.966,74.045,74.124,74.203,74.282,74.362,74.442,74.522,74.602,74.682,74.762,74.843,74.924,75.005,75.086,75.167,75.249,75.330,75.412,75.494,75.577,75.659,75.742,75.825,75.909,75.992,76.076,76.160,76.244,76.328,76.413,76.498,76.583,76.668,76.754,76.840,76.926,77.013,77.099,77.186,77.273,77.361,77.449,77.537,77.625,77.714,77.803,77.892,77.982,78.072,78.162,78.253,78.344,78.435,78.526,78.618,78.710,78.803,78.896,78.989,79.083,79.176,79.271,79.365,79.460,79.556,79.652,79.748,79.844,79.941,80.038,80.136,80.234,80.333,80.432,80.531,80.631,80.731,80.832,80.933,81.034,81.136,81.239,81.341,81.445,81.548,81.653,81.757,81.863,81.968,82.074,82.181,82.288,82.396,82.504,82.613,82.722,82.832,82.942,83.053,83.164,83.276,83.388,83.501,83.615,83.729,83.844,83.959,84.075,84.191,84.308,84.426,84.544,84.663,84.783,84.903,85.024,85.145,85.300,85.539,85.779,86.021,86.265,86.511,86.758,87.007,87.258,87.510,87.765,88.021,88.280,88.540,88.803,89.067,89.334,89.603,89.874,90.147,90.423,90.701,90.982,91.265,91.551,91.840,92.131,92.426,92.723,93.023,93.327,93.634,93.944,94.258,94.575,94.896,95.221,95.549,95.882,96.220,96.561,96.908,97.259,97.616,97.977,98.345,98.718,99.097,99.482,99.875,100.274,100.681,101.096,101.519,101.951,102.393,102.845,103.308,103.783,104.270,104.771,105.288,105.820,106.371,106.942,107.536,108.155,108.803,109.484,110.204,110.971,111.794,112.689,113.676,114.792,116.097,117.714,119.747,120.000,120.000,120.000,120.000,120.000,120.000,120.000,120.000,120.000,120.000,120.000,120.000,120.000,120.000,120.000,120.000,120.000,120.000,120.000,120.000,120.000,120.000,120.000,120.000,120.000,120.000,120.000,120.000,120.000,120.000,120.000
60.000,60.000,60.000,60.000,60.000,60.000,60.000,60.000,60.000,60.000,60.000,60.000,60.000,60.000,60.000,60.000,60.000,60.000,60.000,60.000,60.000,60.000,60.000,60.000,60.000,60.000,60.000,60.000,60.000,60.000,60.000,60.000,60.000,60.000,60.000,60.000,60.000,60.000,60.000,60.000,60.000,60.000,60.000,60.000,60.000,60.000,60.000,60.000,60.000,60.000,60.000,60.000,60.000,60.000,60.000,60.000,60.000,60.000,60.000,60.000,60.000,60.000,60.000,60.000,60.000,60.000,60.000,60.000,60.000,60.000,60.000,60.073,60.152,60.231,60.309,60.388,60.466,60.545,60.623,60.702,60.780,60.859,60.937,61.015,61.094,61.172,61.250,61.328,61.407,61.485,61.563,61.641,61.719,61.797,61.875,61.953,62.031,62.108,62.186,62.264,62.342,62.419,62.497,62.574,62.652,62.730,62.807,62.884,62.962,63.039,63.116,63.194,63.271,63.348,63.425,63.502,63.579,63.656,63.733,63.810,63.887,63.964,64.041,64.118,64.194,64.271,64.348,64.424,64.501,64.577,64.654,64.730,64.807,64.883,64.959,65.035,65.112,65.188,65.264,65.340,65.416,65.492,65.568,65.644,65.720,65.796,65.872,65.947,66.023,66.099,66.174,66.250,66.326,66.401,66.477,66.552,66.628,66.703,66.778,66.854,66.929,67.004,67.079,67.155,67.230,67.305,67.380,67.455,67.530,67.605,67.680,67.755,67.830,67.905,67.980,68.055,68.130,68.204,68.279,68.354,68.429,68.504,68.578,68.653,68.728,68.802,68.877,68.952,69.027,69.101,69.176,69.250,69.325,69.400,69.474,69.549,69.624,69.698,69.773,69.848,69.922,69.997,70.072,70.146,70.221,70.296,70.370,70.445,70.520,70.595,70.669,70.744,70.819,70.894,70.969,71.044,71.119,71.194,71.269,71.344,71.419,71.494,71.569,71.644,71.720,71.795,71.870,71.946,72.021,72.097,72.173,72.248,72.324,72.400,72.476,72.552,72.628,72.704,72.780,72.856,72.932,73.009,73.085,73.162,73.239,73.316,73.392,73.469,73.546,73.624,73.701,73.778,73.856,73.934,74.011,74.089,74.167,74.245,74.324,74.402,74.480,74.559,74.638,74.717,74.796,74.875,74.955,75.034,75.114,75.194,75.274,75.354,75.434,75.515,75.595,75.676,75.757,75.839,75.920,76.002,76.084,76.166,76.248,76.330,76.413,76.496,76.579,76.662,76.746,76.829,76.913,76.998,77.082,77.167,77.252,77.337,77.422,77.508,77.594,77.680,77.766,77.853,77.940,78.027,78.115,78.202,78.290,78.379,78.467,78.556,78.646,78.735,78.825,78.915,79.006,79.097,79.188,79.279,79.371,79.463,79.556,79.648,79.741,79.835,79.929,80.023,80.118,80.213,80.308,80.404,80.500,80.596,80.693,80.790,80.888,80.986,81.085,81.183,81.283,81.382,81.483,81.583,81.684,81.786,81.888,81.990,82.093,82.196,82.300,82.404,82.509,82.614,82.720,82.826,82.932,83.040,83.147,83.255,83.364,83.473,83.583,83.693,83.804,83.916,84.028,84.140,84.253,84.367,84.481,84.596,84.712,84.828,84.944,85.061,85.179,85.298,85.417,85.537,85.657,85.778,85.900,86.023,86.146,86.269,86.394,86.519,86.645,86.772,87.007,87.258,87.511,87.765,88.022,88.280,88.541,88.803,89.067,89.334,89.603,89.874,90.148,90.423,90.702,90.982,91.266,91.552,91.840,92.132,92.426,92.723,93.024,93.327,93.634,93.944,94.258,94.575,94.896,95.221,95.550,95.883,96.220,96.562,96.909,97.260,97.616,97.978,98.345,98.718,99.098,99.483,99.875,100.275,100.682,101.097,101.520,101.952,102.394,102.846,103.309,103.784,104.271,104.773,105.289,105.822,106.373,106.944,107.538,108.157,108.805,109.487,110.207,110.974,111.798,112.694,113.683,114.800,116.109,117.737,119.799,120.000,120.000,120.000,120.000,120.000,120.000,120.000,120.000,120.000,120.000,120.000,120.000,120.000,120.000,120.000,120.000,120.000,120.000,120.000,120.000,120.000,120.000,120.000,120.000,120.000,120.000,120.000,120.000,120.000,120.000,120.000
60.000,60.000,60.000,60.000,60.000,60.000,60.000,60.000,60.000,60.000,60.000,60.000,60.000,60.000,60.000,60.000,60.000,60.000,60.000,60.000,60.000,60.000,60.000,60.000,60.000,60.000,60.000,60.000,60.000,60.000,60.000,60.000,60.000,60.000,60.000,60.000,60.000,60.000,60.000,60.000,60.000,60.000,60.000,60.000,60.000,60.000,60.000,60.000,60.000,60.000,60.000,60.000,60.000,60.000,60.000,60.000,60.000,60.000,60.000,60.000,60.000,60.000,60.000,60.000,60.079,60.159,60.240,60.320,60.400,60.481,60.561,60.641,60.721,60.802,60.882,60.962,61.042,61.122,61.202,61.282,61.362,61.442,61.522,61.602,61.682,61.761,61.841,61.921,62.001,62.080,62.160,62.239,62.319,62.398,62.478,62.557,62.637,62.716,62.795,62.875,62.954,63.033,63.112,63.191,63.270,63.350,63.429,63.507,63.586,63.665,63.744,63.823,63.902,63.980,64.059,64.138,64.216,64.295,64.373,64.451,64.530,64.608,64.687,64.765,64.843,64.921,64.999,65.077,65.155,65.233,65.311,65.389,65.467,65.545,65.622,65.700,65.778,65.855,65.933,66.010,66.088,66.165,66.243,66.320,66.397,66.474,66.552,66.629,66.706,66.783,66.860,66.937,67.014,67.091,67.168,67.244,67.321,67.398,67.475,67.551,67.628,67.704,67.781,67.857,67.934,68.010,68.086,68.163,68.239,68.315,68.391,68.468,68.544,68.620,68.696,68.772,68.848,68.924,69.000,69.076,69.152,69.228,69.304,69.379,69.455,69.531,69.607,69.682,69.758,69.834,69.910,69.985,70.061,70.136,70.212,70.288,70.363,70.439,70.515,70.590,70.666,70.741,70.817,70.892,70.968,71.044,71.119,71.195,71.270,71.346,71.422,71.497,71.573,71.648,71.724,71.800,71.875,71.951,72.027,72.103,72.179,72.254,72.330,72.406,72.482,72.558,72.634,72.710,72.786,72.863,72.939,73.015,73.091,73.168,73.244,73.321,73.397,73.474,73.550,73.627,73.704,73.781,73.858,73.935,74.012,74.089,74.167,74.244,74.321,74.399,74.477,74.554,74.632,74.710,74.788,74.867,74.945,75.023,75.102,75.181,75.259,75.338,75.417,75.496,75.576,75.655,75.735,75.815,75.895,75.975,76.055,76.135,76.216,76.296,76.377,76.458,76.539,76.621,76.702,76.784,76.866,76.948,77.031,77.113,77.196,77.279,77.362,77.445,77.529,77.612,77.696,77.781,77.865,77.950,78.035,78.120,78.205,78.291,78.377,78.463,78.549,78.636,78.723,78.810,78.898,78.985,79.073,79.162,79.250,79.339,79.428,79.518,79.608,79.698,79.788,79.879,79.970,80.061,80.153,80.245,80.338,80.430,80.523,80.617,80.711,80.805,80.899,80.994,81.089,81.185,81.281,81.377,81.474,81.571,81.669,81.767,81.865,81.964,82.063,82.163,82.263,82.364,82.465,82.566,82.668,82.770,82.873,82.976,83.080,83.184,83.289,83.394,83.500,83.606,83.712,83.820,83.927,84.035,84.144,84.253,84.363,84.474,84.585,84.696,84.808,84.921,85.034,85.148,85.262,85.377,85.492,85.609,85.725,85.843,85.961,86.079,86.199,86.319,86.439,86.561,86.683,86.805,86.929,87.053,87.178,87.303,87.429,87.556,87.684,87.813,87.942,88.072,88.203,88.334,88.541,88.803,89.068,89.335,89.603,89.875,90.148,90.424,90.702,90.983,91.266,91.552,91.841,92.132,92.427,92.724,93.024,93.328,93.635,93.945,94.259,94.576,94.897,95.222,95.551,95.884,96.221,96.563,96.909,97.261,97.617,97.979,98.346,98.719,99.098,99.484,99.876,100.276,100.683,101.098,101.521,101.953,102.395,102.847,103.310,103.785,104.273,104.774,105.290,105.823,106.375,106.946,107.540,108.159,108.807,109.489,110.210,110.978,111.802,112.699,113.689,114.808,116.122,117.760,119.852,120.000,120.000,120.000,120.000,120.000,120.000,120.000,120.000,120.000,120.000,120.000,120.000,120.000,120.000,120.000,120.000,120.000,120.000,120.000,120.000,120.000,120.000,120.000,120.000,120.000,120.000,120.000,120.000,120.000,120.000,120.000
60.000,60.000,60.000,60.000,60.000,60.000,60.000,60.000,60.000,60.000,60.000,60.000,60.000,60.000,60.000,60.000,60.000,60.000,60.000,60.000,60.000,60.000,60.000,60.000,60.000,60.000,60.000,60.000,60.000,60.000,60.000,60.000,60.000,60.000,60.000,60.000,60.000,60.000,60.000,60.000,60.000,60.000,60.000,60.000,60.000,60.000,60.000,60.000,60.000,60.000,60.000,60.000,60.000,60.000,60.000,60.000,60.000,60.072,60.154,60.236,60.318,60.400,60.482,60.564,60.646,60.728,60.810,60.892,60.974,61.056,61.138,61.220,61.302,61.383,61.465,61.547,61.629,61.710,61.792,61.874,61.955,62.037,62.118,62.200,62.281,62.363,62.444,62.525,62.607,62.688,62.769,62.850,62.932,63.013,63.094,63.175,63.256,63.337,63.418,63.499,63.580,63.661,63.741,63.822,63.903,63.983,64.064,64.145,64.225,64.306,64.386,64.467,64.547,64.627,64.707,64.788,64.868,64.948,65.028,65.108,65.188,65.268,65.348,65.428,65.508,65.587,65.667,65.747,65.826,65.906,65.985,66.065,66.144,66.223,66.303,66.382,66.461,66.540,66.619,66.698,66.777,66.856,66.935,67.014,67.093,67.172,67.250,67.329,67.408,67.486,67.565,67.643,67.721,67.800,67.878,67.956,68.035,68.113,68.191,68.269,68.347,68.425,68.503,68.581,68.658,68.736,68.814,68.892,68.969,69.047,69.124,69.202,69.279,69.357,69.434,69.511,69.589,69.666,69.743,69.820,69.897,69.975,70.052,70.129,70.206,70.283,70.360,70.437,70.513,70.590,70.667,70.744,70.821,70.897,70.974,71.051,71.128,71.204,71.281,71.358,71.434,71.511,71.587,71.664,71.740,71.817,71.894,71.970,72.047,72.123,72.200,72.276,72.353,72.429,72.506,72.582,72.659,72.736,72.812,72.889,72.965,73.042,73.119,73.195,73.272,73.349,73.425,73.502,73.579,73.656,73.733,73.810,73.887,73.964,74.041,74.118,74.195,74.272,74.349,74.427,74.504,74.582,74.659,74.737,74.814,74.892,74.970,75.048,75.126,75.204,75.282,75.360,75.438,75.517,75.595,75.674,75.752,75.831,75.910,75.989,76.068,76.147,76.227,76.306,76.386,76.466,76.545,76.625,76.706,76.786,76.866,76.947,77.028,77.109,77.190,77.271,77.352,77.434,77.515,77.597,77.679,77.762,77.844,77.927,78.009,78.092,78.176,78.259,78.343,78.426,78.511,78.595,78.679,78.764,78.849,78.934,79.019,79.105,79.191,79.277,79.364,79.450,79.537,79.624,79.712,79.799,79.887,79.976,80.064,80.153,80.242,80.332,80.421,80.511,80.602,80.692,80.783,80.875,80.966,81.058,81.151,81.243,81.336,81.429,81.523,81.617,81.712,81.806,81.902,81.997,82.093,82.189,82.286,82.383,82.481,82.578,82.677,82.775,82.875,82.974,83.074,83.175,83.275,83.377,83.479,83.581,83.684,83.787,83.890,83.995,84.099,84.204,84.310,84.416,84.523,84.630,84.737,84.846,84.954,85.064,85.173,85.284,85.395,85.506,85.618,85.731,85.844,85.958,86.072,86.187,86.303,86.419,86.536,86.654,86.772,86.891,87.010,87.130,87.251,87.373,87.495,87.618,87.741,87.866,87.991,88.116,88.243,88.370,88.498,88.627,88.756,88.887,89.018,89.150,89.283,89.416,89.551,89.686,89.822,89.959,90.148,90.424,90.702,90.983,91.267,91.553,91.841,92.133,92.427,92.724,93.025,93.328,93.635,93.945,94.259,94.576,94.897,95.222,95.551,95.884,96.222,96.563,96.910,97.261,97.618,97.979,98.347,98.720,99.099,99.485,99.877,100.277,100.684,101.098,101.522,101.954,102.396,102.848,103.311,103.786,104.274,104.775,105.292,105.825,106.376,106.948,107.542,108.161,108.810,109.492,110.213,110.981,111.807,112.704,113.695,114.817,116.135,117.784,119.908,120.000,120.000,120.000,120.000,120.000,120.000,120.000,120.000,120.000,120.000,120.000,120.000,120.000,120.000,120.000,120.000,120.000,120.000,120.000,120.000,120.000,120.000,120.000,120.000,120.000,120.000,120.000,120.000,120.000,120.000,120.000
60.000,60.000,60.000,60.000,60.000,60.000,60.000,60.000,60.000,60.000,60.000,60.000,60.000,60.000,60.000,60.000,60.000,60.000,60.000,60.000,60.000,60.000,60.000,60.000,60.000,60.000,60.000,60.000,60.000,60.000,60.000,60.000,60.000,60.000,60.000,60.000,60.000,60.000,60.000,60.000,60.000,60.000,60.000,60.000,60.000,60.000,60.000,60.000,60.000,60.000,60.050,60.134,60.218,60.302,60.386,60.470,60.554,60.637,60.721,60.805,60.889,60.973,61.056,61.140,61.224,61.307,61.391,61.475,61.558,61.642,61.726,61.809,61.893,61.976,62.060,62.143,62.226,62.310,62.393,62.477,62.560,62.643,62.726,62.810,62.893,62.976,63.059,63.142,63.225,63.308,63.391,63.474,63.557,63.640,63.723,63.806,63.888,63.971,64.054,64.136,64.219,64.302,64.384,64.467,64.549,64.631,64.714,64.796,64.878,64.961,65.043,65.125,65.207,65.289,65.371,65.453,65.535,65.617,65.699,65.780,65.862,65.944,66.025,66.107,66.188,66.270,66.351,66.433,66.514,66.595,66.676,66.757,66.839,66.920,67.001,67.081,67.162,67.243,67.324,67.405,67.485,67.566,67.646,67.727,67.807,67.888,67.968,68.048,68.128,68.209,68.289,68.369,68.449,68.529,68.609,68.688,68.768,68.848,68.928,69.007,69.087,69.166,69.246,69.325,69.404,69.484,69.563,69.642,69.721,69.800,69.879,69.958,70.037,70.116,70.195,70.273,70.352,70.431,70.509,70.588,70.666,70.745,70.823,70.902,70.980,71.058,71.137,71.215,71.293,71.371,71.449,71.527,71.605,71.683,71.761,71.839,71.917,71.995,72.073,72.151,72.228,72.306,72.384,72.462,72.539,72.617,72.695,72.772,72.850,72.927,73.005,73.082,73.160,73.238,73.315,73.393,73.470,73.548,73.625,73.703,73.780,73.858,73.935,74.013,74.090,74.168,74.245,74.323,74.401,74.478,74.556,74.634,74.711,74.789,74.867,74.945,75.023,75.100,75.178,75.256,75.334,75.412,75.491,75.569,75.647,75.725,75.804,75.882,75.960,76.039,76.118,76.196,76.275,76.354,76.433,76.512,76.591,76.670,76.750,76.829,76.908,76.988,77.068,77.148,77.228,77.308,77.388,77.468,77.549,77.629,77.710,77.791,77.872,77.953,78.034,78.115,78.197,78.279,78.361,78.443,78.525,78.607,78.690,78.773,78.855,78.939,79.022,79.105,79.189,79.273,79.357,79.441,79.526,79.611,79.696,79.781,79.866,79.952,80.038,80.124,80.210,80.297,80.384,80.471,80.558,80.646,80.734,80.822,80.911,80.999,81.089,81.178,81.268,81.358,81.448,81.538,81.629,81.720,81.812,81.904,81.996,82.089,82.181,82.275,82.368,82.462,82.556,82.651,82.746,82.841,82.937,83.033,83.130,83.227,83.324,83.422,83.520,83.619,83.718,83.817,83.917,84.018,84.118,84.220,84.321,84.423,84.526,84.629,84.733,84.837,84.941,85.046,85.152,85.258,85.364,85.471,85.579,85.687,85.796,85.905,86.015,86.125,86.236,86.348,86.460,86.572,86.685,86.799,86.914,87.029,87.145,87.261,87.378,87.495,87.614,87.733,87.852,87.972,88.093,88.215,88.337,88.460,88.584,88.709,88.834,88.960,89.087,89.214,89.343,89.472,89.601,89.732,89.864,89.996,90.129,90.263,90.398,90.534,90.670,90.808,90.946,91.086,91.226,91.367,91.509,91.652,91.842,92.133,92.428,92.725,93.025,93.329,93.636,93.946,94.260,94.577,94.898,95.223,95.552,95.885,96.222,96.564,96.911,97.262,97.618,97.980,98.347,98.721,99.100,99.486,99.878,100.277,100.684,101.099,101.523,101.955,102.397,102.849,103.312,103.787,104.275,104.777,105.293,105.826,106.378,106.949,107.544,108.163,108.812,109.494,110.216,110.985,111.811,112.709,113.701,114.825,116.148,117.808,119.966,120.000,120.000,120.000,120.000,120.000,120.000,120.000,120.000,120.000,120.000,120.000,120.000,120.000,120.000,120.000,120.000,120.000,120.000,120.000,120.000,120.000,120.000,120.000,120.000,120.000,120.000,120.000,120.000,120.000,120.000,120.000
60.000,60.000,60.000,60.000,60.000,60.000,60.000,60.000,60.000,60.000,60.000,60.000,60.000,60.000,60.000,60.000,60.000,60.000,60.000,60.000,60.000,60.000,60.000,60.000,60.000,60.000,60.000,60.000,60.000,60.000,60.000,60.000,60.000,60.000,60.000,60.000,60.000,60.000,60.000,60.000,60.000,60.000,60.000,60.014,60.100,60.185,60.271,60.357,60.442,60.528,60.614,60.699,60.785,60.870,60.956,61.042,61.127,61.213,61.298,61.384,61.469,61.555,61.640,61.726,61.811,61.897,61.982,62.068,62.153,62.238,62.324,62.409,62.494,62.580,62.665,62.750,62.835,62.921,63.006,63.091,63.176,63.261,63.346,63.431,63.516,63.601,63.686,63.771,63.856,63.941,64.026,64.111,64.195,64.280,64.365,64.449,64.534,64.618,64.703,64.788,64.872,64.956,65.041,65.125,65.209,65.294,65.378,65.462,65.546,65.630,65.714,65.798,65.882,65.966,66.050,66.134,66.217,66.301,66.385,66.468,66.552,66.635,66.719,66.802,66.886,66.969,67.052,67.135,67.218,67.302,67.385,67.467,67.550,67.633,67.716,67.799,67.881,67.964,68.047,68.129,68.212,68.294,68.376,68.459,68.541,68.623,68.705,68.787,68.869,68.951,69.033,69.114,69.196,69.278,69.359,69.441,69.522,69.604,69.685,69.766,69.848,69.929,70.010,70.091,70.172,70.253,70.334,70.415,70.495,70.576,70.657,70.737,70.818,70.898,70.978,71.059,71.139,71.219,71.299,71.379,71.459,71.539,71.619,71.699,71.779,71.859,71.939,72.018,72.098,72.177,72.257,72.336,72.416,72.495,72.574,72.654,72.733,72.812,72.891,72.970,73.049,73.128,73.207,73.286,73.365,73.444,73.523,73.602,73.681,73.759,73.838,73.917,73.995,74.074,74.153,74.231,74.310,74.388,74.467,74.546,74.624,74.703,74.781,74.860,74.938,75.017,75.095,75.174,75.252,75.331,75.409,75.488,75.567,75.645,75.724,75.802,75.881,75.960,76.038,76.117,76.196,76.275,76.353,76.432,76.511,76.590,76.669,76.748,76.827,76.906,76.986,77.065,77.144,77.224,77.303,77.383,77.462,77.542,77.622,77.702,77.781,77.861,77.942,78.022,78.102,78.183,78.263,78.344,78.425,78.506,78.587,78.668,78.749,78.830,78.912,78.993,79.075,79.157,79.239,79.322,79.404,79.487,79.569,79.652,79.735,79.819,79.902,79.986,80.069,80.153,80.238,80.322,80.407,80.491,80.576,80.662,80.747,80.833,80.919,81.005,81.091,81.178,81.265,81.352,81.439,81.527,81.615,81.703,81.791,81.880,81.969,82.058,82.148,82.238,82.328,82.418,82.509,82.600,82.692,82.783,82.875,82.968,83.061,83.154,83.247,83.341,83.435,83.530,83.624,83.720,83.815,83.911,84.008,84.105,84.202,84.299,84.397,84.496,84.595,84.694,84.794,84.894,84.995,85.096,85.197,85.299,85.402,85.505,85.608,85.712,85.816,85.921,86.027,86.133,86.239,86.346,86.453,86.562,86.670,86.779,86.889,86.999,87.110,87.221,87.333,87.446,87.559,87.673,87.788,87.903,88.018,88.135,88.252,88.369,88.488,88.607,88.726,88.847,88.968,89.089,89.212,89.335,89.459,89.584,89.709,89.835,89.962,90.090,90.218,90.348,90.478,90.609,90.741,90.873,91.007,91.141,91.276,91.413,91.550,91.688,91.827,91.966,92.107,92.249,92.392,92.535,92.680,92.826,92.973,93.121,93.269,93.419,93.636,93.947,94.260,94.578,94.899,95.223,95.552,95.885,96.223,96.565,96.911,97.263,97.619,97.981,98.348,98.721,99.101,99.486,99.879,100.278,100.685,101.100,101.524,101.956,102.398,102.850,103.314,103.789,104.276,104.778,105.295,105.828,106.379,106.951,107.546,108.165,108.814,109.497,110.219,110.988,111.815,112.714,113.708,114.834,116.161,117.833,120.000,120.000,120.000,120.000,120.000,120.000,120.000,120.000,120.000,120.000,120.000,120.000,120.000,120.000,120.000,120.000,120.000,120.000,120.000,120.000,120.000,120.000,120.000,120.000,120.000,120.000,120.000,120.000,120.000,120.000,120.000,120.000
60.000,60.000,60.000,60.000,60.000,60.000,60.000,60.000,60.000,60.000,60.000,60.000,60.000,60.000,60.000,60.000,60.000,60.000,60.000,60.000,60.000,60.000,60.000,60.000,60.000,60.000,60.000,60.000,60.000,60.000,60.000,60.000,60.000,60.000,60.000,60.000,60.000,60.049,60.137,60.224,60.312,60.399,60.486,60.574,60.661,60.749,60.836,60.924,61.011,61.098,61.186,61.273,61.361,61.448,61.536,61.623,61.710,61.798,61.885,61.972,62.060,62.147,62.235,62.322,62.409,62.496,62.584,62.671,62.758,62.846,62.933,63.020,63.107,63.194,63.282,63.369,63.456,63.543,63.630,63.717,63.804,63.891,63.978,64.065,64.152,64.239,64.326,64.413,64.499,64.586,64.673,64.760,64.846,64.933,65.020,65.106,65.193,65.279,65.366,65.452,65.539,65.625,65.711,65.798,65.884,65.970,66.056,66.142,66.229,66.315,66.401,66.487,66.572,66.658,66.744,66.830,66.916,67.001,67.087,67.172,67.258,67.343,67.429,67.514,67.599,67.685,67.770,67.855,67.940,68.025,68.110,68.195,68.280,68.365,68.449,68.534,68.619,68.703,68.788,68.872,68.957,69.041,69.125,69.209,69.293,69.377,69.461,69.545,69.629,69.713,69.797,69.880,69.964,70.048,70.131,70.214,70.298,70.381,70.464,70.547,70.630,70.713,70.796,70.879,70.962,71.044,71.127,71.210,71.292,71.375,71.457,71.539,71.622,71.704,71.786,71.868,71.950,72.032,72.113,72.195,72.277,72.359,72.440,72.522,72.603,72.684,72.766,72.847,72.928,73.009,73.090,73.171,73.252,73.333,73.414,73.495,73.575,73.656,73.737,73.817,73.898,73.978,74.058,74.139,74.219,74.299,74.380,74.460,74.540,74.620,74.700,74.780,74.860,74.940,75.020,75.099,75.179,75.259,75.339,75.418,75.498,75.578,75.657,75.737,75.817,75.896,75.976,76.055,76.135,76.214,76.294,76.374,76.453,76.533,76.612,76.692,76.771,76.851,76.930,77.010,77.089,77.169,77.249,77.328,77.408,77.488,77.567,77.647,77.727,77.807,77.887,77.967,78.047,78.127,78.207,78.287,78.367,78.447,78.528,78.608,78.688,78.769,78.850,78.930,79.011,79.092,79.173,79.254,79.335,79.417,79.498,79.579,79.661,79.743,79.825,79.907,79.989,80.071,80.153,80.236,80.318,80.401,80.484,80.567,80.650,80.734,80.817,80.901,80.985,81.069,81.154,81.238,81.323,81.408,81.493,81.578,81.664,81.749,81.835,81.921,82.008,82.094,82.181,82.268,82.356,82.443,82.531,82.619,82.708,82.796,82.885,82.974,83.064,83.153,83.244,83.334,83.425,83.516,83.607,83.698,83.790,83.883,83.975,84.068,84.161,84.255,84.349,84.443,84.538,84.633,84.729,84.824,84.921,85.017,85.114,85.212,85.310,85.408,85.507,85.606,85.705,85.805,85.906,86.006,86.108,86.210,86.312,86.415,86.518,86.622,86.726,86.831,86.936,87.042,87.148,87.255,87.362,87.470,87.578,87.687,87.797,87.907,88.018,88.129,88.241,88.354,88.467,88.580,88.695,88.810,88.926,89.042,89.159,89.276,89.395,89.514,89.633,89.754,89.875,89.997,90.119,90.242,90.366,90.491,90.617,90.743,90.870,90.998,91.127,91.256,91.387,91.518,91.650,91.783,91.917,92.051,92.187,92.324,92.461,92.599,92.739,92.879,93.020,93.162,93.306,93.450,93.595,93.742,93.889,94.038,94.187,94.338,94.490,94.643,94.797,94.952,95.109,95.267,95.553,95.886,96.223,96.565,96.912,97.263,97.620,97.982,98.349,98.722,99.101,99.487,99.880,100.279,100.686,101.101,101.525,101.957,102.399,102.851,103.315,103.790,104.278,104.779,105.296,105.830,106.381,106.953,107.547,108.168,108.817,109.500,110.222,110.992,111.819,112.719,113.714,114.842,116.174,117.858,120.000,120.000,120.000,120.000,120.000,120.000,120.000,120.000,120.000,120.000,120.000,120.000,120.000,120.000,120.000,120.000,120.000,120.000,120.000,120.000,120.000,120.000,120.000,120.000,120.000,120.000,120.000,120.000,120.000,120.000,120.000,120.000
60.000,60.000,60.000,60.000,60.000,60.000,60.000,60.000,60.000,60.000,60.000,60.000,60.000,60.000,60.000,60.000,60.000,60.000,60.000,60.000,60.000,60.000,60.000,60.000,60.000,60.000,60.000,60.000,60.000,60.000,60.000,60.072,60.161,60.250,60.339,60.428,60.518,60.607,60.696,60.785,60.874,60.964,61.053,61.142,61.231,61.321,61.410,61.499,61.589,61.678,61.767,61.856,61.946,62.035,62.124,62.214,62.303,62.392,62.481,62.571,62.660,62.749,62.839,62.928,63.017,63.106,63.196,63.285,63.374,63.463,63.552,63.642,63.731,63.820,63.909,63.998,64.087,64.176,64.266,64.355,64.444,64.533,64.622,64.711,64.800,64.888,64.977,65.066,65.155,65.244,65.333,65.422,65.510,65.599,65.688,65.776,65.865,65.954,66.042,66.131,66.219,66.308,66.396,66.484,66.573,66.661,66.749,66.837,66.926,67.014,67.102,67.190,67.278,67.366,67.454,67.542,67.629,67.717,67.805,67.893,67.980,68.068,68.155,68.243,68.330,68.417,68.505,68.592,68.679,68.766,68.853,68.940,69.027,69.114,69.201,69.288,69.374,69.461,69.548,69.634,69.720,69.807,69.893,69.979,70.066,70.152,70.238,70.324,70.410,70.495,70.581,70.667,70.752,70.838,70.923,71.009,71.094,71.179,71.265,71.350,71.435,71.520,71.605,71.689,71.774,71.859,71.943,72.028,72.112,72.197,72.281,72.365,72.449,72.533,72.617,72.701,72.785,72.869,72.952,73.036,73.119,73.203,73.286,73.369,73.453,73.536,73.619,73.702,73.785,73.867,73.950,74.033,74.115,74.198,74.280,74.363,74.445,74.527,74.610,74.692,74.774,74.856,74.938,75.020,75.102,75.183,75.265,75.347,75.428,75.510,75.591,75.673,75.754,75.835,75.916,75.998,76.079,76.160,76.241,76.322,76.403,76.484,76.565,76.646,76.726,76.807,76.888,76.969,77.049,77.130,77.211,77.291,77.372,77.452,77.533,77.614,77.694,77.775,77.855,77.936,78.016,78.097,78.177,78.258,78.338,78.419,78.500,78.580,78.661,78.741,78.822,78.903,78.983,79.064,79.145,79.226,79.307,79.388,79.469,79.550,79.631,79.712,79.793,79.874,79.955,80.037,80.118,80.200,80.282,80.363,80.445,80.527,80.609,80.691,80.773,80.856,80.938,81.021,81.103,81.186,81.269,81.352,81.435,81.519,81.602,81.686,81.769,81.853,81.937,82.022,82.106,82.191,82.276,82.361,82.446,82.531,82.617,82.702,82.788,82.875,82.961,83.048,83.134,83.222,83.309,83.396,83.484,83.572,83.661,83.749,83.838,83.927,84.016,84.106,84.196,84.286,84.377,84.468,84.559,84.650,84.742,84.834,84.926,85.019,85.112,85.206,85.299,85.394,85.488,85.583,85.678,85.774,85.870,85.966,86.063,86.160,86.258,86.356,86.454,86.553,86.653,86.752,86.853,86.953,87.054,87.156,87.258,87.360,87.463,87.567,87.671,87.775,87.881,87.986,88.092,88.199,88.306,88.414,88.522,88.631,88.740,88.850,88.961,89.072,89.184,89.296,89.409,89.522,89.637,89.752,89.867,89.983,90.100,90.218,90.336,90.455,90.575,90.695,90.816,90.938,91.060,91.184,91.308,91.433,91.558,91.685,91.812,91.940,92.069,92.198,92.329,92.460,92.593,92.726,92.860,92.995,93.131,93.267,93.405,93.544,93.684,93.824,93.966,94.109,94.252,94.397,94.543,94.690,94.838,94.987,95.137,95.289,95.441,95.595,95.750,95.906,96.064,96.222,96.382,96.544,96.706,96.870,97.035,97.264,97.620,97.982,98.350,98.723,99.102,99.488,99.880,100.280,100.687,101.102,101.526,101.958,102.400,102.853,103.316,103.791,104.279,104.781,105.298,105.831,106.383,106.955,107.549,108.170,108.819,109.502,110.225,110.995,111.823,112.724,113.720,114.851,116.187,117.883,120.000,120.000,120.000,120.000,120.000,120.000,120.000,120.000,120.000,120.000,120.000,120.000,120.000,120.000,120.000,120.000,120.000,120.000,120.000,120.000,120.000,120.000,120.000,120.000,120.000,120.000,120.000,120.000,120.000,120.000,120.000,120.000
60.000,60.000,60.000,60.000,60.000,60.000,60.000,60.000,60.000,60.000,60.000,60.000,60.000,60.000,60.000,60.000,60.000,60.000,60.000,60.000,60.000,60.000,60.000,60.000,60.000,60.080,60.171,60.262,60.353,60.444,60.535,60.626,60.717,60.808,60.899,60.990,61.081,61.172,61.263,61.354,61.445,61.537,61.628,61.719,61.810,61.901,61.992,62.084,62.175,62.266,62.357,62.449,62.540,62.631,62.722,62.814,62.905,62.996,63.087,63.179,63.270,63.361,63.453,63.544,63.635,63.726,63.818,63.909,64.000,64.091,64.183,64.274,64.365,64.456,64.548,64.639,64.730,64.821,64.912,65.004,65.095,65.186,65.277,65.368,65.459,65.550,65.641,65.732,65.823,65.914,66.005,66.096,66.187,66.278,66.369,66.460,66.550,66.641,66.732,66.823,66.913,67.004,67.095,67.185,67.276,67.366,67.457,67.547,67.637,67.728,67.818,67.908,67.999,68.089,68.179,68.269,68.359,68.449,68.539,68.629,68.719,68.808,68.898,68.988,69.077,69.167,69.256,69.346,69.435,69.525,69.614,69.703,69.792,69.881,69.971,70.059,70.148,70.237,70.326,70.415,70.503,70.592,70.680,70.769,70.857,70.946,71.034,71.122,71.210,71.298,71.386,71.474,71.562,71.649,71.737,71.825,71.912,71.999,72.087,72.174,72.261,72.348,72.435,72.522,72.609,72.696,72.782,72.869,72.955,73.042,73.128,73.214,73.301,73.387,73.473,73.559,73.644,73.730,73.816,73.901,73.987,74.072,74.157,74.243,74.328,74.413,74.498,74.583,74.667,74.752,74.837,74.921,75.006,75.090,75.174,75.259,75.343,75.427,75.511,75.595,75.678,75.762,75.846,75.929,76.013,76.096,76.180,76.263,76.346,76.429,76.512,76.595,76.678,76.761,76.844,76.926,77.009,77.092,77.174,77.257,77.339,77.421,77.504,77.586,77.668,77.750,77.832,77.914,77.996,78.078,78.160,78.242,78.324,78.405,78.487,78.569,78.651,78.732,78.814,78.896,78.977,79.059,79.140,79.222,79.303,79.385,79.466,79.548,79.629,79.711,79.792,79.874,79.956,80.037,80.119,80.200,80.282,80.364,80.445,80.527,80.609,80.690,80.772,80.854,80.936,81.018,81.100,81.182,81.264,81.347,81.429,81.511,81.594,81.676,81.759,81.842,81.925,82.007,82.091,82.174,82.257,82.340,82.424,82.507,82.591,82.675,82.759,82.843,82.927,83.012,83.096,83.181,83.266,83.351,83.437,83.522,83.608,83.693,83.779,83.866,83.952,84.039,84.126,84.213,84.300,84.387,84.475,84.563,84.651,84.740,84.829,84.918,85.007,85.096,85.186,85.276,85.367,85.457,85.548,85.640,85.731,85.823,85.915,86.008,86.101,86.194,86.288,86.381,86.476,86.570,86.665,86.761,86.856,86.953,87.049,87.146,87.243,87.341,87.439,87.538,87.637,87.736,87.836,87.937,88.038,88.139,88.241,88.343,88.446,88.549,88.653,88.757,88.862,88.967,89.073,89.179,89.286,89.393,89.501,89.610,89.719,89.829,89.939,90.050,90.162,90.274,90.386,90.500,90.614,90.729,90.844,90.960,91.077,91.194,91.312,91.431,91.551,91.671,91.792,91.914,92.036,92.159,92.283,92.408,92.534,92.660,92.787,92.915,93.044,93.174,93.305,93.436,93.569,93.702,93.836,93.971,94.108,94.245,94.383,94.522,94.662,94.803,94.945,95.088,95.232,95.377,95.524,95.671,95.820,95.969,96.120,96.272,96.426,96.580,96.736,96.893,97.051,97.210,97.371,97.533,97.697,97.862,98.028,98.196,98.365,98.536,98.708,98.882,99.103,99.489,99.881,100.281,100.688,101.103,101.527,101.959,102.401,102.854,103.317,103.792,104.280,104.782,105.299,105.833,106.384,106.957,107.551,108.172,108.822,109.505,110.228,110.998,111.827,112.728,113.727,114.860,116.200,117.909,120.000,120.000,120.000,120.000,120.000,120.000,120.000,120.000,120.000,120.000,120.000,120.000,120.000,120.000,120.000,120.000,120.000,120.000,120.000,120.000,120.000,120.000,120.000,120.000,120.000,120.000,120.000,120.000,120.000,120.000,120.000,120.000
60.000,60.000,60.000,60.000,60.000,60.000,60.000,60.000,60.000,60.000,60.000,60.000,60.000,60.000,60.000,60.000,60.000,60.000,60.000,60.075,60.168,60.261,60.353,60.446,60.538,60.631,60.724,60.817,60.909,61.002,61.095,61.188,61.281,61.374,61.466,61.559,61.652,61.745,61.838,61.932,62.025,62.118,62.211,62.304,62.397,62.490,62.583,62.677,62.770,62.863,62.956,63.050,63.143,63.236,63.330,63.423,63.516,63.610,63.703,63.796,63.890,63.983,64.076,64.170,64.263,64.357,64.450,64.543,64.637,64.730,64.824,64.917,65.010,65.104,65.197,65.291,65.384,65.477,65.571,65.664,65.757,65.851,65.944,66.037,66.131,66.224,66.317,66.411,66.504,66.597,66.690,66.783,66.877,66.970,67.063,67.156,67.249,67.342,67.435,67.528,67.621,67.714,67.807,67.900,67.993,68.086,68.178,68.271,68.364,68.457,68.549,68.642,68.734,68.827,68.919,69.012,69.104,69.196,69.289,69.381,69.473,69.565,69.657,69.749,69.841,69.933,70.025,70.117,70.209,70.301,70.392,70.484,70.575,70.667,70.758,70.850,70.941,71.032,71.123,71.214,71.305,71.396,71.487,71.578,71.669,71.759,71.850,71.940,72.031,72.121,72.211,72.302,72.392,72.482,72.572,72.661,72.751,72.841,72.931,73.020,73.110,73.199,73.288,73.377,73.466,73.555,73.644,73.733,73.822,73.911,73.999,74.088,74.176,74.264,74.352,74.441,74.529,74.616,74.704,74.792,74.880,74.967,75.054,75.142,75.229,75.316,75.403,75.490,75.577,75.664,75.750,75.837,75.923,76.010,76.096,76.182,76.268,76.354,76.440,76.526,76.612,76.697,76.783,76.868,76.953,77.039,77.124,77.209,77.294,77.379,77.463,77.548,77.633,77.717,77.802,77.886,77.970,78.055,78.139,78.223,78.307,78.391,78.474,78.558,78.642,78.725,78.809,78.892,78.976,79.059,79.142,79.226,79.309,79.392,79.475,79.558,79.641,79.724,79.807,79.890,79.972,80.055,80.138,80.220,80.303,80.386,80.468,80.551,80.633,80.716,80.798,80.881,80.963,81.046,81.128,81.211,81.293,81.376,81.458,81.541,81.623,81.706,81.788,81.871,81.954,82.036,82.119,82.202,82.284,82.367,82.450,82.533,82.616,82.699,82.782,82.866,82.949,83.032,83.116,83.199,83.283,83.366,83.450,83.534,83.618,83.702,83.787,83.871,83.956,84.040,84.125,84.210,84.295,84.380,84.466,84.551,84.637,84.723,84.809,84.895,84.982,85.068,85.155,85.242,85.330,85.417,85.505,85.593,85.681,85.769,85.858,85.947,86.036,86.125,86.215,86.305,86.395,86.486,86.576,86.668,86.759,86.851,86.943,87.035,87.127,87.220,87.314,87.407,87.501,87.596,87.690,87.786,87.881,87.977,88.073,88.170,88.267,88.364,88.462,88.560,88.659,88.758,88.858,88.958,89.058,89.159,89.261,89.362,89.465,89.568,89.671,89.775,89.879,89.984,90.090,90.196,90.302,90.410,90.517,90.625,90.734,90.844,90.954,91.064,91.176,91.287,91.400,91.513,91.627,91.741,91.856,91.972,92.089,92.206,92.324,92.442,92.562,92.682,92.803,92.924,93.047,93.170,93.294,93.418,93.544,93.670,93.797,93.926,94.054,94.184,94.315,94.446,94.579,94.712,94.847,94.982,95.118,95.256,95.394,95.533,95.673,95.815,95.957,96.100,96.245,96.391,96.537,96.685,96.834,96.984,97.136,97.289,97.442,97.598,97.754,97.912,98.071,98.231,98.393,98.556,98.720,98.886,99.054,99.223,99.393,99.565,99.738,99.914,100.090,100.269,100.449,100.631,100.814,101.104,101.528,101.960,102.402,102.855,103.318,103.793,104.281,104.783,105.300,105.834,106.386,106.958,107.553,108.174,108.824,109.508,110.231,111.002,111.831,112.733,113.733,114.868,116.213,117.936,120.000,120.000,120.000,120.000,120.000,120.000,120.000,120.000,120.000,120.000,120.000,120.000,120.000,120.000,120.000,120.000,120.000,120.000,120.000,120.000,120.000,120.000,120.000,120.000,120.000,120.000,120.000,120.000,120.000,120.000,120.000,120.000
60.000,60.000,60.000,60.000,60.000,60.000,60.000,60.000,60.000,60.000,60.000,60.000,60.000,60.056,60.150,60.244,60.339,60.433,60.527,60.622,60.716,60.811,60.905,61.000,61.094,61.189,61.283,61.378,61.473,61.567,61.662,61.757,61.852,61.947,62.042,62.137,62.232,62.327,62.422,62.517,62.612,62.707,62.802,62.897,62.992,63.088,63.183,63.278,63.374,63.469,63.564,63.660,63.755,63.850,63.946,64.041,64.137,64.232,64.328,64.423,64.519,64.614,64.710,64.806,64.901,64.997,65.092,65.188,65.284,65.379,65.475,65.571,65.666,65.762,65.858,65.953,66.049,66.145,66.240,66.336,66.432,66.527,66.623,66.718,66.814,66.910,67.005,67.101,67.197,67.292,67.388,67.483,67.579,67.674,67.770,67.865,67.961,68.056,68.152,68.247,68.343,68.438,68.533,68.629,68.724,68.819,68.914,69.010,69.105,69.200,69.295,69.390,69.485,69.580,69.675,69.770,69.865,69.960,70.054,70.149,70.244,70.338,70.433,70.528,70.622,70.716,70.811,70.905,70.999,71.094,71.188,71.282,71.376,71.470,71.564,71.658,71.751,71.845,71.939,72.032,72.126,72.219,72.313,72.406,72.499,72.592,72.685,72.778,72.871,72.964,73.057,73.150,73.242,73.335,73.427,73.520,73.612,73.704,73.796,73.888,73.980,74.072,74.163,74.255,74.347,74.438,74.529,74.621,74.712,74.803,74.894,74.984,75.075,75.166,75.256,75.347,75.437,75.527,75.618,75.708,75.797,75.887,75.977,76.067,76.156,76.245,76.335,76.424,76.513,76.602,76.691,76.779,76.868,76.957,77.045,77.133,77.221,77.310,77.398,77.485,77.573,77.661,77.748,77.836,77.923,78.010,78.097,78.184,78.271,78.358,78.445,78.531,78.618,78.704,78.790,78.877,78.963,79.049,79.135,79.220,79.306,79.392,79.477,79.563,79.648,79.733,79.818,79.903,79.988,80.073,80.158,80.243,80.327,80.412,80.496,80.581,80.665,80.749,80.834,80.918,81.002,81.086,81.170,81.254,81.338,81.422,81.505,81.589,81.673,81.756,81.840,81.923,82.007,82.091,82.174,82.257,82.341,82.424,82.508,82.591,82.675,82.758,82.841,82.925,83.008,83.092,83.175,83.258,83.342,83.425,83.509,83.592,83.676,83.760,83.843,83.927,84.011,84.095,84.179,84.263,84.347,84.431,84.515,84.599,84.684,84.768,84.853,84.938,85.022,85.107,85.192,85.278,85.363,85.448,85.534,85.619,85.705,85.791,85.878,85.964,86.050,86.137,86.224,86.311,86.398,86.486,86.573,86.661,86.749,86.838,86.926,87.015,87.104,87.193,87.283,87.372,87.462,87.553,87.643,87.734,87.825,87.917,88.008,88.100,88.193,88.286,88.379,88.472,88.566,88.660,88.754,88.849,88.944,89.039,89.135,89.231,89.328,89.425,89.523,89.621,89.719,89.818,89.917,90.016,90.116,90.217,90.318,90.420,90.522,90.624,90.727,90.830,90.934,91.039,91.144,91.250,91.356,91.463,91.570,91.678,91.786,91.895,92.005,92.115,92.226,92.337,92.450,92.562,92.676,92.790,92.905,93.020,93.136,93.253,93.371,93.489,93.608,93.728,93.849,93.970,94.092,94.215,94.339,94.463,94.589,94.715,94.842,94.970,95.099,95.228,95.359,95.491,95.623,95.756,95.891,96.026,96.163,96.300,96.438,96.578,96.718,96.860,97.002,97.146,97.291,97.437,97.584,97.732,97.882,98.032,98.184,98.337,98.492,98.647,98.805,98.963,99.123,99.284,99.446,99.610,99.776,99.943,100.111,100.281,100.453,100.626,100.800,100.977,101.155,101.335,101.517,101.700,101.885,102.072,102.261,102.452,102.645,102.856,103.319,103.795,104.283,104.785,105.302,105.836,106.388,106.960,107.555,108.176,108.826,109.510,110.234,111.005,111.835,112.738,113.739,114.877,116.226,117.963,120.000,120.000,120.000,120.000,120.000,120.000,120.000,120.000,120.000,120.000,120.000,120.000,120.000,120.000,120.000,120.000,120.000,120.000,120.000,120.000,120.000,120.000,120.000,120.000,120.000,120.000,120.000,120.000,120.000,120.000,120.000,120.000
60.000,60.000,60.000,60.000,60.000,60.000,60.000,60.022,60.118,60.214,60.310,60.406,60.502,60.598,60.694,60.790,60.886,60.982,61.078,61.175,61.271,61.367,61.464,61.560,61.657,61.753,61.850,61.946,62.043,62.140,62.237,62.334,62.430,62.527,62.624,62.721,62.818,62.915,63.013,63.110,63.207,63.304,63.401,63.499,63.596,63.693,63.791,63.888,63.986,64.083,64.181,64.278,64.376,64.474,64.571,64.669,64.767,64.864,64.962,65.060,65.158,65.255,65.353,65.451,65.549,65.647,65.745,65.843,65.941,66.039,66.137,66.235,66.333,66.431,66.529,66.627,66.725,66.823,66.921,67.019,67.117,67.215,67.313,67.411,67.509,67.607,67.705,67.803,67.901,67.999,68.098,68.196,68.294,68.392,68.490,68.588,68.686,68.784,68.882,68.979,69.077,69.175,69.273,69.371,69.469,69.567,69.664,69.762,69.860,69.958,70.055,70.153,70.251,70.348,70.446,70.543,70.641,70.738,70.836,70.933,71.030,71.127,71.225,71.322,71.419,71.516,71.613,71.710,71.807,71.904,72.001,72.097,72.194,72.291,72.387,72.484,72.580,72.676,72.773,72.869,72.965,73.061,73.157,73.253,73.349,73.445,73.541,73.636,73.732,73.827,73.923,74.018,74.113,74.208,74.303,74.398,74.493,74.588,74.683,74.777,74.872,74.966,75.061,75.155,75.249,75.343,75.437,75.531,75.624,75.718,75.811,75.905,75.998,76.091,76.184,76.277,76.370,76.463,76.555,76.648,76.740,76.832,76.925,77.017,77.109,77.200,77.292,77.384,77.475,77.566,77.658,77.749,77.840,77.930,78.021,78.112,78.202,78.293,78.383,78.473,78.563,78.653,78.742,78.832,78.921,79.011,79.100,79.189,79.278,79.367,79.456,79.544,79.633,79.721,79.810,79.898,79.986,80.074,80.161,80.249,80.337,80.424,80.511,80.599,80.686,80.773,80.860,80.947,81.033,81.120,81.206,81.293,81.379,81.465,81.551,81.637,81.723,81.809,81.894,81.980,82.066,82.151,82.236,82.322,82.407,82.492,82.577,82.662,82.747,82.832,82.917,83.002,83.086,83.171,83.255,83.340,83.425,83.509,83.593,83.678,83.762,83.847,83.931,84.015,84.099,84.184,84.268,84.352,84.436,84.521,84.605,84.689,84.773,84.858,84.942,85.026,85.111,85.195,85.280,85.364,85.449,85.533,85.618,85.703,85.787,85.872,85.957,86.042,86.127,86.213,86.298,86.383,86.469,86.554,86.640,86.726,86.812,86.898,86.984,87.071,87.157,87.244,87.331,87.418,87.505,87.593,87.680,87.768,87.856,87.944,88.033,88.121,88.210,88.299,88.389,88.478,88.568,88.658,88.749,88.839,88.930,89.021,89.113,89.204,89.296,89.389,89.481,89.574,89.668,89.761,89.855,89.950,90.045,90.140,90.235,90.331,90.427,90.524,90.621,90.718,90.816,90.914,91.013,91.112,91.212,91.312,91.413,91.514,91.615,91.717,91.820,91.923,92.026,92.130,92.235,92.340,92.446,92.552,92.659,92.766,92.874,92.983,93.092,93.202,93.312,93.423,93.535,93.647,93.760,93.874,93.988,94.103,94.219,94.335,94.453,94.571,94.689,94.809,94.929,95.050,95.172,95.295,95.418,95.542,95.667,95.793,95.920,96.048,96.177,96.306,96.437,96.568,96.701,96.834,96.968,97.104,97.240,97.377,97.516,97.655,97.796,97.937,98.080,98.224,98.369,98.515,98.663,98.811,98.961,99.112,99.264,99.418,99.573,99.729,99.887,100.046,100.206,100.368,100.531,100.696,100.862,101.030,101.200,101.371,101.543,101.718,101.894,102.071,102.251,102.432,102.615,102.800,102.987,103.176,103.367,103.560,103.755,103.952,104.151,104.353,104.557,104.786,105.303,105.837,106.389,106.962,107.557,108.178,108.829,109.513,110.237,111.009,111.839,112.743,113.746,114.886,116.240,117.990,120.000,120.000,120.000,120.000,120.000,120.000,120.000,120.000,120.000,120.000,120.000,120.000,120.000,120.000,120.000,120.000,120.000,120.000,120.000,120.000,120.000,120.000,120.000,120.000,120.000,120.000,120.000,120.000,120.000,120.000,120.000,120.000
60.000,60.000,60.071,60.169,60.266,60.364,60.461,60.559,60.656,60.754,60.852,60.949,61.047,61.145,61.243,61.341,61.439,61.537,61.636,61.734,61.832,61.931,62.029,62.127,62.226,62.325,62.423,62.522,62.621,62.720,62.818,62.917,63.016,63.115,63.214,63.313,63.413,63.512,63.611,63.710,63.810,63.909,64.009,64.108,64.208,64.307,64.407,64.507,64.606,64.706,64.806,64.906,65.005,65.105,65.205,65.305,65.405,65.505,65.605,65.705,65.806,65.906,66.006,66.106,66.206,66.307,66.407,66.507,66.608,66.708,66.808,66.909,67.009,67.110,67.210,67.311,67.411,67.512,67.612,67.713,67.813,67.914,68.014,68.115,68.216,68.316,68.417,68.517,68.618,68.719,68.819,68.920,69.021,69.121,69.222,69.322,69.423,69.524,69.624,69.725,69.825,69.926,70.026,70.127,70.227,70.328,70.428,70.529,70.629,70.730,70.830,70.930,71.031,71.131,71.231,71.331,71.432,71.532,71.632,71.732,71.832,71.932,72.032,72.132,72.232,72.332,72.431,72.531,72.631,72.731,72.830,72.930,73.029,73.128,73.228,73.327,73.426,73.526,73.625,73.724,73.823,73.921,74.020,74.119,74.218,74.316,74.415,74.513,74.612,74.710,74.808,74.906,75.004,75.102,75.200,75.298,75.395,75.493,75.590,75.688,75.785,75.882,75.979,76.076,76.173,76.270,76.366,76.463,76.559,76.655,76.752,76.848,76.944,77.040,77.135,77.231,77.326,77.422,77.517,77.612,77.707,77.802,77.897,77.991,78.086,78.180,78.275,78.369,78.463,78.556,78.650,78.744,78.837,78.931,79.024,79.117,79.210,79.302,79.395,79.488,79.580,79.672,79.764,79.856,79.948,80.040,80.131,80.223,80.314,80.405,80.496,80.587,80.677,80.768,80.858,80.949,81.039,81.129,81.219,81.308,81.398,81.487,81.577,81.666,81.755,81.844,81.933,82.021,82.110,82.198,82.286,82.375,82.463,82.550,82.638,82.726,82.814,82.901,82.988,83.075,83.163,83.250,83.336,83.423,83.510,83.597,83.683,83.769,83.856,83.942,84.028,84.114,84.200,84.286,84.372,84.458,84.543,84.629,84.714,84.800,84.885,84.971,85.056,85.141,85.226,85.312,85.397,85.482,85.567,85.652,85.737,85.822,85.907,85.992,86.077,86.162,86.247,86.332,86.417,86.502,86.588,86.673,86.758,86.843,86.928,87.013,87.099,87.184,87.270,87.355,87.441,87.527,87.612,87.698,87.784,87.870,87.956,88.043,88.129,88.216,88.302,88.389,88.476,88.563,88.650,88.738,88.825,88.913,89.001,89.089,89.177,89.266,89.354,89.443,89.532,89.622,89.711,89.801,89.891,89.982,90.072,90.163,90.254,90.346,90.437,90.529,90.622,90.714,90.807,90.901,90.994,91.088,91.182,91.277,91.372,91.467,91.563,91.659,91.756,91.853,91.950,92.048,92.146,92.245,92.344,92.443,92.543,92.644,92.745,92.846,92.948,93.051,93.154,93.257,93.361,93.466,93.571,93.677,93.783,93.890,93.997,94.105,94.214,94.323,94.433,94.543,94.654,94.766,94.879,94.992,95.106,95.220,95.336,95.452,95.568,95.686,95.804,95.923,96.043,96.164,96.285,96.407,96.531,96.654,96.779,96.905,97.031,97.159,97.287,97.417,97.547,97.678,97.810,97.943,98.078,98.213,98.349,98.486,98.625,98.764,98.905,99.046,99.189,99.333,99.478,99.625,99.772,99.921,100.071,100.223,100.375,100.529,100.685,100.842,101.000,101.159,101.320,101.483,101.647,101.812,101.980,102.148,102.319,102.491,102.664,102.840,103.017,103.196,103.377,103.559,103.744,103.931,104.119,104.310,104.502,104.697,104.894,105.094,105.295,105.499,105.705,105.914,106.125,106.339,106.556,106.964,107.559,108.180,108.831,109.516,110.240,111.012,111.843,112.748,113.752,114.894,116.254,118.019,120.000,120.000,120.000,120.000,120.000,120.000,120.000,120.000,120.000,120.000,120.000,120.000,120.000,120.000,120.000,120.000,120.000,120.000,120.000,120.000,120.000,120.000,120.000,120.000,120.000,120.000,120.000,120.000,120.000,120.000,120.000,120.000
60.406,60.505,60.604,60.703,60.802,60.902,61.001,61.100,61.200,61.300,61.399,61.499,61.599,61.699,61.799,61.899,61.999,62.099,62.199,62.300,62.400,62.500,62.601,62.701,62.802,62.903,63.003,63.104,63.205,63.306,63.407,63.508,63.609,63.710,63.812,63.913,64.014,64.116,64.217,64.319,64.420,64.522,64.624,64.725,64.827,64.929,65.031,65.133,65.235,65.337,65.439,65.541,65.643,65.746,65.848,65.950,66.053,66.155,66.258,66.360,66.463,66.565,66.668,66.770,66.873,66.976,67.079,67.181,67.284,67.387,67.490,67.593,67.696,67.799,67.902,68.005,68.108,68.211,68.314,68.417,68.520,68.624,68.727,68.830,68.933,69.036,69.140,69.243,69.346,69.450,69.553,69.656,69.759,69.863,69.966,70.069,70.173,70.276,70.379,70.483,70.586,70.689,70.793,70.896,70.999,71.102,71.206,71.309,71.412,71.515,71.619,71.722,71.825,71.928,72.031,72.134,72.237,72.340,72.443,72.546,72.649,72.752,72.855,72.958,73.060,73.163,73.266,73.368,73.471,73.573,73.676,73.778,73.881,73.983,74.085,74.188,74.290,74.392,74.494,74.596,74.698,74.799,74.901,75.003,75.104,75.206,75.307,75.409,75.510,75.611,75.712,75.813,75.914,76.015,76.116,76.217,76.317,76.418,76.518,76.618,76.718,76.818,76.918,77.018,77.118,77.218,77.317,77.416,77.516,77.615,77.714,77.813,77.912,78.010,78.109,78.207,78.306,78.404,78.502,78.600,78.698,78.795,78.893,78.990,79.087,79.184,79.281,79.378,79.475,79.571,79.668,79.764,79.860,79.956,80.052,80.147,80.243,80.338,80.433,80.529,80.623,80.718,80.813,80.907,81.001,81.095,81.189,81.283,81.377,81.470,81.564,81.657,81.750,81.843,81.935,82.028,82.120,82.212,82.305,82.396,82.488,82.580,82.671,82.762,82.854,82.945,83.035,83.126,83.217,83.307,83.397,83.487,83.577,83.667,83.757,83.846,83.935,84.025,84.114,84.203,84.291,84.380,84.469,84.557,84.645,84.733,84.821,84.909,84.997,85.085,85.172,85.260,85.347,85.434,85.521,85.608,85.695,85.782,85.869,85.956,86.042,86.129,86.215,86.301,86.388,86.474,86.560,86.646,86.732,86.818,86.904,86.990,87.076,87.162,87.247,87.333,87.419,87.505,87.590,87.676,87.762,87.847,87.933,88.019,88.104,88.190,88.276,88.362,88.448,88.534,88.619,88.705,88.792,88.878,88.964,89.050,89.136,89.223,89.309,89.396,89.483,89.570,89.657,89.744,89.831,89.918,90.006,90.094,90.181,90.269,90.358,90.446,90.534,90.623,90.712,90.801,90.891,90.980,91.070,91.160,91.250,91.341,91.432,91.523,91.614,91.706,91.798,91.890,91.982,92.075,92.168,92.262,92.356,92.450,92.544,92.639,92.734,92.830,92.926,93.022,93.119,93.216,93.314,93.412,93.510,93.609,93.709,93.809,93.909,94.010,94.111,94.213,94.315,94.418,94.522,94.625,94.730,94.835,94.941,95.047,95.154,95.261,95.369,95.478,95.587,95.697,95.807,95.918,96.030,96.143,96.256,96.370,96.485,96.600,96.717,96.834,96.951,97.070,97.189,97.309,97.430,97.552,97.675,97.798,97.922,98.048,98.174,98.301,98.429,98.558,98.688,98.819,98.951,99.084,99.218,99.353,99.489,99.626,99.764,99.903,100.044,100.186,100.328,100.472,100.618,100.764,100.912,101.061,101.211,101.363,101.516,101.670,101.826,101.983,102.142,102.302,102.463,102.626,102.791,102.957,103.125,103.295,103.466,103.639,103.814,103.990,104.169,104.349,104.531,104.715,104.901,105.090,105.280,105.472,105.667,105.863,106.063,106.264,106.468,106.674,106.883,107.094,107.309,107.526,107.745,107.968,108.194,108.422,108.833,109.518,110.243,111.016,111.847,112.753,113.758,114.903,116.267,118.047,120.000,120.000,120.000,120.000,120.000,120.000,120.000,120.000,120.000,120.000,120.000,120.000,120.000,120.000,120.000,120.000,120.000,120.000,120.000,120.000,120.000,120.000,120.000,120.000,120.000,120.000,120.000,120.000,120.000,120.000,120.000,120.000
60.939,61.040,61.141,61.243,61.344,61.445,61.546,61.648,61.749,61.851,61.953,62.054,62.156,62.258,62.360,62.462,62.564,62.667,62.769,62.871,62.974,63.076,63.179,63.282,63.384,63.487,63.590,63.693,63.796,63.899,64.003,64.106,64.209,64.313,64.416,64.520,64.623,64.727,64.831,64.934,65.038,65.142,65.246,65.350,65.454,65.559,65.663,65.767,65.872,65.976,66.080,66.185,66.290,66.394,66.499,66.604,66.709,66.813,66.918,67.023,67.128,67.234,67.339,67.444,67.549,67.654,67.760,67.865,67.970,68.076,68.181,68.287,68.392,68.498,68.604,68.709,68.815,68.921,69.026,69.132,69.238,69.344,69.450,69.556,69.662,69.768,69.874,69.980,70.086,70.192,70.298,70.404,70.510,70.616,70.722,70.828,70.934,71.041,71.147,71.253,71.359,71.465,71.571,71.678,71.784,71.890,71.996,72.102,72.208,72.314,72.421,72.527,72.633,72.739,72.845,72.951,73.057,73.163,73.269,73.375,73.481,73.586,73.692,73.798,73.904,74.010,74.115,74.221,74.326,74.432,74.538,74.643,74.748,74.854,74.959,75.064,75.170,75.275,75.380,75.485,75.590,75.694,75.799,75.904,76.009,76.113,76.218,76.322,76.426,76.531,76.635,76.739,76.843,76.947,77.051,77.154,77.258,77.361,77.465,77.568,77.671,77.774,77.877,77.980,78.083,78.186,78.288,78.391,78.493,78.595,78.697,78.799,78.901,79.002,79.104,79.205,79.307,79.408,79.509,79.610,79.710,79.811,79.911,80.011,80.112,80.211,80.311,80.411,80.510,80.610,80.709,80.808,80.907,81.006,81.104,81.202,81.301,81.399,81.497,81.594,81.692,81.789,81.886,81.983,82.080,82.177,82.273,82.370,82.466,82.562,82.658,82.753,82.849,82.944,83.039,83.134,83.229,83.323,83.418,83.512,83.606,83.700,83.794,83.887,83.980,84.074,84.166,84.259,84.352,84.444,84.537,84.629,84.721,84.812,84.904,84.995,85.087,85.178,85.269,85.359,85.450,85.540,85.631,85.721,85.811,85.900,85.990,86.080,86.169,86.258,86.347,86.436,86.525,86.614,86.702,86.791,86.879,86.967,87.055,87.143,87.231,87.318,87.406,87.493,87.581,87.668,87.755,87.842,87.929,88.016,88.103,88.190,88.277,88.363,88.450,88.537,88.623,88.709,88.796,88.882,88.969,89.055,89.141,89.227,89.314,89.400,89.486,89.572,89.659,89.745,89.831,89.918,90.004,90.090,90.177,90.263,90.350,90.437,90.523,90.610,90.697,90.784,90.871,90.958,91.045,91.133,91.220,91.308,91.395,91.483,91.571,91.660,91.748,91.836,91.925,92.014,92.103,92.193,92.282,92.372,92.462,92.552,92.642,92.733,92.824,92.915,93.007,93.098,93.190,93.283,93.375,93.468,93.562,93.655,93.749,93.843,93.938,94.033,94.128,94.224,94.320,94.417,94.514,94.611,94.709,94.808,94.906,95.005,95.105,95.205,95.306,95.407,95.509,95.611,95.714,95.817,95.920,96.025,96.130,96.235,96.341,96.448,96.555,96.663,96.772,96.881,96.991,97.101,97.212,97.324,97.437,97.550,97.664,97.779,97.895,98.011,98.128,98.246,98.365,98.484,98.605,98.726,98.848,98.971,99.095,99.220,99.345,99.472,99.599,99.728,99.857,99.988,100.120,100.252,100.386,100.521,100.656,100.793,100.931,101.070,101.211,101.352,101.495,101.639,101.784,101.931,102.079,102.228,102.378,102.530,102.683,102.838,102.994,103.151,103.311,103.471,103.633,103.797,103.962,104.129,104.298,104.468,104.640,104.814,104.990,105.168,105.347,105.529,105.712,105.898,106.085,106.275,106.467,106.661,106.858,107.057,107.258,107.462,107.668,107.877,108.088,108.303,108.520,108.740,108.963,109.189,109.418,109.651,109.887,110.126,110.369,111.019,111.851,112.758,113.765,114.912,116.281,118.077,120.000,120.000,120.000,120.000,120.000,120.000,120.000,120.000,120.000,120.000,120.000,120.000,120.000,120.000,120.000,120.000,120.000,120.000,120.000,120.000,120.000,120.000,120.000,120.000,120.000,120.000,120.000,120.000,120.000,120.000,120.000,120.000
60.956,61.087,61.219,61.352,61.484,61.617,61.751,61.884,62.018,62.152,62.286,62.420,62.555,62.690,62.826,62.961,63.097,63.234,63.345,63.449,63.554,63.659,63.763,63.868,63.973,64.078,64.183,64.289,64.394,64.499,64.605,64.710,64.816,64.922,65.027,65.133,65.239,65.345,65.451,65.557,65.664,65.770,65.876,65.983,66.089,66.196,66.302,66.409,66.516,66.623,66.730,66.837,66.944,67.051,67.158,67.266,67.373,67.480,67.588,67.695,67.803,67.911,68.018,68.126,68.234,68.342,68.450,68.558,68.666,68.774,68.882,68.990,69.098,69.207,69.315,69.423,69.532,69.640,69.749,69.857,69.966,70.075,70.183,70.292,70.401,70.509,70.618,70.727,70.836,70.945,71.054,71.163,71.272,71.381,71.490,71.599,71.708,71.817,71.926,72.035,72.144,72.253,72.362,72.471,72.581,72.690,72.799,72.908,73.017,73.126,73.235,73.345,73.454,73.563,73.672,73.781,73.890,73.999,74.108,74.217,74.326,74.435,74.544,74.653,74.762,74.871,74.979,75.088,75.197,75.306,75.414,75.523,75.631,75.740,75.848,75.957,76.065,76.173,76.282,76.390,76.498,76.606,76.714,76.822,76.929,77.037,77.145,77.252,77.360,77.467,77.575,77.682,77.789,77.896,78.003,78.110,78.217,78.324,78.430,78.537,78.643,78.749,78.855,78.961,79.067,79.173,79.279,79.384,79.490,79.595,79.700,79.805,79.910,80.015,80.119,80.224,80.328,80.432,80.536,80.640,80.744,80.847,80.951,81.054,81.157,81.260,81.363,81.465,81.568,81.670,81.772,81.874,81.976,82.077,82.179,82.280,82.381,82.482,82.583,82.683,82.783,82.884,82.984,83.083,83.183,83.282,83.381,83.480,83.579,83.678,83.776,83.874,83.972,84.070,84.168,84.265,84.362,84.459,84.556,84.653,84.749,84.845,84.941,85.037,85.133,85.228,85.323,85.418,85.513,85.608,85.702,85.796,85.891,85.984,86.078,86.171,86.265,86.358,86.450,86.543,86.636,86.728,86.820,86.912,87.004,87.095,87.186,87.278,87.369,87.459,87.550,87.641,87.731,87.821,87.911,88.001,88.091,88.180,88.270,88.359,88.448,88.537,88.626,88.714,88.803,88.891,88.980,89.068,89.156,89.244,89.332,89.419,89.507,89.595,89.682,89.769,89.857,89.944,90.031,90.118,90.205,90.292,90.379,90.466,90.553,90.640,90.726,90.813,90.900,90.987,91.073,91.160,91.247,91.333,91.420,91.507,91.594,91.680,91.767,91.854,91.941,92.028,92.115,92.202,92.290,92.377,92.464,92.552,92.640,92.727,92.815,92.903,92.992,93.080,93.168,93.257,93.346,93.435,93.524,93.613,93.703,93.793,93.883,93.973,94.064,94.154,94.245,94.337,94.428,94.520,94.612,94.705,94.797,94.890,94.984,95.077,95.171,95.266,95.361,95.456,95.551,95.647,95.743,95.840,95.937,96.035,96.133,96.231,96.330,96.430,96.529,96.630,96.731,96.832,96.934,97.036,97.139,97.243,97.347,97.452,97.557,97.663,97.770,97.877,97.984,98.093,98.202,98.312,98.422,98.533,98.645,98.758,98.871,98.985,99.100,99.216,99.332,99.449,99.567,99.686,99.806,99.926,100.048,100.170,100.293,100.418,100.543,100.669,100.796,100.924,101.053,101.183,101.314,101.446,101.580,101.714,101.850,101.986,102.124,102.263,102.403,102.544,102.687,102.831,102.976,103.123,103.270,103.419,103.570,103.722,103.875,104.030,104.187,104.344,104.504,104.665,104.828,104.992,105.158,105.325,105.495,105.666,105.839,106.014,106.191,106.370,106.550,106.733,106.918,107.105,107.294,107.486,107.679,107.875,108.074,108.275,108.478,108.684,108.893,109.105,109.319,109.536,109.757,109.980,110.206,110.436,110.669,110.906,111.147,111.391,111.639,111.891,112.147,112.763,113.771,114.921,116.295,118.107,120.000,120.000,120.000,120.000,120.000,120.000,120.000,120.000,120.000,120.000,120.000,120.000,120.000,120.000,120.000,120.000,120.000,120.000,120.000,120.000,120.000,120.000,120.000,120.000,120.000,120.000,120.000,120.000,120.000,120.000,120.000,120.000
60.956,61.087,61.220,61.352,61.485,61.617,61.751,61.884,62.018,62.152,62.286,62.421,62.555,62.690,62.826,62.962,63.098,63.234,63.370,63.507,63.644,63.782,63.919,64.057,64.196,64.334,64.473,64.613,64.752,64.892,65.032,65.173,65.314,65.455,65.596,65.738,65.862,65.970,66.079,66.187,66.296,66.404,66.513,66.622,66.731,66.840,66.949,67.059,67.168,67.277,67.387,67.496,67.606,67.716,67.825,67.935,68.045,68.155,68.265,68.375,68.486,68.596,68.706,68.817,68.927,69.038,69.148,69.259,69.370,69.481,69.592,69.703,69.814,69.925,70.036,70.147,70.258,70.369,70.481,70.592,70.704,70.815,70.927,71.038,71.150,71.261,71.373,71.485,71.597,71.708,71.820,71.932,72.044,72.156,72.268,72.380,72.492,72.604,72.716,72.828,72.941,73.053,73.165,73.277,73.389,73.501,73.614,73.726,73.838,73.950,74.063,74.175,74.287,74.399,74.512,74.624,74.736,74.848,74.960,75.073,75.185,75.297,75.409,75.521,75.633,75.745,75.857,75.969,76.081,76.193,76.305,76.417,76.529,76.640,76.752,76.864,76.975,77.087,77.198,77.310,77.421,77.532,77.644,77.755,77.866,77.977,78.088,78.199,78.310,78.420,78.531,78.641,78.752,78.862,78.972,79.082,79.193,79.302,79.412,79.522,79.632,79.741,79.850,79.960,80.069,80.178,80.287,80.395,80.504,80.613,80.721,80.829,80.937,81.045,81.153,81.261,81.368,81.475,81.582,81.689,81.796,81.903,82.010,82.116,82.222,82.328,82.434,82.540,82.645,82.750,82.855,82.960,83.065,83.170,83.274,83.378,83.482,83.586,83.689,83.793,83.896,83.999,84.102,84.204,84.307,84.409,84.511,84.612,84.714,84.815,84.916,85.017,85.118,85.218,85.318,85.418,85.518,85.618,85.717,85.816,85.915,86.014,86.112,86.210,86.308,86.406,86.503,86.601,86.698,86.795,86.891,86.988,87.084,87.180,87.276,87.371,87.466,87.561,87.656,87.751,87.845,87.939,88.033,88.127,88.221,88.314,88.407,88.500,88.593,88.685,88.778,88.870,88.962,89.053,89.145,89.236,89.327,89.418,89.509,89.600,89.690,89.780,89.870,89.960,90.050,90.140,90.229,90.318,90.408,90.497,90.586,90.674,90.763,90.851,90.940,91.028,91.116,91.204,91.292,91.380,91.468,91.555,91.643,91.730,91.818,91.905,91.992,92.080,92.167,92.254,92.341,92.428,92.515,92.602,92.689,92.776,92.863,92.950,93.037,93.124,93.211,93.298,93.386,93.473,93.560,93.647,93.735,93.822,93.910,93.998,94.085,94.173,94.261,94.349,94.438,94.526,94.615,94.703,94.792,94.881,94.970,95.060,95.149,95.239,95.329,95.420,95.510,95.601,95.692,95.783,95.875,95.967,96.059,96.151,96.244,96.337,96.430,96.524,96.618,96.712,96.807,96.902,96.998,97.094,97.190,97.287,97.384,97.482,97.580,97.679,97.778,97.878,97.978,98.078,98.179,98.281,98.383,98.486,98.589,98.693,98.797,98.902,99.008,99.114,99.221,99.329,99.437,99.546,99.656,99.766,99.877,99.989,100.101,100.215,100.329,100.444,100.559,100.676,100.793,100.911,101.030,101.150,101.271,101.393,101.515,101.639,101.763,101.889,102.015,102.143,102.271,102.401,102.531,102.663,102.796,102.930,103.065,103.201,103.339,103.477,103.617,103.758,103.901,104.045,104.190,104.336,104.484,104.633,104.784,104.936,105.089,105.244,105.401,105.559,105.719,105.880,106.043,106.208,106.375,106.543,106.713,106.885,107.059,107.235,107.413,107.593,107.775,107.959,108.145,108.334,108.525,108.718,108.914,109.112,109.312,109.515,109.721,109.930,110.141,110.356,110.573,110.794,111.017,111.244,111.475,111.708,111.946,112.187,112.432,112.682,112.935,113.193,113.455,113.722,113.994,114.930,116.309,118.138,120.000,120.000,120.000,120.000,120.000,120.000,120.000,120.000,120.000,120.000,120.000,120.000,120.000,120.000,120.000,120.000,120.000,120.000,120.000,120.000,120.000,120.000,120.000,120.000,120.000,120.000,120.000,120.000,120.000,120.000,120.000,120.000
60.956,61.087,61.220,61.352,61.485,61.617,61.751,61.884,62.018,62.152,62.286,62.421,62.555,62.691,62.826,62.962,63.098,63.234,63.370,63.507,63.644,63.782,63.920,64.058,64.196,64.335,64.473,64.613,64.752,64.892,65.032,65.173,65.314,65.455,65.596,65.738,65.880,66.023,66.165,66.309,66.452,66.596,66.740,66.884,67.029,67.174,67.320,67.466,67.612,67.759,67.906,68.053,68.201,68.349,68.497,68.613,68.725,68.838,68.951,69.063,69.176,69.289,69.402,69.516,69.629,69.742,69.856,69.969,70.083,70.196,70.310,70.424,70.537,70.651,70.765,70.879,70.993,71.108,71.222,71.336,71.450,71.565,71.679,71.794,71.908,72.023,72.138,72.252,72.367,72.482,72.597,72.712,72.827,72.942,73.057,73.172,73.287,73.402,73.517,73.633,73.748,73.863,73.978,74.094,74.209,74.324,74.440,74.555,74.671,74.786,74.901,75.017,75.132,75.248,75.363,75.479,75.594,75.710,75.825,75.941,76.056,76.171,76.287,76.402,76.518,76.633,76.748,76.863,76.979,77.094,77.209,77.324,77.439,77.554,77.670,77.784,77.899,78.014,78.129,78.244,78.359,78.473,78.588,78.702,78.817,78.931,79.045,79.160,79.274,79.388,79.502,79.616,79.729,79.843,79.957,80.070,80.184,80.297,80.410,80.523,80.636,80.749,80.862,80.974,81.087,81.199,81.311,81.423,81.535,81.647,81.758,81.870,81.981,82.092,82.203,82.314,82.425,82.536,82.646,82.756,82.866,82.976,83.086,83.195,83.305,83.414,83.523,83.631,83.740,83.848,83.957,84.065,84.172,84.280,84.387,84.494,84.601,84.708,84.815,84.921,85.027,85.133,85.239,85.344,85.449,85.554,85.659,85.763,85.868,85.972,86.076,86.179,86.282,86.386,86.488,86.591,86.693,86.795,86.897,86.999,87.100,87.201,87.302,87.403,87.503,87.603,87.703,87.803,87.902,88.001,88.100,88.199,88.297,88.395,88.493,88.591,88.688,88.785,88.882,88.979,89.075,89.171,89.267,89.363,89.458,89.553,89.648,89.743,89.837,89.932,90.026,90.119,90.213,90.306,90.399,90.492,90.585,90.677,90.769,90.861,90.953,91.045,91.136,91.227,91.318,91.409,91.500,91.590,91.680,91.770,91.860,91.950,92.040,92.129,92.218,92.307,92.396,92.485,92.574,92.663,92.751,92.839,92.928,93.016,93.104,93.192,93.279,93.367,93.455,93.542,93.630,93.717,93.805,93.892,93.979,94.067,94.154,94.241,94.328,94.416,94.503,94.590,94.677,94.765,94.852,94.939,95.027,95.114,95.201,95.289,95.377,95.464,95.552,95.640,95.728,95.816,95.904,95.993,96.081,96.170,96.259,96.348,96.437,96.526,96.616,96.706,96.796,96.886,96.977,97.067,97.158,97.250,97.341,97.433,97.525,97.617,97.710,97.803,97.896,97.990,98.084,98.179,98.274,98.369,98.464,98.560,98.657,98.754,98.851,98.949,99.047,99.146,99.245,99.345,99.445,99.546,99.647,99.749,99.851,99.954,100.058,100.162,100.267,100.372,100.478,100.585,100.692,100.801,100.909,101.019,101.129,101.240,101.352,101.464,101.577,101.691,101.806,101.922,102.038,102.156,102.274,102.393,102.513,102.634,102.756,102.879,103.003,103.128,103.254,103.380,103.508,103.637,103.767,103.899,104.031,104.165,104.299,104.435,104.572,104.711,104.850,104.991,105.133,105.277,105.422,105.568,105.716,105.865,106.016,106.168,106.322,106.477,106.634,106.792,106.952,107.114,107.278,107.443,107.611,107.780,107.951,108.123,108.298,108.475,108.654,108.835,109.019,109.204,109.392,109.582,109.775,109.970,110.168,110.368,110.571,110.776,110.985,111.196,111.410,111.628,111.849,112.073,112.300,112.531,112.765,113.004,113.246,113.492,113.743,113.997,114.257,114.521,114.790,115.064,115.343,115.629,116.323,118.169,120.000,120.000,120.000,120.000,120.000,120.000,120.000,120.000,120.000,120.000,120.000,120.000,120.000,120.000,120.000,120.000,120.000,120.000,120.000,120.000,120.000,120.000,120.000,120.000,120.000,120.000,120.000,120.000,120.000,120.000,120.000,120.000
60.956,61.088,61.220,61.352,61.485,61.618,61.751,61.884,62.018,62.152,62.286,62.421,62.556,62.691,62.826,62.962,63.098,63.234,63.370,63.507,63.644,63.782,63.920,64.058,64.196,64.335,64.474,64.613,64.752,64.892,65.032,65.173,65.314,65.455,65.596,65.738,65.880,66.023,66.166,66.309,66.452,66.596,66.740,66.885,67.029,67.175,67.320,67.466,67.612,67.759,67.906,68.053,68.201,68.349,68.497,68.646,68.795,68.945,69.095,69.245,69.396,69.547,69.699,69.851,70.003,70.156,70.309,70.463,70.617,70.771,70.926,71.081,71.237,71.387,71.503,71.620,71.737,71.854,71.972,72.089,72.206,72.324,72.441,72.559,72.676,72.794,72.912,73.029,73.147,73.265,73.383,73.501,73.619,73.737,73.855,73.974,74.092,74.210,74.328,74.447,74.565,74.684,74.802,74.921,75.039,75.158,75.277,75.395,75.514,75.633,75.751,75.870,75.989,76.107,76.226,76.345,76.464,76.582,76.701,76.820,76.939,77.057,77.176,77.295,77.414,77.532,77.651,77.770,77.888,78.007,78.125,78.244,78.363,78.481,78.599,78.718,78.836,78.954,79.073,79.191,79.309,79.427,79.545,79.663,79.781,79.899,80.016,80.134,80.251,80.369,80.486,80.604,80.721,80.838,80.955,81.072,81.189,81.305,81.422,81.538,81.655,81.771,81.887,82.003,82.119,82.234,82.350,82.465,82.580,82.696,82.811,82.925,83.040,83.154,83.269,83.383,83.497,83.611,83.724,83.838,83.951,84.064,84.177,84.290,84.402,84.515,84.627,84.739,84.850,84.962,85.073,85.184,85.295,85.406,85.516,85.626,85.736,85.846,85.956,86.065,86.174,86.283,86.391,86.500,86.608,86.715,86.823,86.930,87.037,87.144,87.251,87.357,87.463,87.569,87.674,87.779,87.884,87.989,88.094,88.198,88.302,88.405,88.509,88.612,88.714,88.817,88.919,89.021,89.123,89.224,89.325,89.426,89.527,89.627,89.727,89.827,89.926,90.025,90.124,90.223,90.321,90.419,90.517,90.615,90.712,90.809,90.905,91.002,91.098,91.194,91.290,91.385,91.480,91.575,91.670,91.764,91.858,91.952,92.046,92.139,92.232,92.325,92.418,92.510,92.602,92.694,92.786,92.878,92.969,93.060,93.151,93.242,93.333,93.423,93.513,93.603,93.693,93.783,93.872,93.961,94.051,94.140,94.228,94.317,94.406,94.494,94.583,94.671,94.759,94.847,94.935,95.023,95.111,95.198,95.286,95.373,95.461,95.548,95.636,95.723,95.810,95.898,95.985,96.072,96.160,96.247,96.334,96.422,96.509,96.596,96.684,96.771,96.859,96.947,97.034,97.122,97.210,97.298,97.387,97.475,97.563,97.652,97.741,97.830,97.919,98.008,98.098,98.187,98.277,98.367,98.458,98.548,98.639,98.730,98.822,98.914,99.006,99.098,99.191,99.284,99.377,99.471,99.565,99.659,99.754,99.849,99.945,100.041,100.137,100.234,100.332,100.430,100.528,100.627,100.726,100.826,100.927,101.028,101.129,101.231,101.334,101.437,101.541,101.646,101.751,101.857,101.963,102.070,102.178,102.287,102.396,102.506,102.617,102.729,102.841,102.954,103.068,103.183,103.299,103.415,103.533,103.651,103.771,103.891,104.012,104.134,104.257,104.382,104.507,104.633,104.760,104.889,105.018,105.149,105.281,105.414,105.548,105.684,105.821,105.959,106.098,106.239,106.381,106.524,106.669,106.815,106.963,107.112,107.263,107.415,107.569,107.724,107.882,108.040,108.201,108.363,108.528,108.694,108.862,109.031,109.203,109.377,109.553,109.731,109.911,110.094,110.278,110.466,110.655,110.847,111.042,111.239,111.438,111.641,111.846,112.055,112.266,112.480,112.698,112.919,113.143,113.371,113.603,113.838,114.077,114.320,114.568,114.819,115.076,115.337,115.603,115.874,116.151,116.433,116.721,117.016,117.317,118.202,120.000,120.000,120.000,120.000,120.000,120.000,120.000,120.000,120.000,120.000,120.000,120.000,120.000,120.000,120.000,120.000,120.000,120.000,120.000,120.000,120.000,120.000,120.000,120.000,120.000,120.000,120.000,120.000,120.000,120.000,120.000,120.000
60.956,61.088,61.220,61.352,61.485,61.618,61.751,61.884,62.018,62.152,62.286,62.421,62.556,62.691,62.826,62.962,63.098,63.234,63.371,63.507,63.645,63.782,63.920,64.058,64.196,64.335,64.474,64.613,64.752,64.892,65.032,65.173,65.314,65.455,65.596,65.738,65.880,66.023,66.166,66.309,66.452,66.596,66.740,66.885,67.029,67.175,67.320,67.466,67.612,67.759,67.906,68.053,68.201,68.349,68.497,68.646,68.796,68.945,69.095,69.245,69.396,69.547,69.699,69.851,70.003,70.156,70.309,70.463,70.617,70.771,70.926,71.081,71.237,71.393,71.550,71.707,71.864,72.022,72.180,72.339,72.499,72.658,72.819,72.979,73.140,73.302,73.464,73.627,73.790,73.954,74.118,74.282,74.420,74.542,74.663,74.785,74.906,75.027,75.149,75.271,75.392,75.514,75.636,75.758,75.879,76.001,76.123,76.245,76.367,76.489,76.611,76.733,76.855,76.977,77.099,77.221,77.344,77.466,77.588,77.710,77.832,77.954,78.076,78.198,78.321,78.443,78.565,78.687,78.809,78.931,79.053,79.175,79.297,79.419,79.541,79.663,79.784,79.906,80.028,80.149,80.271,80.392,80.514,80.635,80.757,80.878,80.999,81.120,81.241,81.362,81.483,81.604,81.724,81.845,81.965,82.086,82.206,82.326,82.446,82.566,82.685,82.805,82.925,83.044,83.163,83.282,83.401,83.520,83.638,83.757,83.875,83.993,84.111,84.229,84.347,84.464,84.582,84.699,84.816,84.932,85.049,85.165,85.281,85.397,85.513,85.628,85.744,85.859,85.974,86.088,86.203,86.317,86.431,86.544,86.658,86.771,86.884,86.997,87.109,87.221,87.333,87.445,87.557,87.668,87.779,87.889,88.000,88.110,88.220,88.329,88.438,88.547,88.656,88.765,88.873,88.980,89.088,89.195,89.302,89.409,89.515,89.621,89.727,89.833,89.938,90.043,90.147,90.251,90.355,90.459,90.562,90.665,90.768,90.871,90.973,91.075,91.176,91.277,91.378,91.479,91.579,91.679,91.779,91.878,91.977,92.076,92.174,92.272,92.370,92.468,92.565,92.662,92.759,92.855,92.951,93.047,93.143,93.238,93.333,93.428,93.522,93.617,93.711,93.804,93.898,93.991,94.084,94.176,94.269,94.361,94.453,94.545,94.636,94.728,94.819,94.910,95.000,95.091,95.181,95.271,95.361,95.451,95.540,95.629,95.719,95.808,95.896,95.985,96.074,96.162,96.251,96.339,96.427,96.515,96.603,96.691,96.778,96.866,96.954,97.041,97.128,97.216,97.303,97.391,97.478,97.565,97.652,97.740,97.827,97.914,98.002,98.089,98.176,98.264,98.351,98.439,98.527,98.614,98.702,98.790,98.878,98.966,99.055,99.143,99.232,99.321,99.410,99.499,99.588,99.678,99.768,99.858,99.948,100.039,100.129,100.220,100.312,100.403,100.495,100.588,100.680,100.773,100.867,100.960,101.054,101.149,101.244,101.339,101.434,101.531,101.627,101.724,101.822,101.920,102.018,102.117,102.217,102.317,102.417,102.519,102.621,102.723,102.826,102.930,103.034,103.139,103.244,103.351,103.458,103.565,103.674,103.783,103.893,104.004,104.115,104.228,104.341,104.455,104.570,104.686,104.803,104.920,105.039,105.158,105.279,105.400,105.523,105.646,105.771,105.897,106.023,106.151,106.280,106.411,106.542,106.675,106.808,106.944,107.080,107.218,107.357,107.497,107.639,107.782,107.927,108.073,108.221,108.370,108.521,108.674,108.828,108.984,109.141,109.300,109.461,109.624,109.789,109.956,110.125,110.295,110.468,110.643,110.820,110.999,111.181,111.365,111.551,111.740,111.932,112.126,112.322,112.522,112.724,112.929,113.137,113.348,113.563,113.781,114.002,114.226,114.455,114.687,114.923,115.163,115.408,115.656,115.910,116.168,116.431,116.699,116.973,117.252,117.537,117.829,118.127,118.433,118.745,119.066,120.000,120.000,120.000,120.000,120.000,120.000,120.000,120.000,120.000,120.000,120.000,120.000,120.000,120.000,120.000,120.000,120.000,120.000,120.000,120.000,120.000,120.000,120.000,120.000,120.000,120.000,120.000,120.000,120.000,120.000,120.000,120.000
60.956,61.088,61.220,61.352,61.485,61.618,61.751,61.884,62.018,62.152,62.286,62.421,62.556,62.691,62.826,62.962,63.098,63.234,63.371,63.507,63.645,63.782,63.920,64.058,64.196,64.335,64.474,64.613,64.752,64.892,65.033,65.173,65.314,65.455,65.597,65.738,65.880,66.023,66.166,66.309,66.452,66.596,66.740,66.885,67.030,67.175,67.320,67.466,67.612,67.759,67.906,68.053,68.201,68.349,68.498,68.646,68.796,68.945,69.095,69.246,69.396,69.547,69.699,69.851,70.003,70.156,70.309,70.463,70.617,70.771,70.926,71.081,71.237,71.393,71.550,71.707,71.864,72.022,72.181,72.339,72.499,72.658,72.819,72.979,73.141,73.302,73.464,73.627,73.790,73.954,74.118,74.283,74.448,74.613,74.780,74.946,75.114,75.281,75.450,75.619,75.788,75.958,76.129,76.300,76.472,76.644,76.817,76.990,77.164,77.339,77.480,77.605,77.731,77.856,77.982,78.107,78.233,78.358,78.484,78.609,78.735,78.861,78.986,79.112,79.237,79.363,79.488,79.614,79.739,79.865,79.990,80.116,80.241,80.367,80.492,80.617,80.743,80.868,80.993,81.118,81.243,81.368,81.493,81.618,81.743,81.867,81.992,82.117,82.241,82.366,82.490,82.614,82.738,82.862,82.986,83.110,83.233,83.357,83.480,83.604,83.727,83.850,83.973,84.095,84.218,84.341,84.463,84.585,84.707,84.829,84.950,85.072,85.193,85.314,85.435,85.556,85.677,85.797,85.917,86.037,86.157,86.276,86.396,86.515,86.634,86.752,86.871,86.989,87.107,87.224,87.342,87.459,87.576,87.693,87.809,87.926,88.041,88.157,88.273,88.388,88.503,88.617,88.731,88.845,88.959,89.073,89.186,89.299,89.411,89.523,89.635,89.747,89.858,89.969,90.080,90.190,90.300,90.410,90.520,90.629,90.738,90.846,90.954,91.062,91.170,91.277,91.384,91.490,91.596,91.702,91.808,91.913,92.018,92.122,92.226,92.330,92.434,92.537,92.640,92.742,92.844,92.946,93.048,93.149,93.250,93.350,93.450,93.550,93.650,93.749,93.848,93.946,94.044,94.142,94.240,94.337,94.434,94.531,94.627,94.723,94.819,94.914,95.010,95.104,95.199,95.293,95.387,95.481,95.574,95.668,95.761,95.853,95.946,96.038,96.130,96.221,96.313,96.404,96.495,96.586,96.676,96.767,96.857,96.947,97.037,97.126,97.215,97.305,97.394,97.483,97.571,97.660,97.748,97.837,97.925,98.013,98.101,98.189,98.276,98.364,98.451,98.539,98.626,98.714,98.801,98.888,98.975,99.063,99.150,99.237,99.324,99.411,99.499,99.586,99.673,99.760,99.848,99.935,100.023,100.110,100.198,100.286,100.374,100.462,100.550,100.638,100.727,100.816,100.904,100.994,101.083,101.172,101.262,101.352,101.442,101.532,101.623,101.714,101.805,101.897,101.989,102.081,102.174,102.267,102.360,102.453,102.548,102.642,102.737,102.832,102.928,103.024,103.121,103.218,103.316,103.414,103.513,103.612,103.712,103.812,103.913,104.014,104.117,104.219,104.323,104.427,104.532,104.637,104.743,104.850,104.958,105.066,105.175,105.285,105.396,105.508,105.620,105.733,105.847,105.962,106.078,106.195,106.313,106.432,106.552,106.673,106.795,106.918,107.042,107.167,107.293,107.420,107.549,107.679,107.810,107.942,108.076,108.210,108.347,108.484,108.623,108.763,108.905,109.048,109.193,109.339,109.487,109.636,109.787,109.940,110.095,110.251,110.409,110.568,110.730,110.894,111.059,111.227,111.397,111.568,111.742,111.918,112.097,112.278,112.461,112.646,112.835,113.025,113.219,113.415,113.614,113.816,114.021,114.229,114.440,114.655,114.873,115.094,115.320,115.549,115.782,116.019,116.260,116.506,116.756,117.011,117.271,117.536,117.807,118.083,118.366,118.655,118.950,119.253,119.563,119.881,120.000,120.000,120.000,120.000,120.000,120.000,120.000,120.000,120.000,120.000,120.000,120.000,120.000,120.000,120.000,120.000,120.000,120.000,120.000,120.000,120.000,120.000,120.000,120.000,120.000,120.000,120.000,120.000,120.000,120.000,120.000,120.000,120.000,120.000
60.956,61.088,61.220,61.352,61.485,61.618,61.751,61.884,62.018,62.152,62.286,62.421,62.556,62.691,62.826,62.962,63.098,63.234,63.371,63.508,63.645,63.782,63.920,64.058,64.196,64.335,64.474,64.613,64.753,64.892,65.033,65.173,65.314,65.455,65.597,65.738,65.881,66.023,66.166,66.309,66.452,66.596,66.740,66.885,67.030,67.175,67.320,67.466,67.612,67.759,67.906,68.053,68.201,68.349,68.498,68.646,68.796,68.945,69.095,69.246,69.396,69.548,69.699,69.851,70.003,70.156,70.309,70.463,70.617,70.771,70.926,71.081,71.237,71.393,71.550,71.707,71.864,72.022,72.181,72.339,72.499,72.658,72.819,72.979,73.141,73.302,73.464,73.627,73.790,73.954,74.118,74.283,74.448,74.613,74.780,74.946,75.114,75.281,75.450,75.619,75.788,75.958,76.129,76.300,76.472,76.644,76.817,76.990,77.164,77.339,77.515,77.690,77.867,78.044,78.222,78.401,78.580,78.760,78.940,79.121,79.303,79.486,79.669,79.853,80.038,80.223,80.409,80.550,80.679,80.808,80.937,81.065,81.194,81.323,81.452,81.581,81.710,81.838,81.967,82.096,82.224,82.353,82.481,82.609,82.738,82.866,82.994,83.122,83.250,83.378,83.505,83.633,83.761,83.888,84.015,84.143,84.270,84.397,84.523,84.650,84.777,84.903,85.029,85.156,85.281,85.407,85.533,85.658,85.784,85.909,86.034,86.159,86.283,86.408,86.532,86.656,86.779,86.903,87.026,87.150,87.272,87.395,87.518,87.640,87.762,87.884,88.005,88.126,88.247,88.368,88.489,88.609,88.729,88.848,88.968,89.087,89.206,89.324,89.443,89.561,89.678,89.796,89.913,90.029,90.146,90.262,90.378,90.493,90.609,90.723,90.838,90.952,91.066,91.180,91.293,91.406,91.518,91.630,91.742,91.854,91.965,92.076,92.186,92.296,92.406,92.515,92.624,92.733,92.841,92.949,93.057,93.164,93.271,93.377,93.483,93.589,93.694,93.799,93.904,94.008,94.112,94.216,94.319,94.422,94.525,94.627,94.729,94.830,94.931,95.032,95.132,95.232,95.332,95.431,95.530,95.629,95.727,95.825,95.923,96.020,96.117,96.213,96.310,96.406,96.501,96.597,96.692,96.786,96.881,96.975,97.069,97.162,97.256,97.349,97.441,97.534,97.626,97.718,97.810,97.901,97.992,98.083,98.174,98.264,98.355,98.445,98.534,98.624,98.713,98.803,98.892,98.981,99.069,99.158,99.246,99.335,99.423,99.511,99.599,99.686,99.774,99.861,99.949,100.036,100.124,100.211,100.298,100.385,100.472,100.559,100.646,100.733,100.820,100.907,100.994,101.081,101.169,101.256,101.343,101.430,101.518,101.605,101.693,101.780,101.868,101.956,102.044,102.132,102.220,102.309,102.398,102.487,102.576,102.665,102.755,102.844,102.934,103.025,103.115,103.206,103.297,103.389,103.481,103.573,103.666,103.759,103.852,103.946,104.040,104.134,104.229,104.325,104.421,104.517,104.614,104.711,104.809,104.908,105.006,105.106,105.206,105.307,105.408,105.510,105.613,105.716,105.820,105.925,106.030,106.136,106.243,106.351,106.459,106.568,106.678,106.789,106.901,107.013,107.127,107.241,107.356,107.473,107.590,107.708,107.827,107.948,108.069,108.191,108.315,108.440,108.565,108.692,108.821,108.950,109.081,109.213,109.346,109.480,109.616,109.754,109.892,110.033,110.174,110.318,110.462,110.609,110.757,110.907,111.058,111.211,111.366,111.523,111.681,111.842,112.004,112.169,112.335,112.504,112.675,112.848,113.023,113.200,113.380,113.563,113.748,113.935,114.126,114.319,114.514,114.713,114.915,115.120,115.328,115.539,115.754,115.972,116.194,116.420,116.650,116.884,117.122,117.365,117.612,117.864,118.121,118.383,118.651,118.925,119.204,119.490,119.783,120.000,120.000,120.000,120.000,120.000,120.000,120.000,120.000,120.000,120.000,120.000,120.000,120.000,120.000,120.000,120.000,120.000,120.000,120.000,120.000,120.000,120.000,120.000,120.000,120.000,120.000,120.000,120.000,120.000,120.000,120.000,120.000,120.000,120.000,120.000,120.000,120.000,120.000,120.000
60.956,61.088,61.220,61.352,61.485,61.618,61.751,61.884,62.018,62.152,62.286,62.421,62.556,62.691,62.826,62.962,63.098,63.234,63.371,63.508,63.645,63.782,63.920,64.058,64.196,64.335,64.474,64.613,64.753,64.893,65.033,65.173,65.314,65.455,65.597,65.738,65.881,66.023,66.166,66.309,66.452,66.596,66.740,66.885,67.030,67.175,67.320,67.466,67.613,67.759,67.906,68.053,68.201,68.349,68.498,68.647,68.796,68.945,69.095,69.246,69.396,69.548,69.699,69.851,70.003,70.156,70.309,70.463,70.617,70.771,70.926,71.082,71.237,71.393,71.550,71.707,71.864,72.022,72.181,72.340,72.499,72.659,72.819,72.980,73.141,73.302,73.464,73.627,73.790,73.954,74.118,74.283,74.448,74.614,74.780,74.946,75.114,75.282,75.450,75.619,75.788,75.958,76.129,76.300,76.472,76.644,76.817,76.990,77.165,77.339,77.515,77.691,77.867,78.044,78.222,78.401,78.580,78.760,78.940,79.121,79.303,79.486,79.669,79.853,80.038,80.223,80.409,80.596,80.784,80.972,81.161,81.351,81.542,81.734,81.926,82.119,82.313,82.508,82.704,82.900,83.098,83.296,83.476,83.608,83.740,83.871,84.003,84.134,84.266,84.397,84.528,84.659,84.790,84.921,85.052,85.182,85.313,85.443,85.573,85.703,85.833,85.963,86.093,86.222,86.351,86.480,86.609,86.738,86.867,86.995,87.123,87.251,87.379,87.507,87.634,87.761,87.888,88.015,88.141,88.267,88.394,88.519,88.645,88.770,88.895,89.020,89.144,89.269,89.393,89.516,89.640,89.763,89.886,90.008,90.130,90.252,90.374,90.495,90.616,90.737,90.857,90.977,91.097,91.216,91.336,91.454,91.573,91.691,91.808,91.926,92.043,92.159,92.276,92.392,92.507,92.622,92.737,92.852,92.966,93.080,93.193,93.306,93.419,93.531,93.643,93.754,93.865,93.976,94.086,94.196,94.306,94.415,94.524,94.632,94.740,94.847,94.955,95.061,95.168,95.274,95.379,95.485,95.590,95.694,95.798,95.902,96.005,96.108,96.210,96.313,96.414,96.516,96.617,96.717,96.818,96.917,97.017,97.116,97.215,97.313,97.411,97.509,97.606,97.703,97.800,97.896,97.992,98.088,98.183,98.278,98.373,98.467,98.561,98.655,98.749,98.842,98.935,99.027,99.119,99.211,99.303,99.395,99.486,99.577,99.668,99.758,99.848,99.938,100.028,100.118,100.207,100.296,100.385,100.474,100.563,100.651,100.739,100.828,100.915,101.003,101.091,101.179,101.266,101.353,101.441,101.528,101.615,101.702,101.789,101.876,101.963,102.050,102.137,102.223,102.310,102.397,102.484,102.571,102.658,102.745,102.832,102.919,103.006,103.093,103.181,103.268,103.356,103.443,103.531,103.619,103.707,103.796,103.884,103.973,104.062,104.151,104.241,104.331,104.421,104.511,104.602,104.692,104.784,104.875,104.967,105.059,105.152,105.245,105.338,105.432,105.526,105.621,105.716,105.812,105.908,106.005,106.102,106.200,106.298,106.397,106.496,106.596,106.697,106.798,106.900,107.002,107.106,107.209,107.314,107.420,107.526,107.633,107.740,107.849,107.958,108.068,108.179,108.291,108.404,108.518,108.633,108.748,108.865,108.983,109.101,109.221,109.342,109.464,109.587,109.711,109.837,109.963,110.091,110.220,110.351,110.483,110.616,110.750,110.886,111.023,111.162,111.303,111.444,111.588,111.733,111.879,112.028,112.178,112.330,112.483,112.639,112.796,112.956,113.117,113.281,113.446,113.614,113.784,113.956,114.130,114.307,114.486,114.668,114.852,115.039,115.229,115.422,115.617,115.816,116.018,116.223,116.431,116.643,116.858,117.077,117.299,117.526,117.757,117.992,118.231,118.476,118.725,118.979,119.238,119.503,119.773,120.000,120.000,120.000,120.000,120.000,120.000,120.000,120.000,120.000,120.000,120.000,120.000,120.000,120.000,120.000,120.000,120.000,120.000,120.000,120.000,120.000,120.000,120.000,120.000,120.000,120.000,120.000,120.000,120.000,120.000,120.000,120.000,120.000,120.000,120.000,120.000,120.000,120.000,120.000,120.000,120.000,120.000,120.000,120.000
60.956,61.088,61.220,61.352,61.485,61.618,61.751,61.885,62.018,62.152,62.287,62.421,62.556,62.691,62.826,62.962,63.098,63.234,63.371,63.508,63.645,63.782,63.920,64.058,64.196,64.335,64.474,64.613,64.753,64.893,65.033,65.173,65.314,65.455,65.597,65.739,65.881,66.023,66.166,66.309,66.452,66.596,66.740,66.885,67.030,67.175,67.320,67.466,67.613,67.759,67.906,68.054,68.201,68.349,68.498,68.647,68.796,68.945,69.095,69.246,69.397,69.548,69.699,69.851,70.004,70.156,70.309,70.463,70.617,70.771,70.926,71.082,71.237,71.393,71.550,71.707,71.865,72.022,72.181,72.340,72.499,72.659,72.819,72.980,73.141,73.302,73.465,73.627,73.790,73.954,74.118,74.283,74.448,74.614,74.780,74.947,75.114,75.282,75.450,75.619,75.788,75.958,76.129,76.300,76.472,76.644,76.817,76.991,77.165,77.339,77.515,77.691,77.867,78.044,78.222,78.401,78.580,78.760,78.940,79.122,79.303,79.486,79.669,79.853,80.038,80.223,80.409,80.596,80.784,80.972,81.162,81.351,81.542,81.734,81.926,82.119,82.313,82.508,82.704,82.900,83.098,83.296,83.496,83.696,83.897,84.099,84.302,84.506,84.711,84.917,85.123,85.331,85.540,85.750,85.962,86.174,86.361,86.494,86.628,86.761,86.894,87.027,87.160,87.293,87.425,87.558,87.690,87.822,87.954,88.085,88.216,88.348,88.479,88.609,88.740,88.870,89.000,89.130,89.259,89.388,89.517,89.646,89.775,89.903,90.031,90.158,90.286,90.413,90.540,90.666,90.792,90.918,91.044,91.169,91.294,91.419,91.543,91.667,91.791,91.914,92.037,92.159,92.282,92.404,92.525,92.646,92.767,92.888,93.008,93.127,93.247,93.366,93.484,93.603,93.720,93.838,93.955,94.071,94.188,94.304,94.419,94.534,94.649,94.763,94.877,94.990,95.103,95.216,95.328,95.440,95.551,95.662,95.772,95.883,95.992,96.101,96.210,96.319,96.427,96.534,96.641,96.748,96.855,96.960,97.066,97.171,97.276,97.380,97.484,97.587,97.690,97.793,97.895,97.997,98.098,98.199,98.300,98.400,98.500,98.599,98.699,98.797,98.896,98.993,99.091,99.188,99.285,99.382,99.478,99.573,99.669,99.764,99.859,99.953,100.047,100.141,100.234,100.328,100.420,100.513,100.605,100.697,100.789,100.880,100.971,101.062,101.153,101.243,101.333,101.423,101.513,101.602,101.691,101.780,101.869,101.958,102.046,102.135,102.223,102.311,102.398,102.486,102.573,102.661,102.748,102.835,102.922,103.009,103.096,103.183,103.270,103.356,103.443,103.530,103.616,103.703,103.789,103.876,103.963,104.049,104.136,104.223,104.310,104.396,104.483,104.571,104.658,104.745,104.832,104.920,105.008,105.096,105.184,105.272,105.361,105.449,105.538,105.627,105.717,105.807,105.897,105.987,106.078,106.169,106.260,106.351,106.443,106.536,106.629,106.722,106.815,106.910,107.004,107.099,107.195,107.291,107.387,107.484,107.582,107.680,107.779,107.878,107.978,108.078,108.180,108.282,108.384,108.487,108.591,108.696,108.802,108.908,109.015,109.123,109.232,109.341,109.452,109.563,109.676,109.789,109.903,110.018,110.135,110.252,110.370,110.490,110.610,110.732,110.855,110.979,111.104,111.230,111.358,111.487,111.617,111.749,111.882,112.017,112.153,112.290,112.429,112.570,112.712,112.856,113.001,113.148,113.297,113.448,113.600,113.755,113.911,114.069,114.230,114.392,114.557,114.723,114.892,115.064,115.238,115.414,115.592,115.774,115.958,116.144,116.334,116.526,116.722,116.920,117.122,117.327,117.536,117.748,117.964,118.183,118.407,118.635,118.867,119.103,119.344,119.590,119.841,120.000,120.000,120.000,120.000,120.000,120.000,120.000,120.000,120.000,120.000,120.000,120.000,120.000,120.000,120.000,120.000,120.000,120.000,120.000,120.000,120.000,120.000,120.000,120.000,120.000,120.000,120.000,120.000,120.000,120.000,120.000,120.000,120.000,120.000,120.000,120.000,120.000,120.000,120.000,120.000,120.000,120.000,120.000,120.000,120.000,120.000,120.000,120.000,120.000
60.956,61.088,61.220,61.352,61.485,61.618,61.751,61.885,62.018,62.152,62.287,62.421,62.556,62.691,62.826,62.962,63.098,63.234,63.371,63.508,63.645,63.782,63.920,64.058,64.196,64.335,64.474,64.613,64.753,64.893,65.033,65.173,65.314,65.455,65.597,65.739,65.881,66.023,66.166,66.309,66.453,66.596,66.741,66.885,67.030,67.175,67.321,67.466,67.613,67.759,67.906,68.054,68.201,68.349,68.498,68.647,68.796,68.946,69.095,69.246,69.397,69.548,69.699,69.851,70.004,70.156,70.310,70.463,70.617,70.772,70.926,71.082,71.237,71.394,71.550,71.707,71.865,72.023,72.181,72.340,72.499,72.659,72.819,72.980,73.141,73.303,73.465,73.627,73.790,73.954,74.118,74.283,74.448,74.614,74.780,74.947,75.114,75.282,75.450,75.619,75.788,75.958,76.129,76.300,76.472,76.644,76.817,76.991,77.165,77.340,77.515,77.691,77.867,78.045,78.222,78.401,78.580,78.760,78.940,79.122,79.303,79.486,79.669,79.853,80.038,80.223,80.410,80.596,80.784,80.972,81.162,81.352,81.542,81.734,81.926,82.119,82.313,82.508,82.704,82.901,83.098,83.296,83.496,83.696,83.897,84.099,84.302,84.506,84.711,84.917,85.124,85.332,85.541,85.751,85.962,86.174,86.387,86.602,86.817,87.034,87.252,87.471,87.691,87.913,88.136,88.360,88.585,88.812,89.040,89.177,89.311,89.446,89.579,89.713,89.847,89.980,90.113,90.245,90.378,90.510,90.642,90.773,90.905,91.036,91.166,91.297,91.427,91.557,91.686,91.815,91.944,92.073,92.201,92.329,92.456,92.584,92.710,92.837,92.963,93.089,93.214,93.339,93.464,93.588,93.712,93.835,93.958,94.081,94.204,94.325,94.447,94.568,94.689,94.809,94.929,95.048,95.168,95.286,95.404,95.522,95.640,95.756,95.873,95.989,96.105,96.220,96.335,96.449,96.563,96.676,96.789,96.902,97.014,97.126,97.237,97.348,97.458,97.568,97.677,97.786,97.895,98.003,98.111,98.218,98.325,98.431,98.537,98.643,98.748,98.852,98.956,99.060,99.163,99.266,99.369,99.471,99.572,99.674,99.774,99.875,99.975,100.074,100.173,100.272,100.371,100.469,100.566,100.663,100.760,100.857,100.953,101.048,101.144,101.239,101.333,101.428,101.522,101.615,101.709,101.802,101.894,101.987,102.079,102.171,102.262,102.353,102.444,102.535,102.625,102.715,102.805,102.895,102.984,103.073,103.162,103.251,103.340,103.428,103.516,103.604,103.692,103.780,103.867,103.954,104.042,104.129,104.216,104.303,104.389,104.476,104.563,104.649,104.736,104.822,104.909,104.995,105.081,105.168,105.254,105.340,105.427,105.513,105.600,105.686,105.773,105.860,105.947,106.034,106.121,106.208,106.295,106.383,106.470,106.558,106.646,106.734,106.823,106.912,107.001,107.090,107.179,107.269,107.359,107.450,107.540,107.632,107.723,107.815,107.907,108.000,108.093,108.186,108.280,108.375,108.470,108.565,108.661,108.757,108.854,108.952,109.050,109.149,109.248,109.348,109.449,109.550,109.652,109.755,109.859,109.963,110.068,110.174,110.280,110.388,110.496,110.605,110.715,110.826,110.938,111.051,111.165,111.280,111.396,111.513,111.631,111.750,111.871,111.992,112.115,112.239,112.364,112.490,112.618,112.747,112.877,113.009,113.142,113.277,113.413,113.551,113.690,113.831,113.974,114.118,114.264,114.412,114.562,114.713,114.867,115.022,115.180,115.339,115.501,115.664,115.830,115.999,116.170,116.343,116.518,116.697,116.878,117.061,117.248,117.437,117.630,117.825,118.024,118.226,118.431,118.640,118.853,119.070,119.290,119.515,119.744,119.978,120.000,120.000,120.000,120.000,120.000,120.000,120.000,120.000,120.000,120.000,120.000,120.000,120.000,120.000,120.000,120.000,120.000,120.000,120.000,120.000,120.000,120.000,120.000,120.000,120.000,120.000,120.000,120.000,120.000,120.000,120.000,120.000,120.000,120.000,120.000,120.000,120.000,120.000,120.000,120.000,120.000,120.000,120.000,120.000,120.000,120.000,120.000,120.000,120.000,120.000,120.000,120.000,120.000,120.000
60.956,61.088,61.220,61.353,61.485,61.618,61.751,61.885,62.018,62.152,62.287,62.421,62.556,62.691,62.827,62.962,63.098,63.234,63.371,63.508,63.645,63.782,63.920,64.058,64.196,64.335,64.474,64.613,64.753,64.893,65.033,65.173,65.314,65.455,65.597,65.739,65.881,66.023,66.166,66.309,66.453,66.596,66.741,66.885,67.030,67.175,67.321,67.467,67.613,67.759,67.906,68.054,68.201,68.350,68.498,68.647,68.796,68.946,69.096,69.246,69.397,69.548,69.699,69.851,70.004,70.156,70.310,70.463,70.617,70.772,70.926,71.082,71.237,71.394,71.550,71.707,71.865,72.023,72.181,72.340,72.499,72.659,72.819,72.980,73.141,73.303,73.465,73.627,73.791,73.954,74.118,74.283,74.448,74.614,74.780,74.947,75.114,75.282,75.450,75.619,75.789,75.959,76.129,76.300,76.472,76.644,76.817,76.991,77.165,77.340,77.515,77.691,77.867,78.045,78.223,78.401,78.580,78.760,78.941,79.122,79.304,79.486,79.669,79.853,80.038,80.223,80.410,80.597,80.784,80.973,81.162,81.352,81.542,81.734,81.926,82.120,82.314,82.508,82.704,82.901,83.098,83.297,83.496,83.696,83.897,84.099,84.302,84.506,84.711,84.917,85.124,85.332,85.541,85.751,85.962,86.174,86.387,86.602,86.817,87.034,87.252,87.471,87.691,87.913,88.136,88.360,88.585,88.812,89.040,89.270,89.500,89.733,89.966,90.202,90.438,90.676,90.916,91.158,91.401,91.630,91.764,91.899,92.033,92.166,92.300,92.433,92.565,92.698,92.830,92.962,93.093,93.224,93.355,93.485,93.615,93.744,93.874,94.002,94.131,94.259,94.386,94.514,94.641,94.767,94.893,95.019,95.144,95.269,95.393,95.517,95.641,95.764,95.886,96.009,96.130,96.252,96.373,96.493,96.613,96.733,96.852,96.971,97.089,97.206,97.324,97.441,97.557,97.673,97.788,97.903,98.018,98.132,98.245,98.358,98.471,98.583,98.695,98.806,98.917,99.027,99.137,99.246,99.355,99.464,99.572,99.679,99.786,99.893,99.999,100.104,100.210,100.314,100.419,100.522,100.626,100.729,100.831,100.933,101.035,101.136,101.237,101.337,101.437,101.536,101.635,101.734,101.832,101.930,102.028,102.125,102.221,102.318,102.414,102.509,102.604,102.699,102.793,102.887,102.981,103.075,103.168,103.260,103.353,103.445,103.537,103.628,103.719,103.810,103.901,103.991,104.081,104.171,104.260,104.350,104.439,104.528,104.616,104.705,104.793,104.881,104.969,105.056,105.144,105.231,105.318,105.405,105.492,105.579,105.666,105.752,105.839,105.925,106.012,106.098,106.184,106.270,106.357,106.443,106.529,106.615,106.701,106.787,106.874,106.960,107.046,107.133,107.219,107.306,107.392,107.479,107.566,107.653,107.741,107.828,107.916,108.004,108.092,108.180,108.269,108.357,108.446,108.536,108.625,108.715,108.806,108.896,108.987,109.079,109.171,109.263,109.355,109.448,109.542,109.636,109.730,109.825,109.921,110.017,110.113,110.210,110.308,110.406,110.505,110.605,110.705,110.806,110.908,111.010,111.113,111.217,111.322,111.427,111.534,111.641,111.749,111.858,111.967,112.078,112.190,112.302,112.416,112.531,112.647,112.763,112.881,113.001,113.121,113.242,113.365,113.489,113.614,113.741,113.869,113.998,114.128,114.261,114.394,114.529,114.666,114.804,114.944,115.086,115.229,115.374,115.521,115.670,115.820,115.973,116.128,116.284,116.443,116.604,116.767,116.932,117.100,117.271,117.443,117.619,117.797,117.977,118.161,118.347,118.537,118.729,118.925,119.124,119.327,119.533,119.743,119.956,120.000,120.000,120.000,120.000,120.000,120.000,120.000,120.000,120.000,120.000,120.000,120.000,120.000,120.000,120.000,120.000,120.000,120.000,120.000,120.000,120.000,120.000,120.000,120.000,120.000,120.000,120.000,120.000,120.000,120.000,120.000,120.000,120.000,120.000,120.000,120.000,120.000,120.000,120.000,120.000,120.000,120.000,120.000,120.000,120.000,120.000,120.000,120.000,120.000,120.000,120.000,120.000,120.000,120.000,120.000,120.000,120.000,120.000,120.000,120.000
60.956,61.088,61.220,61.353,61.485,61.618,61.751,61.885,62.018,62.152,62.287,62.421,62.556,62.691,62.827,62.962,63.098,63.235,63.371,63.508,63.645,63.782,63.920,64.058,64.197,64.335,64.474,64.613,64.753,64.893,65.033,65.174,65.314,65.455,65.597,65.739,65.881,66.023,66.166,66.309,66.453,66.597,66.741,66.885,67.030,67.175,67.321,67.467,67.613,67.759,67.906,68.054,68.202,68.350,68.498,68.647,68.796,68.946,69.096,69.246,69.397,69.548,69.699,69.851,70.004,70.157,70.310,70.463,70.617,70.772,70.927,71.082,71.238,71.394,71.550,71.707,71.865,72.023,72.181,72.340,72.499,72.659,72.819,72.980,73.141,73.303,73.465,73.627,73.791,73.954,74.118,74.283,74.448,74.614,74.780,74.947,75.114,75.282,75.450,75.619,75.789,75.959,76.129,76.300,76.472,76.644,76.817,76.991,77.165,77.340,77.515,77.691,77.868,78.045,78.223,78.401,78.580,78.760,78.941,79.122,79.304,79.486,79.670,79.853,80.038,80.224,80.410,80.597,80.784,80.973,81.162,81.352,81.543,81.734,81.927,82.120,82.314,82.509,82.704,82.901,83.098,83.297,83.496,83.696,83.897,84.099,84.302,84.506,84.711,84.917,85.124,85.332,85.541,85.751,85.962,86.174,86.388,86.602,86.818,87.034,87.252,87.471,87.692,87.913,88.136,88.360,88.585,88.812,89.040,89.270,89.501,89.733,89.967,90.202,90.438,90.677,90.916,91.158,91.401,91.646,91.892,92.140,92.390,92.642,92.895,93.151,93.408,93.667,93.929,94.103,94.236,94.370,94.502,94.635,94.767,94.899,95.030,95.161,95.292,95.422,95.552,95.681,95.810,95.938,96.066,96.194,96.321,96.448,96.574,96.700,96.825,96.950,97.075,97.199,97.322,97.445,97.568,97.690,97.812,97.933,98.054,98.174,98.293,98.413,98.531,98.650,98.768,98.885,99.002,99.118,99.234,99.349,99.464,99.578,99.692,99.806,99.919,100.031,100.143,100.254,100.365,100.476,100.585,100.695,100.804,100.912,101.020,101.128,101.235,101.341,101.447,101.553,101.658,101.763,101.867,101.971,102.074,102.177,102.279,102.381,102.482,102.583,102.684,102.784,102.883,102.983,103.081,103.180,103.278,103.375,103.472,103.569,103.665,103.761,103.857,103.952,104.047,104.141,104.235,104.329,104.422,104.515,104.608,104.700,104.792,104.884,104.976,105.067,105.157,105.248,105.338,105.428,105.518,105.607,105.696,105.785,105.874,105.962,106.051,106.139,106.226,106.314,106.402,106.489,106.576,106.663,106.750,106.836,106.923,107.010,107.096,107.182,107.268,107.355,107.441,107.527,107.613,107.699,107.785,107.870,107.956,108.042,108.128,108.214,108.300,108.387,108.473,108.559,108.646,108.732,108.819,108.906,108.993,109.080,109.167,109.255,109.342,109.430,109.519,109.607,109.696,109.785,109.874,109.964,110.054,110.144,110.235,110.326,110.417,110.509,110.601,110.694,110.787,110.880,110.974,111.069,111.164,111.260,111.356,111.453,111.550,111.648,111.747,111.846,111.946,112.047,112.148,112.250,112.353,112.457,112.561,112.666,112.772,112.879,112.987,113.096,113.205,113.316,113.428,113.540,113.654,113.769,113.884,114.001,114.119,114.238,114.359,114.480,114.603,114.728,114.853,114.980,115.108,115.238,115.369,115.502,115.636,115.771,115.909,116.048,116.189,116.331,116.475,116.621,116.769,116.919,117.071,117.225,117.381,117.539,117.700,117.862,118.027,118.195,118.365,118.537,118.713,118.890,119.071,119.255,119.441,119.631,119.824,120.000,120.000,120.000,120.000,120.000,120.000,120.000,120.000,120.000,120.000,120.000,120.000,120.000,120.000,120.000,120.000,120.000,120.000,120.000,120.000,120.000,120.000,120.000,120.000,120.000,120.000,120.000,120.000,120.000,120.000,120.000,120.000,120.000,120.000,120.000,120.000,120.000,120.000,120.000,120.000,120.000,120.000,120.000,120.000,120.000,120.000,120.000,120.000,120.000,120.000,120.000,120.000,120.000,120.000,120.000,120.000,120.000,120.000,120.000,120.000,120.000,120.000,120.000,120.000,120.000,120.000,120.000
60.956,61.088,61.220,61.353,61.485,61.618,61.751,61.885,62.019,62.153,62.287,62.421,62.556,62.691,62.827,62.962,63.098,63.235,63.371,63.508,63.645,63.783,63.920,64.058,64.197,64.335,64.474,64.613,64.753,64.893,65.033,65.174,65.314,65.456,65.597,65.739,65.881,66.023,66.166,66.309,66.453,66.597,66.741,66.885,67.030,67.175,67.321,67.467,67.613,67.760,67.907,68.054,68.202,68.350,68.498,68.647,68.796,68.946,69.096,69.246,69.397,69.548,69.700,69.851,70.004,70.157,70.310,70.463,70.617,70.772,70.927,71.082,71.238,71.394,71.550,71.707,71.865,72.023,72.181,72.340,72.499,72.659,72.819,72.980,73.141,73.303,73.465,73.628,73.791,73.954,74.118,74.283,74.448,74.614,74.780,74.947,75.114,75.282,75.450,75.619,75.789,75.959,76.129,76.300,76.472,76.645,76.817,76.991,77.165,77.340,77.515,77.691,77.868,78.045,78.223,78.401,78.580,78.760,78.941,79.122,79.304,79.486,79.670,79.854,80.038,80.224,80.410,80.597,80.784,80.973,81.162,81.352,81.543,81.734,81.927,82.120,82.314,82.509,82.704,82.901,83.098,83.297,83.496,83.696,83.897,84.099,84.302,84.506,84.711,84.917,85.124,85.332,85.541,85.751,85.962,86.174,86.388,86.602,86.818,87.034,87.252,87.471,87.692,87.913,88.136,88.360,88.586,88.812,89.040,89.270,89.501,89.733,89.967,90.202,90.439,90.677,90.917,91.158,91.401,91.646,91.892,92.140,92.390,92.642,92.895,93.151,93.408,93.668,93.929,94.192,94.458,94.726,94.996,95.268,95.542,95.819,96.099,96.312,96.444,96.576,96.708,96.839,96.970,97.100,97.230,97.359,97.488,97.617,97.745,97.872,97.999,98.126,98.252,98.377,98.502,98.627,98.751,98.875,98.998,99.120,99.242,99.364,99.485,99.606,99.726,99.845,99.964,100.083,100.201,100.319,100.436,100.552,100.668,100.783,100.898,101.013,101.127,101.240,101.353,101.465,101.577,101.689,101.799,101.910,102.020,102.129,102.238,102.346,102.454,102.561,102.668,102.774,102.880,102.985,103.090,103.194,103.298,103.402,103.505,103.607,103.709,103.810,103.911,104.012,104.112,104.212,104.311,104.410,104.508,104.606,104.704,104.801,104.898,104.994,105.090,105.185,105.280,105.375,105.469,105.563,105.657,105.750,105.843,105.936,106.028,106.120,106.211,106.302,106.393,106.484,106.574,106.664,106.754,106.843,106.933,107.022,107.110,107.199,107.287,107.375,107.463,107.551,107.638,107.725,107.812,107.899,107.986,108.073,108.159,108.246,108.332,108.418,108.504,108.590,108.676,108.762,108.848,108.934,109.019,109.105,109.191,109.277,109.362,109.448,109.534,109.620,109.706,109.792,109.878,109.965,110.051,110.138,110.224,110.311,110.398,110.486,110.573,110.661,110.749,110.837,110.925,111.014,111.103,111.192,111.282,111.372,111.463,111.553,111.644,111.736,111.828,111.920,112.013,112.106,112.200,112.295,112.390,112.485,112.581,112.677,112.775,112.872,112.971,113.070,113.170,113.270,113.371,113.473,113.576,113.680,113.784,113.889,113.995,114.102,114.210,114.318,114.428,114.539,114.650,114.763,114.877,114.992,115.108,115.225,115.343,115.463,115.583,115.705,115.829,115.953,116.079,116.206,116.335,116.466,116.597,116.731,116.866,117.002,117.141,117.281,117.422,117.566,117.711,117.859,118.008,118.159,118.313,118.469,118.626,118.786,118.949,119.114,119.281,119.451,119.623,119.799,119.977,120.000,120.000,120.000,120.000,120.000,120.000,120.000,120.000,120.000,120.000,120.000,120.000,120.000,120.000,120.000,120.000,120.000,120.000,120.000,120.000,120.000,120.000,120.000,120.000,120.000,120.000,120.000,120.000,120.000,120.000,120.000,120.000,120.000,120.000,120.000,120.000,120.000,120.000,120.000,120.000,120.000,120.000,120.000,120.000,120.000,120.000,120.000,120.000,120.000,120.000,120.000,120.000,120.000,120.000,120.000,120.000,120.000,120.000,120.000,120.000,120.000,120.000,120.000,120.000,120.000,120.000,120.000,120.000,120.000,120.000,120.000,120.000,120.000
60.956,61.088,61.220,61.353,61.485,61.618,61.751,61.885,62.019,62.153,62.287,62.421,62.556,62.691,62.827,62.962,63.098,63.235,63.371,63.508,63.645,63.783,63.920,64.058,64.197,64.335,64.474,64.614,64.753,64.893,65.033,65.174,65.315,65.456,65.597,65.739,65.881,66.024,66.166,66.309,66.453,66.597,66.741,66.885,67.030,67.175,67.321,67.467,67.613,67.760,67.907,68.054,68.202,68.350,68.498,68.647,68.796,68.946,69.096,69.246,69.397,69.548,69.700,69.852,70.004,70.157,70.310,70.463,70.617,70.772,70.927,71.082,71.238,71.394,71.550,71.707,71.865,72.023,72.181,72.340,72.499,72.659,72.819,72.980,73.141,73.303,73.465,73.628,73.791,73.954,74.119,74.283,74.448,74.614,74.780,74.947,75.114,75.282,75.450,75.619,75.789,75.959,76.129,76.301,76.472,76.645,76.818,76.991,77.165,77.340,77.515,77.691,77.868,78.045,78.223,78.401,78.581,78.760,78.941,79.122,79.304,79.486,79.670,79.854,80.038,80.224,80.410,80.597,80.785,80.973,81.162,81.352,81.543,81.734,81.927,82.120,82.314,82.509,82.705,82.901,83.099,83.297,83.496,83.696,83.897,84.100,84.302,84.506,84.711,84.917,85.124,85.332,85.541,85.751,85.962,86.175,86.388,86.602,86.818,87.035,87.253,87.472,87.692,87.914,88.136,88.360,88.586,88.813,89.041,89.270,89.501,89.733,89.967,90.202,90.439,90.677,90.917,91.158,91.401,91.646,91.892,92.141,92.390,92.642,92.896,93.151,93.408,93.668,93.929,94.193,94.458,94.726,94.996,95.268,95.543,95.820,96.099,96.381,96.666,96.953,97.243,97.536,97.832,98.131,98.382,98.513,98.643,98.773,98.903,99.032,99.160,99.288,99.416,99.543,99.669,99.795,99.920,100.045,100.170,100.294,100.417,100.540,100.662,100.784,100.905,101.026,101.146,101.266,101.385,101.503,101.621,101.739,101.856,101.972,102.088,102.203,102.318,102.432,102.546,102.659,102.772,102.884,102.995,103.107,103.217,103.327,103.437,103.546,103.654,103.762,103.869,103.976,104.083,104.188,104.294,104.399,104.503,104.607,104.710,104.813,104.916,105.018,105.119,105.220,105.321,105.421,105.520,105.619,105.718,105.816,105.914,106.012,106.109,106.205,106.301,106.397,106.492,106.587,106.682,106.776,106.870,106.963,107.056,107.149,107.241,107.333,107.425,107.516,107.607,107.698,107.788,107.878,107.968,108.058,108.147,108.236,108.325,108.413,108.501,108.589,108.677,108.765,108.852,108.939,109.026,109.113,109.200,109.287,109.373,109.459,109.545,109.631,109.717,109.803,109.889,109.975,110.061,110.146,110.232,110.318,110.403,110.489,110.574,110.660,110.746,110.832,110.917,111.003,111.089,111.175,111.262,111.348,111.435,111.521,111.608,111.695,111.783,111.870,111.958,112.046,112.134,112.223,112.311,112.401,112.490,112.580,112.670,112.761,112.852,112.943,113.035,113.127,113.220,113.313,113.407,113.501,113.596,113.691,113.787,113.883,113.980,114.078,114.176,114.275,114.375,114.476,114.577,114.679,114.781,114.885,114.989,115.095,115.201,115.308,115.416,115.524,115.634,115.745,115.857,115.970,116.084,116.199,116.316,116.433,116.552,116.672,116.793,116.915,117.039,117.165,117.291,117.419,117.549,117.680,117.813,117.947,118.083,118.221,118.360,118.502,118.645,118.790,118.937,119.086,119.237,119.390,119.545,119.703,119.863,120.000,120.000,120.000,120.000,120.000,120.000,120.000,120.000,120.000,120.000,120.000,120.000,120.000,120.000,120.000,120.000,120.000,120.000,120.000,120.000,120.000,120.000,120.000,120.000,120.000,120.000,120.000,120.000,120.000,120.000,120.000,120.000,120.000,120.000,120.000,120.000,120.000,120.000,120.000,120.000,120.000,120.000,120.000,120.000,120.000,120.000,120.000,120.000,120.000,120.000,120.000,120.000,120.000,120.000,120.000,120.000,120.000,120.000,120.000,120.000,120.000,120.000,120.000,120.000,120.000,120.000,120.000,120.000,120.000,120.000,120.000,120.000,120.000,120.000,120.000,120.000,120.000,120.000,120.000,120.000,120.000
60.957,61.088,61.221,61.353,61.485,61.618,61.752,61.885,62.019,62.153,62.287,62.422,62.556,62.691,62.827,62.963,63.098,63.235,63.371,63.508,63.645,63.783,63.920,64.058,64.197,64.335,64.474,64.614,64.753,64.893,65.033,65.174,65.315,65.456,65.597,65.739,65.881,66.024,66.166,66.309,66.453,66.597,66.741,66.885,67.030,67.175,67.321,67.467,67.613,67.760,67.907,68.054,68.202,68.350,68.498,68.647,68.796,68.946,69.096,69.246,69.397,69.548,69.700,69.852,70.004,70.157,70.310,70.464,70.618,70.772,70.927,71.082,71.238,71.394,71.551,71.708,71.865,72.023,72.181,72.340,72.499,72.659,72.819,72.980,73.141,73.303,73.465,73.628,73.791,73.955,74.119,74.283,74.448,74.614,74.780,74.947,75.114,75.282,75.451,75.619,75.789,75.959,76.130,76.301,76.472,76.645,76.818,76.991,77.165,77.340,77.515,77.691,77.868,78.045,78.223,78.401,78.581,78.760,78.941,79.122,79.304,79.487,79.670,79.854,80.039,80.224,80.410,80.597,80.785,80.973,81.162,81.352,81.543,81.735,81.927,82.120,82.314,82.509,82.705,82.901,83.099,83.297,83.496,83.697,83.898,84.100,84.303,84.507,84.712,84.917,85.124,85.332,85.541,85.751,85.963,86.175,86.388,86.602,86.818,87.035,87.253,87.472,87.692,87.914,88.137,88.361,88.586,88.813,89.041,89.270,89.501,89.733,89.967,90.202,90.439,90.677,90.917,91.159,91.402,91.646,91.893,92.141,92.391,92.642,92.896,93.151,93.409,93.668,93.930,94.193,94.459,94.726,94.996,95.269,95.543,95.820,96.100,96.382,96.666,96.954,97.244,97.536,97.832,98.131,98.433,98.738,99.047,99.359,99.674,99.993,100.307,100.437,100.565,100.694,100.821,100.948,101.075,101.201,101.326,101.451,101.576,101.700,101.823,101.946,102.068,102.190,102.311,102.431,102.551,102.671,102.789,102.908,103.026,103.143,103.259,103.375,103.491,103.606,103.720,103.834,103.948,104.060,104.173,104.284,104.395,104.506,104.616,104.725,104.834,104.943,105.051,105.158,105.265,105.371,105.477,105.582,105.687,105.791,105.895,105.998,106.101,106.204,106.305,106.407,106.507,106.608,106.708,106.807,106.906,107.005,107.103,107.200,107.297,107.394,107.490,107.586,107.682,107.777,107.872,107.966,108.060,108.153,108.246,108.339,108.432,108.524,108.615,108.707,108.798,108.889,108.979,109.069,109.159,109.249,109.338,109.427,109.516,109.604,109.692,109.780,109.868,109.956,110.043,110.130,110.217,110.304,110.391,110.477,110.563,110.650,110.736,110.822,110.908,110.993,111.079,111.165,111.250,111.336,111.422,111.507,111.593,111.678,111.764,111.849,111.935,112.020,112.106,112.192,112.278,112.364,112.450,112.536,112.623,112.709,112.796,112.883,112.970,113.058,113.145,113.233,113.321,113.410,113.498,113.587,113.677,113.766,113.857,113.947,114.038,114.129,114.221,114.313,114.406,114.499,114.593,114.687,114.782,114.877,114.973,115.069,115.166,115.264,115.362,115.462,115.561,115.662,115.763,115.865,115.968,116.072,116.177,116.282,116.388,116.496,116.604,116.713,116.823,116.934,117.047,117.160,117.275,117.390,117.507,117.625,117.745,117.865,117.987,118.111,118.235,118.361,118.489,118.618,118.749,118.881,119.015,119.150,119.288,119.427,119.568,119.710,119.855,120.000,120.000,120.000,120.000,120.000,120.000,120.000,120.000,120.000,120.000,120.000,120.000,120.000,120.000,120.000,120.000,120.000,120.000,120.000,120.000,120.000,120.000,120.000,120.000,120.000,120.000,120.000,120.000,120.000,120.000,120.000,120.000,120.000,120.000,120.000,120.000,120.000,120.000,120.000,120.000,120.000,120.000,120.000,120.000,120.000,120.000,120.000,120.000,120.000,120.000,120.000,120.000,120.000,120.000,120.000,120.000,120.000,120.000,120.000,120.000,120.000,120.000,120.000,120.000,120.000,120.000,120.000,120.000,120.000,120.000,120.000,120.000,120.000,120.000,120.000,120.000,120.000,120.000,120.000,120.000,120.000,120.000,120.000,120.000,120.000,120.000,120.000,120.000,120.000
60.957,61.088,61.221,61.353,61.486,61.618,61.752,61.885,62.019,62.153,62.287,62.422,62.556,62.692,62.827,62.963,63.099,63.235,63.371,63.508,63.645,63.783,63.920,64.059,64.197,64.335,64.474,64.614,64.753,64.893,65.033,65.174,65.315,65.456,65.597,65.739,65.881,66.024,66.166,66.310,66.453,66.597,66.741,66.885,67.030,67.175,67.321,67.467,67.613,67.760,67.907,68.054,68.202,68.350,68.498,68.647,68.796,68.946,69.096,69.246,69.397,69.548,69.700,69.852,70.004,70.157,70.310,70.464,70.618,70.772,70.927,71.082,71.238,71.394,71.551,71.708,71.865,72.023,72.181,72.340,72.500,72.659,72.819,72.980,73.141,73.303,73.465,73.628,73.791,73.955,74.119,74.283,74.449,74.614,74.780,74.947,75.114,75.282,75.451,75.620,75.789,75.959,76.130,76.301,76.473,76.645,76.818,76.991,77.165,77.340,77.515,77.691,77.868,78.045,78.223,78.402,78.581,78.761,78.941,79.122,79.304,79.487,79.670,79.854,80.039,80.224,80.410,80.597,80.785,80.973,81.162,81.352,81.543,81.735,81.927,82.120,82.314,82.509,82.705,82.901,83.099,83.297,83.496,83.697,83.898,84.100,84.303,84.507,84.712,84.918,85.125,85.333,85.542,85.752,85.963,86.175,86.388,86.603,86.818,87.035,87.253,87.472,87.692,87.914,88.137,88.361,88.586,88.813,89.041,89.271,89.501,89.734,89.967,90.203,90.439,90.678,90.917,91.159,91.402,91.647,91.893,92.141,92.391,92.643,92.896,93.152,93.409,93.668,93.930,94.193,94.459,94.727,94.997,95.269,95.543,95.820,96.100,96.382,96.667,96.954,97.244,97.537,97.833,98.132,98.434,98.739,99.047,99.359,99.674,99.993,100.316,100.643,100.974,101.309,101.649,101.993,102.213,102.340,102.467,102.593,102.718,102.843,102.967,103.090,103.213,103.336,103.458,103.579,103.700,103.820,103.940,104.059,104.177,104.295,104.412,104.529,104.645,104.760,104.875,104.990,105.104,105.217,105.330,105.442,105.553,105.665,105.775,105.885,105.994,106.103,106.211,106.319,106.426,106.533,106.639,106.745,106.850,106.954,107.059,107.162,107.265,107.368,107.470,107.571,107.672,107.773,107.873,107.972,108.072,108.170,108.268,108.366,108.464,108.560,108.657,108.753,108.848,108.944,109.038,109.133,109.227,109.320,109.414,109.506,109.599,109.691,109.783,109.874,109.965,110.056,110.146,110.237,110.326,110.416,110.505,110.594,110.683,110.771,110.860,110.948,111.035,111.123,111.210,111.297,111.384,111.471,111.558,111.644,111.730,111.817,111.903,111.989,112.074,112.160,112.246,112.331,112.417,112.502,112.588,112.673,112.759,112.844,112.930,113.015,113.101,113.186,113.272,113.358,113.443,113.529,113.615,113.702,113.788,113.875,113.961,114.048,114.135,114.223,114.310,114.398,114.486,114.575,114.663,114.752,114.842,114.931,115.022,115.112,115.203,115.294,115.386,115.478,115.571,115.664,115.758,115.852,115.947,116.042,116.138,116.235,116.332,116.430,116.529,116.628,116.728,116.829,116.931,117.033,117.136,117.240,117.345,117.451,117.558,117.665,117.774,117.884,117.995,118.106,118.219,118.333,118.448,118.565,118.682,118.801,118.922,119.043,119.166,119.290,119.416,119.543,119.672,119.802,119.934,120.000,120.000,120.000,120.000,120.000,120.000,120.000,120.000,120.000,120.000,120.000,120.000,120.000,120.000,120.000,120.000,120.000,120.000,120.000,120.000,120.000,120.000,120.000,120.000,120.000,120.000,120.000,120.000,120.000,120.000,120.000,120.000,120.000,120.000,120.000,120.000,120.000,120.000,120.000,120.000,120.000,120.000,120.000,120.000,120.000,120.000,120.000,120.000,120.000,120.000,120.000,120.000,120.000,120.000,120.000,120.000,120.000,120.000,120.000,120.000,120.000,120.000,120.000,120.000,120.000,120.000,120.000,120.000,120.000,120.000,120.000,120.000,120.000,120.000,120.000,120.000,120.000,120.000,120.000,120.000,120.000,120.000,120.000,120.000,120.000,120.000,120.000,120.000,120.000,120.000,120.000,120.000,120.000,120.000,120.000,120.000,120.000
60.957,61.089,61.221,61.353,61.486,61.619,61.752,61.885,62.019,62.153,62.287,62.422,62.557,62.692,62.827,62.963,63.099,63.235,63.371,63.508,63.645,63.783,63.921,64.059,64.197,64.336,64.475,64.614,64.753,64.893,65.033,65.174,65.315,65.456,65.597,65.739,65.881,66.024,66.167,66.310,66.453,66.597,66.741,66.886,67.030,67.176,67.321,67.467,67.613,67.760,67.907,68.054,68.202,68.350,68.498,68.647,68.796,68.946,69.096,69.246,69.397,69.548,69.700,69.852,70.004,70.157,70.310,70.464,70.618,70.772,70.927,71.082,71.238,71.394,71.551,71.708,71.865,72.023,72.181,72.340,72.500,72.659,72.820,72.980,73.141,73.303,73.465,73.628,73.791,73.955,74.119,74.283,74.449,74.614,74.781,74.947,75.115,75.282,75.451,75.620,75.789,75.959,76.130,76.301,76.473,76.645,76.818,76.991,77.165,77.340,77.516,77.692,77.868,78.045,78.223,78.402,78.581,78.761,78.941,79.122,79.304,79.487,79.670,79.854,80.039,80.224,80.410,80.597,80.785,80.973,81.162,81.352,81.543,81.735,81.927,82.120,82.314,82.509,82.705,82.902,83.099,83.297,83.497,83.697,83.898,84.100,84.303,84.507,84.712,84.918,85.125,85.333,85.542,85.752,85.963,86.175,86.388,86.603,86.818,87.035,87.253,87.472,87.693,87.914,88.137,88.361,88.586,88.813,89.041,89.271,89.502,89.734,89.968,90.203,90.440,90.678,90.918,91.159,91.402,91.647,91.893,92.141,92.391,92.643,92.896,93.152,93.409,93.669,93.930,94.194,94.459,94.727,94.997,95.269,95.544,95.821,96.100,96.382,96.667,96.954,97.244,97.537,97.833,98.132,98.434,98.739,99.048,99.360,99.675,99.994,100.317,100.644,100.975,101.310,101.649,101.993,102.342,102.696,103.055,103.419,103.789,103.968,104.093,104.217,104.341,104.464,104.587,104.709,104.830,104.951,105.071,105.190,105.309,105.428,105.545,105.663,105.779,105.895,106.011,106.126,106.240,106.353,106.467,106.579,106.691,106.802,106.913,107.024,107.133,107.242,107.351,107.459,107.566,107.673,107.780,107.886,107.991,108.096,108.200,108.304,108.407,108.510,108.612,108.713,108.815,108.915,109.015,109.115,109.214,109.313,109.412,109.509,109.607,109.704,109.800,109.896,109.992,110.087,110.182,110.276,110.370,110.464,110.557,110.650,110.743,110.835,110.927,111.018,111.109,111.200,111.290,111.380,111.470,111.560,111.649,111.738,111.827,111.915,112.003,112.091,112.179,112.266,112.354,112.441,112.528,112.614,112.701,112.787,112.874,112.960,113.046,113.132,113.218,113.303,113.389,113.474,113.560,113.645,113.731,113.816,113.902,113.987,114.072,114.158,114.243,114.329,114.414,114.500,114.586,114.672,114.758,114.844,114.931,115.017,115.104,115.191,115.278,115.365,115.453,115.541,115.629,115.717,115.806,115.895,115.985,116.075,116.165,116.255,116.346,116.438,116.530,116.622,116.715,116.808,116.902,116.997,117.092,117.188,117.284,117.381,117.478,117.576,117.675,117.775,117.875,117.977,118.079,118.181,118.285,118.390,118.495,118.601,118.709,118.817,118.926,119.037,119.148,119.261,119.374,119.489,119.605,119.723,119.841,119.961,120.000,120.000,120.000,120.000,120.000,120.000,120.000,120.000,120.000,120.000,120.000,120.000,120.000,120.000,120.000,120.000,120.000,120.000,120.000,120.000,120.000,120.000,120.000,120.000,120.000,120.000,120.000,120.000,120.000,120.000,120.000,120.000,120.000,120.000,120.000,120.000,120.000,120.000,120.000,120.000,120.000,120.000,120.000,120.000,120.000,120.000,120.000,120.000,120.000,120.000,120.000,120.000,120.000,120.000,120.000,120.000,120.000,120.000,120.000,120.000,120.000,120.000,120.000,120.000,120.000,120.000,120.000,120.000,120.000,120.000,120.000,120.000,120.000,120.000,120.000,120.000,120.000,120.000,120.000,120.000,120.000,120.000,120.000,120.000,120.000,120.000,120.000,120.000,120.000,120.000,120.000,120.000,120.000,120.000,120.000,120.000,120.000,120.000,120.000,120.000,120.000,120.000,120.000,120.000,120.000,120.000
60.957,61.089,61.221,61.353,61.486,61.619,61.752,61.885,62.019,62.153,62.287,62.422,62.557,62.692,62.827,62.963,63.099,63.235,63.372,63.508,63.645,63.783,63.921,64.059,64.197,64.336,64.475,64.614,64.753,64.893,65.033,65.174,65.315,65.456,65.597,65.739,65.881,66.024,66.167,66.310,66.453,66.597,66.741,66.886,67.030,67.176,67.321,67.467,67.613,67.760,67.907,68.054,68.202,68.350,68.499,68.647,68.797,68.946,69.096,69.246,69.397,69.548,69.700,69.852,70.004,70.157,70.310,70.464,70.618,70.772,70.927,71.082,71.238,71.394,71.551,71.708,71.865,72.023,72.182,72.340,72.500,72.659,72.820,72.980,73.142,73.303,73.465,73.628,73.791,73.955,74.119,74.284,74.449,74.614,74.781,74.947,75.115,75.282,75.451,75.620,75.789,75.959,76.130,76.301,76.473,76.645,76.818,76.991,77.166,77.340,77.516,77.692,77.868,78.045,78.223,78.402,78.581,78.761,78.941,79.122,79.304,79.487,79.670,79.854,80.039,80.224,80.410,80.597,80.785,80.973,81.163,81.353,81.543,81.735,81.927,82.120,82.314,82.509,82.705,82.902,83.099,83.298,83.497,83.697,83.898,84.100,84.303,84.507,84.712,84.918,85.125,85.333,85.542,85.752,85.963,86.175,86.389,86.603,86.819,87.035,87.253,87.472,87.693,87.914,88.137,88.361,88.587,88.813,89.041,89.271,89.502,89.734,89.968,90.203,90.440,90.678,90.918,91.159,91.402,91.647,91.893,92.142,92.391,92.643,92.897,93.152,93.410,93.669,93.930,94.194,94.459,94.727,94.997,95.270,95.544,95.821,96.101,96.383,96.667,96.955,97.245,97.538,97.834,98.132,98.434,98.740,99.048,99.360,99.675,99.995,100.317,100.644,100.975,101.310,101.650,101.994,102.343,102.697,103.056,103.420,103.790,104.166,104.549,104.937,105.333,105.574,105.697,105.819,105.941,106.062,106.183,106.303,106.422,106.541,106.659,106.777,106.894,107.010,107.126,107.241,107.355,107.469,107.583,107.696,107.808,107.919,108.031,108.141,108.251,108.360,108.469,108.577,108.685,108.792,108.898,109.004,109.110,109.215,109.319,109.423,109.526,109.629,109.731,109.833,109.934,110.035,110.135,110.235,110.335,110.433,110.532,110.630,110.727,110.824,110.921,111.017,111.112,111.208,111.302,111.397,111.491,111.584,111.678,111.771,111.863,111.955,112.047,112.138,112.229,112.320,112.411,112.501,112.590,112.680,112.769,112.858,112.947,113.035,113.123,113.211,113.299,113.386,113.474,113.561,113.648,113.734,113.821,113.907,113.993,114.080,114.166,114.251,114.337,114.423,114.508,114.594,114.680,114.765,114.850,114.936,115.021,115.107,115.192,115.277,115.363,115.449,115.534,115.620,115.706,115.792,115.878,115.964,116.051,116.137,116.224,116.311,116.398,116.486,116.574,116.662,116.750,116.838,116.927,117.017,117.106,117.196,117.287,117.377,117.469,117.560,117.652,117.745,117.838,117.932,118.026,118.121,118.216,118.312,118.409,118.506,118.604,118.703,118.802,118.902,119.003,119.105,119.208,119.311,119.415,119.520,119.626,119.734,119.842,119.951,120.000,120.000,120.000,120.000,120.000,120.000,120.000,120.000,120.000,120.000,120.000,120.000,120.000,120.000,120.000,120.000,120.000,120.000,120.000,120.000,120.000,120.000,120.000,120.000,120.000,120.000,120.000,120.000,120.000,120.000,120.000,120.000,120.000,120.000,120.000,120.000,120.000,120.000,120.000,120.000,120.000,120.000,120.000,120.000,120.000,120.000,120.000,120.000,120.000,120.000,120.000,120.000,120.000,120.000,120.000,120.000,120.000,120.000,120.000,120.000,120.000,120.000,120.000,120.000,120.000,120.000,120.000,120.000,120.000,120.000,120.000,120.000,120.000,120.000,120.000,120.000,120.000,120.000,120.000,120.000,120.000,120.000,120.000,120.000,120.000,120.000,120.000,120.000,120.000,120.000,120.000,120.000,120.000,120.000,120.000,120.000,120.000,120.000,120.000,120.000,120.000,120.000,120.000,120.000,120.000,120.000,120.000,120.000,120.000,120.000,120.000,120.000,120.000,120.000,120.000,120.000
60.957,61.089,61.221,61.353,61.486,61.619,61.752,61.885,62.019,62.153,62.287,62.422,62.557,62.692,62.827,62.963,63.099,63.235,63.372,63.508,63.646,63.783,63.921,64.059,64.197,64.336,64.475,64.614,64.753,64.893,65.034,65.174,65.315,65.456,65.598,65.739,65.881,66.024,66.167,66.310,66.453,66.597,66.741,66.886,67.031,67.176,67.321,67.467,67.613,67.760,67.907,68.054,68.202,68.350,68.499,68.647,68.797,68.946,69.096,69.247,69.397,69.548,69.700,69.852,70.004,70.157,70.310,70.464,70.618,70.772,70.927,71.082,71.238,71.394,71.551,71.708,71.865,72.023,72.182,72.340,72.500,72.660,72.820,72.980,73.142,73.303,73.465,73.628,73.791,73.955,74.119,74.284,74.449,74.615,74.781,74.947,75.115,75.283,75.451,75.620,75.789,75.959,76.130,76.301,76.473,76.645,76.818,76.992,77.166,77.340,77.516,77.692,77.868,78.046,78.223,78.402,78.581,78.761,78.941,79.123,79.304,79.487,79.670,79.854,80.039,80.224,80.411,80.597,80.785,80.974,81.163,81.353,81.543,81.735,81.927,82.121,82.315,82.509,82.705,82.902,83.099,83.298,83.497,83.697,83.898,84.100,84.303,84.507,84.712,84.918,85.125,85.333,85.542,85.752,85.963,86.175,86.389,86.603,86.819,87.035,87.253,87.473,87.693,87.914,88.137,88.361,88.587,88.814,89.042,89.271,89.502,89.734,89.968,90.203,90.440,90.678,90.918,91.159,91.403,91.647,91.894,92.142,92.392,92.643,92.897,93.153,93.410,93.669,93.931,94.194,94.460,94.728,94.998,95.270,95.544,95.822,96.101,96.383,96.668,96.955,97.245,97.538,97.834,98.133,98.435,98.740,99.049,99.361,99.676,99.995,100.318,100.645,100.976,101.311,101.650,101.995,102.344,102.697,103.056,103.421,103.791,104.167,104.549,104.938,105.334,105.737,106.148,106.567,106.995,107.154,107.275,107.396,107.515,107.634,107.753,107.871,107.988,108.105,108.221,108.336,108.451,108.565,108.678,108.791,108.904,109.016,109.127,109.237,109.347,109.457,109.566,109.674,109.782,109.889,109.996,110.102,110.207,110.312,110.417,110.520,110.624,110.727,110.829,110.931,111.032,111.133,111.233,111.333,111.432,111.531,111.629,111.727,111.825,111.922,112.018,112.114,112.210,112.305,112.400,112.494,112.588,112.682,112.775,112.868,112.960,113.052,113.144,113.235,113.327,113.417,113.508,113.598,113.687,113.777,113.866,113.955,114.044,114.132,114.220,114.308,114.396,114.483,114.570,114.657,114.744,114.831,114.918,115.004,115.090,115.176,115.262,115.348,115.434,115.520,115.605,115.691,115.776,115.862,115.947,116.033,116.118,116.204,116.289,116.375,116.460,116.546,116.632,116.717,116.803,116.889,116.976,117.062,117.149,117.235,117.322,117.409,117.497,117.584,117.672,117.761,117.849,117.938,118.027,118.117,118.206,118.297,118.387,118.478,118.570,118.662,118.754,118.847,118.941,119.035,119.130,119.225,119.321,119.417,119.514,119.612,119.711,119.810,119.910,120.000,120.000,120.000,120.000,120.000,120.000,120.000,120.000,120.000,120.000,120.000,120.000,120.000,120.000,120.000,120.000,120.000,120.000,120.000,120.000,120.000,120.000,120.000,120.000,120.000,120.000,120.000,120.000,120.000,120.000,120.000,120.000,120.000,120.000,120.000,120.000,120.000,120.000,120.000,120.000,120.000,120.000,120.000,120.000,120.000,120.000,120.000,120.000,120.000,120.000,120.000,120.000,120.000,120.000,120.000,120.000,120.000,120.000,120.000,120.000,120.000,120.000,120.000,120.000,120.000,120.000,120.000,120.000,120.000,120.000,120.000,120.000,120.000,120.000,120.000,120.000,120.000,120.000,120.000,120.000,120.000,120.000,120.000,120.000,120.000,120.000,120.000,120.000,120.000,120.000,120.000,120.000,120.000,120.000,120.000,120.000,120.000,120.000,120.000,120.000,120.000,120.000,120.000,120.000,120.000,120.000,120.000,120.000,120.000,120.000,120.000,120.000,120.000,120.000,120.000,120.000,120.000,120.000,120.000,120.000,120.000,120.000,120.000,120.000,120.000,120.000,120.000
